First ID,Loci typed,Second ID,Loci typed,Matching loci,Mismatching loci,pID,pIDsib,Status
1,16,10,16,4,12, 0.00000000000000E+0000, 0.00000000000000E+0000,Excluded
1,16,102,16,2,14, 0.00000000000000E+0000, 0.00000000000000E+0000,Excluded
1,16,105,16,2,14, 0.00000000000000E+0000, 0.00000000000000E+0000,Excluded
1,16,106,16,3,13, 0.00000000000000E+0000, 0.00000000000000E+0000,Excluded
1,16,108,16,4,12, 0.00000000000000E+0000, 0.00000000000000E+0000,Excluded
1,16,109,16,0,16, 0.00000000000000E+0000, 0.00000000000000E+0000,Excluded
1,16,11,16,3,13, 0.00000000000000E+0000, 0.00000000000000E+0000,Excluded
1,16,112,16,4,12, 0.00000000000000E+0000, 0.00000000000000E+0000,Excluded
1,16,115,16,2,14, 0.00000000000000E+0000, 0.00000000000000E+0000,Excluded
1,16,116,16,3,13, 0.00000000000000E+0000, 0.00000000000000E+0000,Excluded
1,16,117,16,7,9, 0.00000000000000E+0000, 0.00000000000000E+0000,Excluded
1,16,12,16,5,11, 0.00000000000000E+0000, 0.00000000000000E+0000,Excluded
1,16,129,16,5,11, 0.00000000000000E+0000, 0.00000000000000E+0000,Excluded
1,16,132,16,5,11, 0.00000000000000E+0000, 0.00000000000000E+0000,Excluded
1,16,137,15,4,11, 0.00000000000000E+0000, 0.00000000000000E+0000,Excluded
1,16,139,16,1,15, 0.00000000000000E+0000, 0.00000000000000E+0000,Excluded
1,16,140,16,1,15, 0.00000000000000E+0000, 0.00000000000000E+0000,Excluded
1,16,142,16,5,11, 0.00000000000000E+0000, 0.00000000000000E+0000,Excluded
1,16,144,16,2,14, 0.00000000000000E+0000, 0.00000000000000E+0000,Excluded
1,16,145,16,4,12, 0.00000000000000E+0000, 0.00000000000000E+0000,Excluded
1,16,147,16,5,11, 0.00000000000000E+0000, 0.00000000000000E+0000,Excluded
1,16,157,16,3,13, 0.00000000000000E+0000, 0.00000000000000E+0000,Excluded
1,16,16,15,6,9, 0.00000000000000E+0000, 0.00000000000000E+0000,Excluded
1,16,160,16,6,10, 0.00000000000000E+0000, 0.00000000000000E+0000,Excluded
1,16,162,16,4,12, 0.00000000000000E+0000, 0.00000000000000E+0000,Excluded
1,16,166,16,3,13, 0.00000000000000E+0000, 0.00000000000000E+0000,Excluded
1,16,177,16,1,15, 0.00000000000000E+0000, 0.00000000000000E+0000,Excluded
1,16,178,16,3,13, 0.00000000000000E+0000, 0.00000000000000E+0000,Excluded
1,16,18,16,5,11, 0.00000000000000E+0000, 0.00000000000000E+0000,Excluded
1,16,186,16,6,10, 0.00000000000000E+0000, 0.00000000000000E+0000,Excluded
1,16,189,16,4,12, 0.00000000000000E+0000, 0.00000000000000E+0000,Excluded
1,16,19,16,4,12, 0.00000000000000E+0000, 0.00000000000000E+0000,Excluded
1,16,190,16,6,10, 0.00000000000000E+0000, 0.00000000000000E+0000,Excluded
1,16,191,16,2,14, 0.00000000000000E+0000, 0.00000000000000E+0000,Excluded
1,16,193,16,4,12, 0.00000000000000E+0000, 0.00000000000000E+0000,Excluded
1,16,204,16,4,12, 0.00000000000000E+0000, 0.00000000000000E+0000,Excluded
1,16,21,15,7,8, 0.00000000000000E+0000, 0.00000000000000E+0000,Excluded
1,16,211,16,5,11, 0.00000000000000E+0000, 0.00000000000000E+0000,Excluded
1,16,216,16,3,13, 0.00000000000000E+0000, 0.00000000000000E+0000,Excluded
1,16,222,16,4,12, 0.00000000000000E+0000, 0.00000000000000E+0000,Excluded
1,16,224,16,4,12, 0.00000000000000E+0000, 0.00000000000000E+0000,Excluded
1,16,226,16,3,13, 0.00000000000000E+0000, 0.00000000000000E+0000,Excluded
1,16,23,15,4,11, 0.00000000000000E+0000, 0.00000000000000E+0000,Excluded
1,16,230,16,5,11, 0.00000000000000E+0000, 0.00000000000000E+0000,Excluded
1,16,232,16,4,12, 0.00000000000000E+0000, 0.00000000000000E+0000,Excluded
1,16,238,16,0,16, 0.00000000000000E+0000, 0.00000000000000E+0000,Excluded
1,16,24,15,2,13, 0.00000000000000E+0000, 0.00000000000000E+0000,Excluded
1,16,242,16,5,11, 0.00000000000000E+0000, 0.00000000000000E+0000,Excluded
1,16,243,16,2,14, 0.00000000000000E+0000, 0.00000000000000E+0000,Excluded
1,16,244,16,7,9, 0.00000000000000E+0000, 0.00000000000000E+0000,Excluded
1,16,25,15,4,11, 0.00000000000000E+0000, 0.00000000000000E+0000,Excluded
1,16,251,16,5,11, 0.00000000000000E+0000, 0.00000000000000E+0000,Excluded
1,16,26,16,5,11, 0.00000000000000E+0000, 0.00000000000000E+0000,Excluded
1,16,266,16,2,14, 0.00000000000000E+0000, 0.00000000000000E+0000,Excluded
1,16,267,16,4,12, 0.00000000000000E+0000, 0.00000000000000E+0000,Excluded
1,16,268,16,3,13, 0.00000000000000E+0000, 0.00000000000000E+0000,Excluded
1,16,270,16,4,12, 0.00000000000000E+0000, 0.00000000000000E+0000,Excluded
1,16,276,16,3,13, 0.00000000000000E+0000, 0.00000000000000E+0000,Excluded
1,16,28,16,4,12, 0.00000000000000E+0000, 0.00000000000000E+0000,Excluded
1,16,29,16,6,10, 0.00000000000000E+0000, 0.00000000000000E+0000,Excluded
1,16,298,15,3,12, 0.00000000000000E+0000, 0.00000000000000E+0000,Excluded
1,16,3,16,5,11, 0.00000000000000E+0000, 0.00000000000000E+0000,Excluded
1,16,30,16,5,11, 0.00000000000000E+0000, 0.00000000000000E+0000,Excluded
1,16,306,16,4,12, 0.00000000000000E+0000, 0.00000000000000E+0000,Excluded
1,16,308,16,4,12, 0.00000000000000E+0000, 0.00000000000000E+0000,Excluded
1,16,311,15,4,11, 0.00000000000000E+0000, 0.00000000000000E+0000,Excluded
1,16,323,16,5,11, 0.00000000000000E+0000, 0.00000000000000E+0000,Excluded
1,16,327,16,5,11, 0.00000000000000E+0000, 0.00000000000000E+0000,Excluded
1,16,33,16,5,11, 0.00000000000000E+0000, 0.00000000000000E+0000,Excluded
1,16,334,16,4,12, 0.00000000000000E+0000, 0.00000000000000E+0000,Excluded
1,16,338,16,3,13, 0.00000000000000E+0000, 0.00000000000000E+0000,Excluded
1,16,341,16,7,9, 0.00000000000000E+0000, 0.00000000000000E+0000,Excluded
1,16,346,16,4,12, 0.00000000000000E+0000, 0.00000000000000E+0000,Excluded
1,16,348,16,2,14, 0.00000000000000E+0000, 0.00000000000000E+0000,Excluded
1,16,351,16,7,9, 0.00000000000000E+0000, 0.00000000000000E+0000,Excluded
1,16,362,16,4,12, 0.00000000000000E+0000, 0.00000000000000E+0000,Excluded
1,16,364,16,8,8, 0.00000000000000E+0000, 0.00000000000000E+0000,Excluded
1,16,366,16,2,14, 0.00000000000000E+0000, 0.00000000000000E+0000,Excluded
1,16,37,16,4,12, 0.00000000000000E+0000, 0.00000000000000E+0000,Excluded
1,16,376,16,6,10, 0.00000000000000E+0000, 0.00000000000000E+0000,Excluded
1,16,377,15,4,11, 0.00000000000000E+0000, 0.00000000000000E+0000,Excluded
1,16,378,16,6,10, 0.00000000000000E+0000, 0.00000000000000E+0000,Excluded
1,16,38,16,3,13, 0.00000000000000E+0000, 0.00000000000000E+0000,Excluded
1,16,388,16,5,11, 0.00000000000000E+0000, 0.00000000000000E+0000,Excluded
1,16,391,16,4,12, 0.00000000000000E+0000, 0.00000000000000E+0000,Excluded
1,16,396,13,3,10, 0.00000000000000E+0000, 0.00000000000000E+0000,Excluded
1,16,4,16,5,11, 0.00000000000000E+0000, 0.00000000000000E+0000,Excluded
1,16,400,13,1,12, 0.00000000000000E+0000, 0.00000000000000E+0000,Excluded
1,16,401,16,4,12, 0.00000000000000E+0000, 0.00000000000000E+0000,Excluded
1,16,406,16,6,10, 0.00000000000000E+0000, 0.00000000000000E+0000,Excluded
1,16,412,15,5,10, 0.00000000000000E+0000, 0.00000000000000E+0000,Excluded
1,16,413,16,2,14, 0.00000000000000E+0000, 0.00000000000000E+0000,Excluded
1,16,421,16,6,10, 0.00000000000000E+0000, 0.00000000000000E+0000,Excluded
1,16,423,16,4,12, 0.00000000000000E+0000, 0.00000000000000E+0000,Excluded
1,16,424,16,6,10, 0.00000000000000E+0000, 0.00000000000000E+0000,Excluded
1,16,426,16,6,10, 0.00000000000000E+0000, 0.00000000000000E+0000,Excluded
1,16,43,16,3,13, 0.00000000000000E+0000, 0.00000000000000E+0000,Excluded
1,16,430,14,3,11, 0.00000000000000E+0000, 0.00000000000000E+0000,Excluded
1,16,435,16,4,12, 0.00000000000000E+0000, 0.00000000000000E+0000,Excluded
1,16,44,16,3,13, 0.00000000000000E+0000, 0.00000000000000E+0000,Excluded
1,16,461,16,5,11, 0.00000000000000E+0000, 0.00000000000000E+0000,Excluded
1,16,476,16,2,14, 0.00000000000000E+0000, 0.00000000000000E+0000,Excluded
1,16,478,16,4,12, 0.00000000000000E+0000, 0.00000000000000E+0000,Excluded
1,16,48,16,6,10, 0.00000000000000E+0000, 0.00000000000000E+0000,Excluded
1,16,484,16,5,11, 0.00000000000000E+0000, 0.00000000000000E+0000,Excluded
1,16,489,16,5,11, 0.00000000000000E+0000, 0.00000000000000E+0000,Excluded
1,16,492,13,3,10, 0.00000000000000E+0000, 0.00000000000000E+0000,Excluded
1,16,493,16,1,15, 0.00000000000000E+0000, 0.00000000000000E+0000,Excluded
1,16,494,16,1,15, 0.00000000000000E+0000, 0.00000000000000E+0000,Excluded
1,16,500,16,3,13, 0.00000000000000E+0000, 0.00000000000000E+0000,Excluded
1,16,504,16,5,11, 0.00000000000000E+0000, 0.00000000000000E+0000,Excluded
1,16,506,16,2,14, 0.00000000000000E+0000, 0.00000000000000E+0000,Excluded
1,16,52,16,4,12, 0.00000000000000E+0000, 0.00000000000000E+0000,Excluded
1,16,55,16,4,12, 0.00000000000000E+0000, 0.00000000000000E+0000,Excluded
1,16,57,16,5,11, 0.00000000000000E+0000, 0.00000000000000E+0000,Excluded
1,16,59,16,3,13, 0.00000000000000E+0000, 0.00000000000000E+0000,Excluded
1,16,6,16,6,10, 0.00000000000000E+0000, 0.00000000000000E+0000,Excluded
1,16,60,16,5,11, 0.00000000000000E+0000, 0.00000000000000E+0000,Excluded
1,16,61,16,4,12, 0.00000000000000E+0000, 0.00000000000000E+0000,Excluded
1,16,62,16,5,11, 0.00000000000000E+0000, 0.00000000000000E+0000,Excluded
1,16,65,16,4,12, 0.00000000000000E+0000, 0.00000000000000E+0000,Excluded
1,16,73,16,3,13, 0.00000000000000E+0000, 0.00000000000000E+0000,Excluded
1,16,75,16,0,16, 0.00000000000000E+0000, 0.00000000000000E+0000,Excluded
1,16,76,16,3,13, 0.00000000000000E+0000, 0.00000000000000E+0000,Excluded
1,16,77,16,3,13, 0.00000000000000E+0000, 0.00000000000000E+0000,Excluded
1,16,78,16,2,14, 0.00000000000000E+0000, 0.00000000000000E+0000,Excluded
1,16,79,16,1,15, 0.00000000000000E+0000, 0.00000000000000E+0000,Excluded
1,16,8,16,4,12, 0.00000000000000E+0000, 0.00000000000000E+0000,Excluded
1,16,84,16,6,10, 0.00000000000000E+0000, 0.00000000000000E+0000,Excluded
1,16,85,16,3,13, 0.00000000000000E+0000, 0.00000000000000E+0000,Excluded
1,16,86,16,3,13, 0.00000000000000E+0000, 0.00000000000000E+0000,Excluded
1,16,89,16,6,10, 0.00000000000000E+0000, 0.00000000000000E+0000,Excluded
1,16,94,16,6,10, 0.00000000000000E+0000, 0.00000000000000E+0000,Excluded
1,16,95,16,4,12, 0.00000000000000E+0000, 0.00000000000000E+0000,Excluded
1,16,96,16,3,13, 0.00000000000000E+0000, 0.00000000000000E+0000,Excluded
1,16,98,16,3,13, 0.00000000000000E+0000, 0.00000000000000E+0000,Excluded
10,16,102,16,0,16, 0.00000000000000E+0000, 0.00000000000000E+0000,Excluded
10,16,105,16,2,14, 0.00000000000000E+0000, 0.00000000000000E+0000,Excluded
10,16,106,16,3,13, 0.00000000000000E+0000, 0.00000000000000E+0000,Excluded
10,16,108,16,2,14, 0.00000000000000E+0000, 0.00000000000000E+0000,Excluded
10,16,109,16,4,12, 0.00000000000000E+0000, 0.00000000000000E+0000,Excluded
10,16,11,16,2,14, 0.00000000000000E+0000, 0.00000000000000E+0000,Excluded
10,16,112,16,4,12, 0.00000000000000E+0000, 0.00000000000000E+0000,Excluded
10,16,115,16,5,11, 0.00000000000000E+0000, 0.00000000000000E+0000,Excluded
10,16,116,16,8,8, 0.00000000000000E+0000, 0.00000000000000E+0000,Excluded
10,16,117,16,8,8, 0.00000000000000E+0000, 0.00000000000000E+0000,Excluded
10,16,12,16,7,9, 0.00000000000000E+0000, 0.00000000000000E+0000,Excluded
10,16,129,16,7,9, 0.00000000000000E+0000, 0.00000000000000E+0000,Excluded
10,16,132,16,4,12, 0.00000000000000E+0000, 0.00000000000000E+0000,Excluded
10,16,137,15,4,11, 0.00000000000000E+0000, 0.00000000000000E+0000,Excluded
10,16,139,16,2,14, 0.00000000000000E+0000, 0.00000000000000E+0000,Excluded
10,16,140,16,3,13, 0.00000000000000E+0000, 0.00000000000000E+0000,Excluded
10,16,142,16,3,13, 0.00000000000000E+0000, 0.00000000000000E+0000,Excluded
10,16,144,16,2,14, 0.00000000000000E+0000, 0.00000000000000E+0000,Excluded
10,16,145,16,4,12, 0.00000000000000E+0000, 0.00000000000000E+0000,Excluded
10,16,147,16,2,14, 0.00000000000000E+0000, 0.00000000000000E+0000,Excluded
10,16,157,16,3,13, 0.00000000000000E+0000, 0.00000000000000E+0000,Excluded
10,16,16,15,3,12, 0.00000000000000E+0000, 0.00000000000000E+0000,Excluded
10,16,160,16,9,7, 0.00000000000000E+0000, 0.00000000000000E+0000,Excluded
10,16,162,16,6,10, 0.00000000000000E+0000, 0.00000000000000E+0000,Excluded
10,16,166,16,3,13, 0.00000000000000E+0000, 0.00000000000000E+0000,Excluded
10,16,177,16,3,13, 0.00000000000000E+0000, 0.00000000000000E+0000,Excluded
10,16,178,16,6,10, 0.00000000000000E+0000, 0.00000000000000E+0000,Excluded
10,16,18,16,3,13, 0.00000000000000E+0000, 0.00000000000000E+0000,Excluded
10,16,186,16,6,10, 0.00000000000000E+0000, 0.00000000000000E+0000,Excluded
10,16,189,16,5,11, 0.00000000000000E+0000, 0.00000000000000E+0000,Excluded
10,16,19,16,6,10, 0.00000000000000E+0000, 0.00000000000000E+0000,Excluded
10,16,190,16,6,10, 0.00000000000000E+0000, 0.00000000000000E+0000,Excluded
10,16,191,16,4,12, 0.00000000000000E+0000, 0.00000000000000E+0000,Excluded
10,16,193,16,3,13, 0.00000000000000E+0000, 0.00000000000000E+0000,Excluded
10,16,204,16,5,11, 0.00000000000000E+0000, 0.00000000000000E+0000,Excluded
10,16,21,15,5,10, 0.00000000000000E+0000, 0.00000000000000E+0000,Excluded
10,16,211,16,6,10, 0.00000000000000E+0000, 0.00000000000000E+0000,Excluded
10,16,216,16,3,13, 0.00000000000000E+0000, 0.00000000000000E+0000,Excluded
10,16,222,16,1,15, 0.00000000000000E+0000, 0.00000000000000E+0000,Excluded
10,16,224,16,4,12, 0.00000000000000E+0000, 0.00000000000000E+0000,Excluded
10,16,226,16,4,12, 0.00000000000000E+0000, 0.00000000000000E+0000,Excluded
10,16,23,15,5,10, 0.00000000000000E+0000, 0.00000000000000E+0000,Excluded
10,16,230,16,5,11, 0.00000000000000E+0000, 0.00000000000000E+0000,Excluded
10,16,232,16,4,12, 0.00000000000000E+0000, 0.00000000000000E+0000,Excluded
10,16,238,16,4,12, 0.00000000000000E+0000, 0.00000000000000E+0000,Excluded
10,16,24,15,4,11, 0.00000000000000E+0000, 0.00000000000000E+0000,Excluded
10,16,242,16,1,15, 0.00000000000000E+0000, 0.00000000000000E+0000,Excluded
10,16,243,16,3,13, 0.00000000000000E+0000, 0.00000000000000E+0000,Excluded
10,16,244,16,6,10, 0.00000000000000E+0000, 0.00000000000000E+0000,Excluded
10,16,25,15,3,12, 0.00000000000000E+0000, 0.00000000000000E+0000,Excluded
10,16,251,16,4,12, 0.00000000000000E+0000, 0.00000000000000E+0000,Excluded
10,16,26,16,7,9, 0.00000000000000E+0000, 0.00000000000000E+0000,Excluded
10,16,266,16,1,15, 0.00000000000000E+0000, 0.00000000000000E+0000,Excluded
10,16,267,16,3,13, 0.00000000000000E+0000, 0.00000000000000E+0000,Excluded
10,16,268,16,5,11, 0.00000000000000E+0000, 0.00000000000000E+0000,Excluded
10,16,270,16,6,10, 0.00000000000000E+0000, 0.00000000000000E+0000,Excluded
10,16,276,16,6,10, 0.00000000000000E+0000, 0.00000000000000E+0000,Excluded
10,16,28,16,6,10, 0.00000000000000E+0000, 0.00000000000000E+0000,Excluded
10,16,29,16,12,4, 0.00000000000000E+0000, 0.00000000000000E+0000,Excluded
10,16,298,15,1,14, 0.00000000000000E+0000, 0.00000000000000E+0000,Excluded
10,16,3,16,5,11, 0.00000000000000E+0000, 0.00000000000000E+0000,Excluded
10,16,30,16,8,8, 0.00000000000000E+0000, 0.00000000000000E+0000,Excluded
10,16,306,16,2,14, 0.00000000000000E+0000, 0.00000000000000E+0000,Excluded
10,16,308,16,3,13, 0.00000000000000E+0000, 0.00000000000000E+0000,Excluded
10,16,311,15,2,13, 0.00000000000000E+0000, 0.00000000000000E+0000,Excluded
10,16,323,16,6,10, 0.00000000000000E+0000, 0.00000000000000E+0000,Excluded
10,16,327,16,3,13, 0.00000000000000E+0000, 0.00000000000000E+0000,Excluded
10,16,33,16,2,14, 0.00000000000000E+0000, 0.00000000000000E+0000,Excluded
10,16,334,16,3,13, 0.00000000000000E+0000, 0.00000000000000E+0000,Excluded
10,16,338,16,4,12, 0.00000000000000E+0000, 0.00000000000000E+0000,Excluded
10,16,341,16,7,9, 0.00000000000000E+0000, 0.00000000000000E+0000,Excluded
10,16,346,16,6,10, 0.00000000000000E+0000, 0.00000000000000E+0000,Excluded
10,16,348,16,3,13, 0.00000000000000E+0000, 0.00000000000000E+0000,Excluded
10,16,351,16,4,12, 0.00000000000000E+0000, 0.00000000000000E+0000,Excluded
10,16,362,16,7,9, 0.00000000000000E+0000, 0.00000000000000E+0000,Excluded
10,16,364,16,4,12, 0.00000000000000E+0000, 0.00000000000000E+0000,Excluded
10,16,366,16,6,10, 0.00000000000000E+0000, 0.00000000000000E+0000,Excluded
10,16,37,16,4,12, 0.00000000000000E+0000, 0.00000000000000E+0000,Excluded
10,16,376,16,5,11, 0.00000000000000E+0000, 0.00000000000000E+0000,Excluded
10,16,377,15,5,10, 0.00000000000000E+0000, 0.00000000000000E+0000,Excluded
10,16,378,16,8,8, 0.00000000000000E+0000, 0.00000000000000E+0000,Excluded
10,16,38,16,4,12, 0.00000000000000E+0000, 0.00000000000000E+0000,Excluded
10,16,388,16,4,12, 0.00000000000000E+0000, 0.00000000000000E+0000,Excluded
10,16,391,16,2,14, 0.00000000000000E+0000, 0.00000000000000E+0000,Excluded
10,16,396,13,5,8, 0.00000000000000E+0000, 0.00000000000000E+0000,Excluded
10,16,4,16,4,12, 0.00000000000000E+0000, 0.00000000000000E+0000,Excluded
10,16,400,13,6,7, 0.00000000000000E+0000, 0.00000000000000E+0000,Excluded
10,16,401,16,5,11, 0.00000000000000E+0000, 0.00000000000000E+0000,Excluded
10,16,406,16,3,13, 0.00000000000000E+0000, 0.00000000000000E+0000,Excluded
10,16,412,15,5,10, 0.00000000000000E+0000, 0.00000000000000E+0000,Excluded
10,16,413,16,3,13, 0.00000000000000E+0000, 0.00000000000000E+0000,Excluded
10,16,421,16,2,14, 0.00000000000000E+0000, 0.00000000000000E+0000,Excluded
10,16,423,16,4,12, 0.00000000000000E+0000, 0.00000000000000E+0000,Excluded
10,16,424,16,4,12, 0.00000000000000E+0000, 0.00000000000000E+0000,Excluded
10,16,426,16,5,11, 0.00000000000000E+0000, 0.00000000000000E+0000,Excluded
10,16,43,16,8,8, 0.00000000000000E+0000, 0.00000000000000E+0000,Excluded
10,16,430,14,4,10, 0.00000000000000E+0000, 0.00000000000000E+0000,Excluded
10,16,435,16,4,12, 0.00000000000000E+0000, 0.00000000000000E+0000,Excluded
10,16,44,16,4,12, 0.00000000000000E+0000, 0.00000000000000E+0000,Excluded
10,16,461,16,4,12, 0.00000000000000E+0000, 0.00000000000000E+0000,Excluded
10,16,476,16,4,12, 0.00000000000000E+0000, 0.00000000000000E+0000,Excluded
10,16,478,16,5,11, 0.00000000000000E+0000, 0.00000000000000E+0000,Excluded
10,16,48,16,4,12, 0.00000000000000E+0000, 0.00000000000000E+0000,Excluded
10,16,484,16,3,13, 0.00000000000000E+0000, 0.00000000000000E+0000,Excluded
10,16,489,16,5,11, 0.00000000000000E+0000, 0.00000000000000E+0000,Excluded
10,16,492,13,2,11, 0.00000000000000E+0000, 0.00000000000000E+0000,Excluded
10,16,493,16,3,13, 0.00000000000000E+0000, 0.00000000000000E+0000,Excluded
10,16,494,16,2,14, 0.00000000000000E+0000, 0.00000000000000E+0000,Excluded
10,16,500,16,5,11, 0.00000000000000E+0000, 0.00000000000000E+0000,Excluded
10,16,504,16,3,13, 0.00000000000000E+0000, 0.00000000000000E+0000,Excluded
10,16,506,16,3,13, 0.00000000000000E+0000, 0.00000000000000E+0000,Excluded
10,16,52,16,7,9, 0.00000000000000E+0000, 0.00000000000000E+0000,Excluded
10,16,55,16,4,12, 0.00000000000000E+0000, 0.00000000000000E+0000,Excluded
10,16,57,16,4,12, 0.00000000000000E+0000, 0.00000000000000E+0000,Excluded
10,16,59,16,5,11, 0.00000000000000E+0000, 0.00000000000000E+0000,Excluded
10,16,6,16,6,10, 0.00000000000000E+0000, 0.00000000000000E+0000,Excluded
10,16,60,16,2,14, 0.00000000000000E+0000, 0.00000000000000E+0000,Excluded
10,16,61,16,4,12, 0.00000000000000E+0000, 0.00000000000000E+0000,Excluded
10,16,62,16,5,11, 0.00000000000000E+0000, 0.00000000000000E+0000,Excluded
10,16,65,16,3,13, 0.00000000000000E+0000, 0.00000000000000E+0000,Excluded
10,16,73,16,2,14, 0.00000000000000E+0000, 0.00000000000000E+0000,Excluded
10,16,75,16,0,16, 0.00000000000000E+0000, 0.00000000000000E+0000,Excluded
10,16,76,16,4,12, 0.00000000000000E+0000, 0.00000000000000E+0000,Excluded
10,16,77,16,5,11, 0.00000000000000E+0000, 0.00000000000000E+0000,Excluded
10,16,78,16,4,12, 0.00000000000000E+0000, 0.00000000000000E+0000,Excluded
10,16,79,16,3,13, 0.00000000000000E+0000, 0.00000000000000E+0000,Excluded
10,16,8,16,6,10, 0.00000000000000E+0000, 0.00000000000000E+0000,Excluded
10,16,84,16,5,11, 0.00000000000000E+0000, 0.00000000000000E+0000,Excluded
10,16,85,16,4,12, 0.00000000000000E+0000, 0.00000000000000E+0000,Excluded
10,16,86,16,4,12, 0.00000000000000E+0000, 0.00000000000000E+0000,Excluded
10,16,89,16,4,12, 0.00000000000000E+0000, 0.00000000000000E+0000,Excluded
10,16,94,16,6,10, 0.00000000000000E+0000, 0.00000000000000E+0000,Excluded
10,16,95,16,7,9, 0.00000000000000E+0000, 0.00000000000000E+0000,Excluded
10,16,96,16,6,10, 0.00000000000000E+0000, 0.00000000000000E+0000,Excluded
10,16,98,16,5,11, 0.00000000000000E+0000, 0.00000000000000E+0000,Excluded
102,16,105,16,3,13, 0.00000000000000E+0000, 0.00000000000000E+0000,Excluded
102,16,106,16,1,15, 0.00000000000000E+0000, 0.00000000000000E+0000,Excluded
102,16,108,16,4,12, 0.00000000000000E+0000, 0.00000000000000E+0000,Excluded
102,16,109,16,2,14, 0.00000000000000E+0000, 0.00000000000000E+0000,Excluded
102,16,11,16,1,15, 0.00000000000000E+0000, 0.00000000000000E+0000,Excluded
102,16,112,16,2,14, 0.00000000000000E+0000, 0.00000000000000E+0000,Excluded
102,16,115,16,4,12, 0.00000000000000E+0000, 0.00000000000000E+0000,Excluded
102,16,116,16,1,15, 0.00000000000000E+0000, 0.00000000000000E+0000,Excluded
102,16,117,16,0,16, 0.00000000000000E+0000, 0.00000000000000E+0000,Excluded
102,16,12,16,2,14, 0.00000000000000E+0000, 0.00000000000000E+0000,Excluded
102,16,129,16,0,16, 0.00000000000000E+0000, 0.00000000000000E+0000,Excluded
102,16,132,16,2,14, 0.00000000000000E+0000, 0.00000000000000E+0000,Excluded
102,16,137,15,1,14, 0.00000000000000E+0000, 0.00000000000000E+0000,Excluded
102,16,139,16,1,15, 0.00000000000000E+0000, 0.00000000000000E+0000,Excluded
102,16,140,16,2,14, 0.00000000000000E+0000, 0.00000000000000E+0000,Excluded
102,16,142,16,1,15, 0.00000000000000E+0000, 0.00000000000000E+0000,Excluded
102,16,144,16,3,13, 0.00000000000000E+0000, 0.00000000000000E+0000,Excluded
102,16,145,16,1,15, 0.00000000000000E+0000, 0.00000000000000E+0000,Excluded
102,16,147,16,2,14, 0.00000000000000E+0000, 0.00000000000000E+0000,Excluded
102,16,157,16,3,13, 0.00000000000000E+0000, 0.00000000000000E+0000,Excluded
102,16,16,15,4,11, 0.00000000000000E+0000, 0.00000000000000E+0000,Excluded
102,16,160,16,1,15, 0.00000000000000E+0000, 0.00000000000000E+0000,Excluded
102,16,162,16,2,14, 0.00000000000000E+0000, 0.00000000000000E+0000,Excluded
102,16,166,16,3,13, 0.00000000000000E+0000, 0.00000000000000E+0000,Excluded
102,16,177,16,1,15, 0.00000000000000E+0000, 0.00000000000000E+0000,Excluded
102,16,178,16,0,16, 0.00000000000000E+0000, 0.00000000000000E+0000,Excluded
102,16,18,16,1,15, 0.00000000000000E+0000, 0.00000000000000E+0000,Excluded
102,16,186,16,4,12, 0.00000000000000E+0000, 0.00000000000000E+0000,Excluded
102,16,189,16,0,16, 0.00000000000000E+0000, 0.00000000000000E+0000,Excluded
102,16,19,16,1,15, 0.00000000000000E+0000, 0.00000000000000E+0000,Excluded
102,16,190,16,1,15, 0.00000000000000E+0000, 0.00000000000000E+0000,Excluded
102,16,191,16,5,11, 0.00000000000000E+0000, 0.00000000000000E+0000,Excluded
102,16,193,16,2,14, 0.00000000000000E+0000, 0.00000000000000E+0000,Excluded
102,16,204,16,1,15, 0.00000000000000E+0000, 0.00000000000000E+0000,Excluded
102,16,21,15,3,12, 0.00000000000000E+0000, 0.00000000000000E+0000,Excluded
102,16,211,16,0,16, 0.00000000000000E+0000, 0.00000000000000E+0000,Excluded
102,16,216,16,0,16, 0.00000000000000E+0000, 0.00000000000000E+0000,Excluded
102,16,222,16,1,15, 0.00000000000000E+0000, 0.00000000000000E+0000,Excluded
102,16,224,16,2,14, 0.00000000000000E+0000, 0.00000000000000E+0000,Excluded
102,16,226,16,2,14, 0.00000000000000E+0000, 0.00000000000000E+0000,Excluded
102,16,23,15,2,13, 0.00000000000000E+0000, 0.00000000000000E+0000,Excluded
102,16,230,16,2,14, 0.00000000000000E+0000, 0.00000000000000E+0000,Excluded
102,16,232,16,4,12, 0.00000000000000E+0000, 0.00000000000000E+0000,Excluded
102,16,238,16,0,16, 0.00000000000000E+0000, 0.00000000000000E+0000,Excluded
102,16,24,15,0,15, 0.00000000000000E+0000, 0.00000000000000E+0000,Excluded
102,16,242,16,2,14, 0.00000000000000E+0000, 0.00000000000000E+0000,Excluded
102,16,243,16,4,12, 0.00000000000000E+0000, 0.00000000000000E+0000,Excluded
102,16,244,16,2,14, 0.00000000000000E+0000, 0.00000000000000E+0000,Excluded
102,16,25,15,2,13, 0.00000000000000E+0000, 0.00000000000000E+0000,Excluded
102,16,251,16,2,14, 0.00000000000000E+0000, 0.00000000000000E+0000,Excluded
102,16,26,16,1,15, 0.00000000000000E+0000, 0.00000000000000E+0000,Excluded
102,16,266,16,2,14, 0.00000000000000E+0000, 0.00000000000000E+0000,Excluded
102,16,267,16,2,14, 0.00000000000000E+0000, 0.00000000000000E+0000,Excluded
102,16,268,16,1,15, 0.00000000000000E+0000, 0.00000000000000E+0000,Excluded
102,16,270,16,2,14, 0.00000000000000E+0000, 0.00000000000000E+0000,Excluded
102,16,276,16,2,14, 0.00000000000000E+0000, 0.00000000000000E+0000,Excluded
102,16,28,16,2,14, 0.00000000000000E+0000, 0.00000000000000E+0000,Excluded
102,16,29,16,0,16, 0.00000000000000E+0000, 0.00000000000000E+0000,Excluded
102,16,298,15,2,13, 0.00000000000000E+0000, 0.00000000000000E+0000,Excluded
102,16,3,16,3,13, 0.00000000000000E+0000, 0.00000000000000E+0000,Excluded
102,16,30,16,0,16, 0.00000000000000E+0000, 0.00000000000000E+0000,Excluded
102,16,306,16,3,13, 0.00000000000000E+0000, 0.00000000000000E+0000,Excluded
102,16,308,16,0,16, 0.00000000000000E+0000, 0.00000000000000E+0000,Excluded
102,16,311,15,2,13, 0.00000000000000E+0000, 0.00000000000000E+0000,Excluded
102,16,323,16,1,15, 0.00000000000000E+0000, 0.00000000000000E+0000,Excluded
102,16,327,16,1,15, 0.00000000000000E+0000, 0.00000000000000E+0000,Excluded
102,16,33,16,2,14, 0.00000000000000E+0000, 0.00000000000000E+0000,Excluded
102,16,334,16,2,14, 0.00000000000000E+0000, 0.00000000000000E+0000,Excluded
102,16,338,16,2,14, 0.00000000000000E+0000, 0.00000000000000E+0000,Excluded
102,16,341,16,1,15, 0.00000000000000E+0000, 0.00000000000000E+0000,Excluded
102,16,346,16,1,15, 0.00000000000000E+0000, 0.00000000000000E+0000,Excluded
102,16,348,16,2,14, 0.00000000000000E+0000, 0.00000000000000E+0000,Excluded
102,16,351,16,0,16, 0.00000000000000E+0000, 0.00000000000000E+0000,Excluded
102,16,362,16,1,15, 0.00000000000000E+0000, 0.00000000000000E+0000,Excluded
102,16,364,16,1,15, 0.00000000000000E+0000, 0.00000000000000E+0000,Excluded
102,16,366,16,2,14, 0.00000000000000E+0000, 0.00000000000000E+0000,Excluded
102,16,37,16,1,15, 0.00000000000000E+0000, 0.00000000000000E+0000,Excluded
102,16,376,16,3,13, 0.00000000000000E+0000, 0.00000000000000E+0000,Excluded
102,16,377,15,2,13, 0.00000000000000E+0000, 0.00000000000000E+0000,Excluded
102,16,378,16,2,14, 0.00000000000000E+0000, 0.00000000000000E+0000,Excluded
102,16,38,16,3,13, 0.00000000000000E+0000, 0.00000000000000E+0000,Excluded
102,16,388,16,3,13, 0.00000000000000E+0000, 0.00000000000000E+0000,Excluded
102,16,391,16,5,11, 0.00000000000000E+0000, 0.00000000000000E+0000,Excluded
102,16,396,13,1,12, 0.00000000000000E+0000, 0.00000000000000E+0000,Excluded
102,16,4,16,1,15, 0.00000000000000E+0000, 0.00000000000000E+0000,Excluded
102,16,400,13,2,11, 0.00000000000000E+0000, 0.00000000000000E+0000,Excluded
102,16,401,16,1,15, 0.00000000000000E+0000, 0.00000000000000E+0000,Excluded
102,16,406,16,2,14, 0.00000000000000E+0000, 0.00000000000000E+0000,Excluded
102,16,412,15,2,13, 0.00000000000000E+0000, 0.00000000000000E+0000,Excluded
102,16,413,16,1,15, 0.00000000000000E+0000, 0.00000000000000E+0000,Excluded
102,16,421,16,2,14, 0.00000000000000E+0000, 0.00000000000000E+0000,Excluded
102,16,423,16,0,16, 0.00000000000000E+0000, 0.00000000000000E+0000,Excluded
102,16,424,16,2,14, 0.00000000000000E+0000, 0.00000000000000E+0000,Excluded
102,16,426,16,2,14, 0.00000000000000E+0000, 0.00000000000000E+0000,Excluded
102,16,43,16,1,15, 0.00000000000000E+0000, 0.00000000000000E+0000,Excluded
102,16,430,14,1,13, 0.00000000000000E+0000, 0.00000000000000E+0000,Excluded
102,16,435,16,1,15, 0.00000000000000E+0000, 0.00000000000000E+0000,Excluded
102,16,44,16,1,15, 0.00000000000000E+0000, 0.00000000000000E+0000,Excluded
102,16,461,16,0,16, 0.00000000000000E+0000, 0.00000000000000E+0000,Excluded
102,16,476,16,3,13, 0.00000000000000E+0000, 0.00000000000000E+0000,Excluded
102,16,478,16,0,16, 0.00000000000000E+0000, 0.00000000000000E+0000,Excluded
102,16,48,16,1,15, 0.00000000000000E+0000, 0.00000000000000E+0000,Excluded
102,16,484,16,2,14, 0.00000000000000E+0000, 0.00000000000000E+0000,Excluded
102,16,489,16,0,16, 0.00000000000000E+0000, 0.00000000000000E+0000,Excluded
102,16,492,13,1,12, 0.00000000000000E+0000, 0.00000000000000E+0000,Excluded
102,16,493,16,1,15, 0.00000000000000E+0000, 0.00000000000000E+0000,Excluded
102,16,494,16,3,13, 0.00000000000000E+0000, 0.00000000000000E+0000,Excluded
102,16,500,16,2,14, 0.00000000000000E+0000, 0.00000000000000E+0000,Excluded
102,16,504,16,2,14, 0.00000000000000E+0000, 0.00000000000000E+0000,Excluded
102,16,506,16,4,12, 0.00000000000000E+0000, 0.00000000000000E+0000,Excluded
102,16,52,16,1,15, 0.00000000000000E+0000, 0.00000000000000E+0000,Excluded
102,16,55,16,2,14, 0.00000000000000E+0000, 0.00000000000000E+0000,Excluded
102,16,57,16,3,13, 0.00000000000000E+0000, 0.00000000000000E+0000,Excluded
102,16,59,16,2,14, 0.00000000000000E+0000, 0.00000000000000E+0000,Excluded
102,16,6,16,2,14, 0.00000000000000E+0000, 0.00000000000000E+0000,Excluded
102,16,60,16,3,13, 0.00000000000000E+0000, 0.00000000000000E+0000,Excluded
102,16,61,16,1,15, 0.00000000000000E+0000, 0.00000000000000E+0000,Excluded
102,16,62,16,3,13, 0.00000000000000E+0000, 0.00000000000000E+0000,Excluded
102,16,65,16,1,15, 0.00000000000000E+0000, 0.00000000000000E+0000,Excluded
102,16,73,16,2,14, 0.00000000000000E+0000, 0.00000000000000E+0000,Excluded
102,16,75,16,1,15, 0.00000000000000E+0000, 0.00000000000000E+0000,Excluded
102,16,76,16,0,16, 0.00000000000000E+0000, 0.00000000000000E+0000,Excluded
102,16,77,16,1,15, 0.00000000000000E+0000, 0.00000000000000E+0000,Excluded
102,16,78,16,2,14, 0.00000000000000E+0000, 0.00000000000000E+0000,Excluded
102,16,79,16,1,15, 0.00000000000000E+0000, 0.00000000000000E+0000,Excluded
102,16,8,16,2,14, 0.00000000000000E+0000, 0.00000000000000E+0000,Excluded
102,16,84,16,1,15, 0.00000000000000E+0000, 0.00000000000000E+0000,Excluded
102,16,85,16,1,15, 0.00000000000000E+0000, 0.00000000000000E+0000,Excluded
102,16,86,16,2,14, 0.00000000000000E+0000, 0.00000000000000E+0000,Excluded
102,16,89,16,2,14, 0.00000000000000E+0000, 0.00000000000000E+0000,Excluded
102,16,94,16,1,15, 0.00000000000000E+0000, 0.00000000000000E+0000,Excluded
102,16,95,16,1,15, 0.00000000000000E+0000, 0.00000000000000E+0000,Excluded
102,16,96,16,2,14, 0.00000000000000E+0000, 0.00000000000000E+0000,Excluded
102,16,98,16,1,15, 0.00000000000000E+0000, 0.00000000000000E+0000,Excluded
105,16,106,16,3,13, 0.00000000000000E+0000, 0.00000000000000E+0000,Excluded
105,16,108,16,9,7, 0.00000000000000E+0000, 0.00000000000000E+0000,Excluded
105,16,109,16,4,12, 0.00000000000000E+0000, 0.00000000000000E+0000,Excluded
105,16,11,16,2,14, 0.00000000000000E+0000, 0.00000000000000E+0000,Excluded
105,16,112,16,2,14, 0.00000000000000E+0000, 0.00000000000000E+0000,Excluded
105,16,115,16,3,13, 0.00000000000000E+0000, 0.00000000000000E+0000,Excluded
105,16,116,16,3,13, 0.00000000000000E+0000, 0.00000000000000E+0000,Excluded
105,16,117,16,2,14, 0.00000000000000E+0000, 0.00000000000000E+0000,Excluded
105,16,12,16,2,14, 0.00000000000000E+0000, 0.00000000000000E+0000,Excluded
105,16,129,16,1,15, 0.00000000000000E+0000, 0.00000000000000E+0000,Excluded
105,16,132,16,3,13, 0.00000000000000E+0000, 0.00000000000000E+0000,Excluded
105,16,137,15,2,13, 0.00000000000000E+0000, 0.00000000000000E+0000,Excluded
105,16,139,16,4,12, 0.00000000000000E+0000, 0.00000000000000E+0000,Excluded
105,16,140,16,5,11, 0.00000000000000E+0000, 0.00000000000000E+0000,Excluded
105,16,142,16,1,15, 0.00000000000000E+0000, 0.00000000000000E+0000,Excluded
105,16,144,16,15,1, 0.00000000000000E+0000, 0.00000000000000E+0000,Fuzzy match
105,16,145,16,4,12, 0.00000000000000E+0000, 0.00000000000000E+0000,Excluded
105,16,147,16,8,8, 0.00000000000000E+0000, 0.00000000000000E+0000,Excluded
105,16,157,16,3,13, 0.00000000000000E+0000, 0.00000000000000E+0000,Excluded
105,16,16,15,1,14, 0.00000000000000E+0000, 0.00000000000000E+0000,Excluded
105,16,160,16,1,15, 0.00000000000000E+0000, 0.00000000000000E+0000,Excluded
105,16,162,16,4,12, 0.00000000000000E+0000, 0.00000000000000E+0000,Excluded
105,16,166,16,6,10, 0.00000000000000E+0000, 0.00000000000000E+0000,Excluded
105,16,177,16,2,14, 0.00000000000000E+0000, 0.00000000000000E+0000,Excluded
105,16,178,16,2,14, 0.00000000000000E+0000, 0.00000000000000E+0000,Excluded
105,16,18,16,4,12, 0.00000000000000E+0000, 0.00000000000000E+0000,Excluded
105,16,186,16,4,12, 0.00000000000000E+0000, 0.00000000000000E+0000,Excluded
105,16,189,16,3,13, 0.00000000000000E+0000, 0.00000000000000E+0000,Excluded
105,16,19,16,1,15, 0.00000000000000E+0000, 0.00000000000000E+0000,Excluded
105,16,190,16,3,13, 0.00000000000000E+0000, 0.00000000000000E+0000,Excluded
105,16,191,16,3,13, 0.00000000000000E+0000, 0.00000000000000E+0000,Excluded
105,16,193,16,3,13, 0.00000000000000E+0000, 0.00000000000000E+0000,Excluded
105,16,204,16,2,14, 0.00000000000000E+0000, 0.00000000000000E+0000,Excluded
105,16,21,15,4,11, 0.00000000000000E+0000, 0.00000000000000E+0000,Excluded
105,16,211,16,5,11, 0.00000000000000E+0000, 0.00000000000000E+0000,Excluded
105,16,216,16,6,10, 0.00000000000000E+0000, 0.00000000000000E+0000,Excluded
105,16,222,16,4,12, 0.00000000000000E+0000, 0.00000000000000E+0000,Excluded
105,16,224,16,3,13, 0.00000000000000E+0000, 0.00000000000000E+0000,Excluded
105,16,226,16,2,14, 0.00000000000000E+0000, 0.00000000000000E+0000,Excluded
105,16,23,15,3,12, 0.00000000000000E+0000, 0.00000000000000E+0000,Excluded
105,16,230,16,1,15, 0.00000000000000E+0000, 0.00000000000000E+0000,Excluded
105,16,232,16,2,14, 0.00000000000000E+0000, 0.00000000000000E+0000,Excluded
105,16,238,16,0,16, 0.00000000000000E+0000, 0.00000000000000E+0000,Excluded
105,16,24,15,2,13, 0.00000000000000E+0000, 0.00000000000000E+0000,Excluded
105,16,242,16,0,16, 0.00000000000000E+0000, 0.00000000000000E+0000,Excluded
105,16,243,16,4,12, 0.00000000000000E+0000, 0.00000000000000E+0000,Excluded
105,16,244,16,2,14, 0.00000000000000E+0000, 0.00000000000000E+0000,Excluded
105,16,25,15,1,14, 0.00000000000000E+0000, 0.00000000000000E+0000,Excluded
105,16,251,16,3,13, 0.00000000000000E+0000, 0.00000000000000E+0000,Excluded
105,16,26,16,1,15, 0.00000000000000E+0000, 0.00000000000000E+0000,Excluded
105,16,266,16,2,14, 0.00000000000000E+0000, 0.00000000000000E+0000,Excluded
105,16,267,16,4,12, 0.00000000000000E+0000, 0.00000000000000E+0000,Excluded
105,16,268,16,4,12, 0.00000000000000E+0000, 0.00000000000000E+0000,Excluded
105,16,270,16,1,15, 0.00000000000000E+0000, 0.00000000000000E+0000,Excluded
105,16,276,16,3,13, 0.00000000000000E+0000, 0.00000000000000E+0000,Excluded
105,16,28,16,3,13, 0.00000000000000E+0000, 0.00000000000000E+0000,Excluded
105,16,29,16,3,13, 0.00000000000000E+0000, 0.00000000000000E+0000,Excluded
105,16,298,15,5,10, 0.00000000000000E+0000, 0.00000000000000E+0000,Excluded
105,16,3,16,4,12, 0.00000000000000E+0000, 0.00000000000000E+0000,Excluded
105,16,30,16,3,13, 0.00000000000000E+0000, 0.00000000000000E+0000,Excluded
105,16,306,16,2,14, 0.00000000000000E+0000, 0.00000000000000E+0000,Excluded
105,16,308,16,4,12, 0.00000000000000E+0000, 0.00000000000000E+0000,Excluded
105,16,311,15,3,12, 0.00000000000000E+0000, 0.00000000000000E+0000,Excluded
105,16,323,16,3,13, 0.00000000000000E+0000, 0.00000000000000E+0000,Excluded
105,16,327,16,2,14, 0.00000000000000E+0000, 0.00000000000000E+0000,Excluded
105,16,33,16,1,15, 0.00000000000000E+0000, 0.00000000000000E+0000,Excluded
105,16,334,16,2,14, 0.00000000000000E+0000, 0.00000000000000E+0000,Excluded
105,16,338,16,5,11, 0.00000000000000E+0000, 0.00000000000000E+0000,Excluded
105,16,341,16,4,12, 0.00000000000000E+0000, 0.00000000000000E+0000,Excluded
105,16,346,16,0,16, 0.00000000000000E+0000, 0.00000000000000E+0000,Excluded
105,16,348,16,6,10, 0.00000000000000E+0000, 0.00000000000000E+0000,Excluded
105,16,351,16,2,14, 0.00000000000000E+0000, 0.00000000000000E+0000,Excluded
105,16,362,16,2,14, 0.00000000000000E+0000, 0.00000000000000E+0000,Excluded
105,16,364,16,1,15, 0.00000000000000E+0000, 0.00000000000000E+0000,Excluded
105,16,366,16,2,14, 0.00000000000000E+0000, 0.00000000000000E+0000,Excluded
105,16,37,16,2,14, 0.00000000000000E+0000, 0.00000000000000E+0000,Excluded
105,16,376,16,2,14, 0.00000000000000E+0000, 0.00000000000000E+0000,Excluded
105,16,377,15,4,11, 0.00000000000000E+0000, 0.00000000000000E+0000,Excluded
105,16,378,16,4,12, 0.00000000000000E+0000, 0.00000000000000E+0000,Excluded
105,16,38,16,1,15, 0.00000000000000E+0000, 0.00000000000000E+0000,Excluded
105,16,388,16,4,12, 0.00000000000000E+0000, 0.00000000000000E+0000,Excluded
105,16,391,16,4,12, 0.00000000000000E+0000, 0.00000000000000E+0000,Excluded
105,16,396,13,2,11, 0.00000000000000E+0000, 0.00000000000000E+0000,Excluded
105,16,4,16,2,14, 0.00000000000000E+0000, 0.00000000000000E+0000,Excluded
105,16,400,13,3,10, 0.00000000000000E+0000, 0.00000000000000E+0000,Excluded
105,16,401,16,3,13, 0.00000000000000E+0000, 0.00000000000000E+0000,Excluded
105,16,406,16,2,14, 0.00000000000000E+0000, 0.00000000000000E+0000,Excluded
105,16,412,15,2,13, 0.00000000000000E+0000, 0.00000000000000E+0000,Excluded
105,16,413,16,5,11, 0.00000000000000E+0000, 0.00000000000000E+0000,Excluded
105,16,421,16,2,14, 0.00000000000000E+0000, 0.00000000000000E+0000,Excluded
105,16,423,16,4,12, 0.00000000000000E+0000, 0.00000000000000E+0000,Excluded
105,16,424,16,4,12, 0.00000000000000E+0000, 0.00000000000000E+0000,Excluded
105,16,426,16,3,13, 0.00000000000000E+0000, 0.00000000000000E+0000,Excluded
105,16,43,16,2,14, 0.00000000000000E+0000, 0.00000000000000E+0000,Excluded
105,16,430,14,3,11, 0.00000000000000E+0000, 0.00000000000000E+0000,Excluded
105,16,435,16,1,15, 0.00000000000000E+0000, 0.00000000000000E+0000,Excluded
105,16,44,16,4,12, 0.00000000000000E+0000, 0.00000000000000E+0000,Excluded
105,16,461,16,4,12, 0.00000000000000E+0000, 0.00000000000000E+0000,Excluded
105,16,476,16,3,13, 0.00000000000000E+0000, 0.00000000000000E+0000,Excluded
105,16,478,16,3,13, 0.00000000000000E+0000, 0.00000000000000E+0000,Excluded
105,16,48,16,3,13, 0.00000000000000E+0000, 0.00000000000000E+0000,Excluded
105,16,484,16,7,9, 0.00000000000000E+0000, 0.00000000000000E+0000,Excluded
105,16,489,16,3,13, 0.00000000000000E+0000, 0.00000000000000E+0000,Excluded
105,16,492,13,2,11, 0.00000000000000E+0000, 0.00000000000000E+0000,Excluded
105,16,493,16,3,13, 0.00000000000000E+0000, 0.00000000000000E+0000,Excluded
105,16,494,16,3,13, 0.00000000000000E+0000, 0.00000000000000E+0000,Excluded
105,16,500,16,1,15, 0.00000000000000E+0000, 0.00000000000000E+0000,Excluded
105,16,504,16,6,10, 0.00000000000000E+0000, 0.00000000000000E+0000,Excluded
105,16,506,16,7,9, 0.00000000000000E+0000, 0.00000000000000E+0000,Excluded
105,16,52,16,4,12, 0.00000000000000E+0000, 0.00000000000000E+0000,Excluded
105,16,55,16,3,13, 0.00000000000000E+0000, 0.00000000000000E+0000,Excluded
105,16,57,16,3,13, 0.00000000000000E+0000, 0.00000000000000E+0000,Excluded
105,16,59,16,2,14, 0.00000000000000E+0000, 0.00000000000000E+0000,Excluded
105,16,6,16,3,13, 0.00000000000000E+0000, 0.00000000000000E+0000,Excluded
105,16,60,16,2,14, 0.00000000000000E+0000, 0.00000000000000E+0000,Excluded
105,16,61,16,4,12, 0.00000000000000E+0000, 0.00000000000000E+0000,Excluded
105,16,62,16,4,12, 0.00000000000000E+0000, 0.00000000000000E+0000,Excluded
105,16,65,16,3,13, 0.00000000000000E+0000, 0.00000000000000E+0000,Excluded
105,16,73,16,5,11, 0.00000000000000E+0000, 0.00000000000000E+0000,Excluded
105,16,75,16,3,13, 0.00000000000000E+0000, 0.00000000000000E+0000,Excluded
105,16,76,16,1,15, 0.00000000000000E+0000, 0.00000000000000E+0000,Excluded
105,16,77,16,1,15, 0.00000000000000E+0000, 0.00000000000000E+0000,Excluded
105,16,78,16,2,14, 0.00000000000000E+0000, 0.00000000000000E+0000,Excluded
105,16,79,16,2,14, 0.00000000000000E+0000, 0.00000000000000E+0000,Excluded
105,16,8,16,2,14, 0.00000000000000E+0000, 0.00000000000000E+0000,Excluded
105,16,84,16,3,13, 0.00000000000000E+0000, 0.00000000000000E+0000,Excluded
105,16,85,16,4,12, 0.00000000000000E+0000, 0.00000000000000E+0000,Excluded
105,16,86,16,3,13, 0.00000000000000E+0000, 0.00000000000000E+0000,Excluded
105,16,89,16,2,14, 0.00000000000000E+0000, 0.00000000000000E+0000,Excluded
105,16,94,16,1,15, 0.00000000000000E+0000, 0.00000000000000E+0000,Excluded
105,16,95,16,4,12, 0.00000000000000E+0000, 0.00000000000000E+0000,Excluded
105,16,96,16,4,12, 0.00000000000000E+0000, 0.00000000000000E+0000,Excluded
105,16,98,16,4,12, 0.00000000000000E+0000, 0.00000000000000E+0000,Excluded
106,16,108,16,3,13, 0.00000000000000E+0000, 0.00000000000000E+0000,Excluded
106,16,109,16,3,13, 0.00000000000000E+0000, 0.00000000000000E+0000,Excluded
106,16,11,16,1,15, 0.00000000000000E+0000, 0.00000000000000E+0000,Excluded
106,16,112,16,3,13, 0.00000000000000E+0000, 0.00000000000000E+0000,Excluded
106,16,115,16,3,13, 0.00000000000000E+0000, 0.00000000000000E+0000,Excluded
106,16,116,16,4,12, 0.00000000000000E+0000, 0.00000000000000E+0000,Excluded
106,16,117,16,3,13, 0.00000000000000E+0000, 0.00000000000000E+0000,Excluded
106,16,12,16,2,14, 0.00000000000000E+0000, 0.00000000000000E+0000,Excluded
106,16,129,16,2,14, 0.00000000000000E+0000, 0.00000000000000E+0000,Excluded
106,16,132,16,1,15, 0.00000000000000E+0000, 0.00000000000000E+0000,Excluded
106,16,137,15,3,12, 0.00000000000000E+0000, 0.00000000000000E+0000,Excluded
106,16,139,16,2,14, 0.00000000000000E+0000, 0.00000000000000E+0000,Excluded
106,16,140,16,4,12, 0.00000000000000E+0000, 0.00000000000000E+0000,Excluded
106,16,142,16,2,14, 0.00000000000000E+0000, 0.00000000000000E+0000,Excluded
106,16,144,16,3,13, 0.00000000000000E+0000, 0.00000000000000E+0000,Excluded
106,16,145,16,5,11, 0.00000000000000E+0000, 0.00000000000000E+0000,Excluded
106,16,147,16,5,11, 0.00000000000000E+0000, 0.00000000000000E+0000,Excluded
106,16,157,16,2,14, 0.00000000000000E+0000, 0.00000000000000E+0000,Excluded
106,16,16,15,2,13, 0.00000000000000E+0000, 0.00000000000000E+0000,Excluded
106,16,160,16,4,12, 0.00000000000000E+0000, 0.00000000000000E+0000,Excluded
106,16,162,16,5,11, 0.00000000000000E+0000, 0.00000000000000E+0000,Excluded
106,16,166,16,3,13, 0.00000000000000E+0000, 0.00000000000000E+0000,Excluded
106,16,177,16,1,15, 0.00000000000000E+0000, 0.00000000000000E+0000,Excluded
106,16,178,16,1,15, 0.00000000000000E+0000, 0.00000000000000E+0000,Excluded
106,16,18,16,3,13, 0.00000000000000E+0000, 0.00000000000000E+0000,Excluded
106,16,186,16,4,12, 0.00000000000000E+0000, 0.00000000000000E+0000,Excluded
106,16,189,16,2,14, 0.00000000000000E+0000, 0.00000000000000E+0000,Excluded
106,16,19,16,4,12, 0.00000000000000E+0000, 0.00000000000000E+0000,Excluded
106,16,190,16,3,13, 0.00000000000000E+0000, 0.00000000000000E+0000,Excluded
106,16,191,16,3,13, 0.00000000000000E+0000, 0.00000000000000E+0000,Excluded
106,16,193,16,6,10, 0.00000000000000E+0000, 0.00000000000000E+0000,Excluded
106,16,204,16,3,13, 0.00000000000000E+0000, 0.00000000000000E+0000,Excluded
106,16,21,15,3,12, 0.00000000000000E+0000, 0.00000000000000E+0000,Excluded
106,16,211,16,2,14, 0.00000000000000E+0000, 0.00000000000000E+0000,Excluded
106,16,216,16,4,12, 0.00000000000000E+0000, 0.00000000000000E+0000,Excluded
106,16,222,16,4,12, 0.00000000000000E+0000, 0.00000000000000E+0000,Excluded
106,16,224,16,3,13, 0.00000000000000E+0000, 0.00000000000000E+0000,Excluded
106,16,226,16,2,14, 0.00000000000000E+0000, 0.00000000000000E+0000,Excluded
106,16,23,15,3,12, 0.00000000000000E+0000, 0.00000000000000E+0000,Excluded
106,16,230,16,2,14, 0.00000000000000E+0000, 0.00000000000000E+0000,Excluded
106,16,232,16,2,14, 0.00000000000000E+0000, 0.00000000000000E+0000,Excluded
106,16,238,16,1,15, 0.00000000000000E+0000, 0.00000000000000E+0000,Excluded
106,16,24,15,2,13, 0.00000000000000E+0000, 0.00000000000000E+0000,Excluded
106,16,242,16,3,13, 0.00000000000000E+0000, 0.00000000000000E+0000,Excluded
106,16,243,16,2,14, 0.00000000000000E+0000, 0.00000000000000E+0000,Excluded
106,16,244,16,3,13, 0.00000000000000E+0000, 0.00000000000000E+0000,Excluded
106,16,25,15,3,12, 0.00000000000000E+0000, 0.00000000000000E+0000,Excluded
106,16,251,16,3,13, 0.00000000000000E+0000, 0.00000000000000E+0000,Excluded
106,16,26,16,2,14, 0.00000000000000E+0000, 0.00000000000000E+0000,Excluded
106,16,266,16,3,13, 0.00000000000000E+0000, 0.00000000000000E+0000,Excluded
106,16,267,16,4,12, 0.00000000000000E+0000, 0.00000000000000E+0000,Excluded
106,16,268,16,3,13, 0.00000000000000E+0000, 0.00000000000000E+0000,Excluded
106,16,270,16,4,12, 0.00000000000000E+0000, 0.00000000000000E+0000,Excluded
106,16,276,16,4,12, 0.00000000000000E+0000, 0.00000000000000E+0000,Excluded
106,16,28,16,2,14, 0.00000000000000E+0000, 0.00000000000000E+0000,Excluded
106,16,29,16,4,12, 0.00000000000000E+0000, 0.00000000000000E+0000,Excluded
106,16,298,15,3,12, 0.00000000000000E+0000, 0.00000000000000E+0000,Excluded
106,16,3,16,5,11, 0.00000000000000E+0000, 0.00000000000000E+0000,Excluded
106,16,30,16,2,14, 0.00000000000000E+0000, 0.00000000000000E+0000,Excluded
106,16,306,16,3,13, 0.00000000000000E+0000, 0.00000000000000E+0000,Excluded
106,16,308,16,4,12, 0.00000000000000E+0000, 0.00000000000000E+0000,Excluded
106,16,311,15,6,9, 0.00000000000000E+0000, 0.00000000000000E+0000,Excluded
106,16,323,16,3,13, 0.00000000000000E+0000, 0.00000000000000E+0000,Excluded
106,16,327,16,3,13, 0.00000000000000E+0000, 0.00000000000000E+0000,Excluded
106,16,33,16,5,11, 0.00000000000000E+0000, 0.00000000000000E+0000,Excluded
106,16,334,16,4,12, 0.00000000000000E+0000, 0.00000000000000E+0000,Excluded
106,16,338,16,5,11, 0.00000000000000E+0000, 0.00000000000000E+0000,Excluded
106,16,341,16,3,13, 0.00000000000000E+0000, 0.00000000000000E+0000,Excluded
106,16,346,16,2,14, 0.00000000000000E+0000, 0.00000000000000E+0000,Excluded
106,16,348,16,2,14, 0.00000000000000E+0000, 0.00000000000000E+0000,Excluded
106,16,351,16,3,13, 0.00000000000000E+0000, 0.00000000000000E+0000,Excluded
106,16,362,16,4,12, 0.00000000000000E+0000, 0.00000000000000E+0000,Excluded
106,16,364,16,3,13, 0.00000000000000E+0000, 0.00000000000000E+0000,Excluded
106,16,366,16,6,10, 0.00000000000000E+0000, 0.00000000000000E+0000,Excluded
106,16,37,16,3,13, 0.00000000000000E+0000, 0.00000000000000E+0000,Excluded
106,16,376,16,2,14, 0.00000000000000E+0000, 0.00000000000000E+0000,Excluded
106,16,377,15,3,12, 0.00000000000000E+0000, 0.00000000000000E+0000,Excluded
106,16,378,16,3,13, 0.00000000000000E+0000, 0.00000000000000E+0000,Excluded
106,16,38,16,3,13, 0.00000000000000E+0000, 0.00000000000000E+0000,Excluded
106,16,388,16,4,12, 0.00000000000000E+0000, 0.00000000000000E+0000,Excluded
106,16,391,16,3,13, 0.00000000000000E+0000, 0.00000000000000E+0000,Excluded
106,16,396,13,3,10, 0.00000000000000E+0000, 0.00000000000000E+0000,Excluded
106,16,4,16,2,14, 0.00000000000000E+0000, 0.00000000000000E+0000,Excluded
106,16,400,13,3,10, 0.00000000000000E+0000, 0.00000000000000E+0000,Excluded
106,16,401,16,2,14, 0.00000000000000E+0000, 0.00000000000000E+0000,Excluded
106,16,406,16,1,15, 0.00000000000000E+0000, 0.00000000000000E+0000,Excluded
106,16,412,15,3,12, 0.00000000000000E+0000, 0.00000000000000E+0000,Excluded
106,16,413,16,5,11, 0.00000000000000E+0000, 0.00000000000000E+0000,Excluded
106,16,421,16,4,12, 0.00000000000000E+0000, 0.00000000000000E+0000,Excluded
106,16,423,16,2,14, 0.00000000000000E+0000, 0.00000000000000E+0000,Excluded
106,16,424,16,6,10, 0.00000000000000E+0000, 0.00000000000000E+0000,Excluded
106,16,426,16,2,14, 0.00000000000000E+0000, 0.00000000000000E+0000,Excluded
106,16,43,16,2,14, 0.00000000000000E+0000, 0.00000000000000E+0000,Excluded
106,16,430,14,4,10, 0.00000000000000E+0000, 0.00000000000000E+0000,Excluded
106,16,435,16,3,13, 0.00000000000000E+0000, 0.00000000000000E+0000,Excluded
106,16,44,16,3,13, 0.00000000000000E+0000, 0.00000000000000E+0000,Excluded
106,16,461,16,3,13, 0.00000000000000E+0000, 0.00000000000000E+0000,Excluded
106,16,476,16,2,14, 0.00000000000000E+0000, 0.00000000000000E+0000,Excluded
106,16,478,16,2,14, 0.00000000000000E+0000, 0.00000000000000E+0000,Excluded
106,16,48,16,2,14, 0.00000000000000E+0000, 0.00000000000000E+0000,Excluded
106,16,484,16,1,15, 0.00000000000000E+0000, 0.00000000000000E+0000,Excluded
106,16,489,16,5,11, 0.00000000000000E+0000, 0.00000000000000E+0000,Excluded
106,16,492,13,3,10, 0.00000000000000E+0000, 0.00000000000000E+0000,Excluded
106,16,493,16,2,14, 0.00000000000000E+0000, 0.00000000000000E+0000,Excluded
106,16,494,16,2,14, 0.00000000000000E+0000, 0.00000000000000E+0000,Excluded
106,16,500,16,2,14, 0.00000000000000E+0000, 0.00000000000000E+0000,Excluded
106,16,504,16,2,14, 0.00000000000000E+0000, 0.00000000000000E+0000,Excluded
106,16,506,16,4,12, 0.00000000000000E+0000, 0.00000000000000E+0000,Excluded
106,16,52,16,2,14, 0.00000000000000E+0000, 0.00000000000000E+0000,Excluded
106,16,55,16,1,15, 0.00000000000000E+0000, 0.00000000000000E+0000,Excluded
106,16,57,16,4,12, 0.00000000000000E+0000, 0.00000000000000E+0000,Excluded
106,16,59,16,2,14, 0.00000000000000E+0000, 0.00000000000000E+0000,Excluded
106,16,6,16,5,11, 0.00000000000000E+0000, 0.00000000000000E+0000,Excluded
106,16,60,16,2,14, 0.00000000000000E+0000, 0.00000000000000E+0000,Excluded
106,16,61,16,4,12, 0.00000000000000E+0000, 0.00000000000000E+0000,Excluded
106,16,62,16,1,15, 0.00000000000000E+0000, 0.00000000000000E+0000,Excluded
106,16,65,16,2,14, 0.00000000000000E+0000, 0.00000000000000E+0000,Excluded
106,16,73,16,3,13, 0.00000000000000E+0000, 0.00000000000000E+0000,Excluded
106,16,75,16,2,14, 0.00000000000000E+0000, 0.00000000000000E+0000,Excluded
106,16,76,16,3,13, 0.00000000000000E+0000, 0.00000000000000E+0000,Excluded
106,16,77,16,3,13, 0.00000000000000E+0000, 0.00000000000000E+0000,Excluded
106,16,78,16,5,11, 0.00000000000000E+0000, 0.00000000000000E+0000,Excluded
106,16,79,16,5,11, 0.00000000000000E+0000, 0.00000000000000E+0000,Excluded
106,16,8,16,3,13, 0.00000000000000E+0000, 0.00000000000000E+0000,Excluded
106,16,84,16,4,12, 0.00000000000000E+0000, 0.00000000000000E+0000,Excluded
106,16,85,16,1,15, 0.00000000000000E+0000, 0.00000000000000E+0000,Excluded
106,16,86,16,2,14, 0.00000000000000E+0000, 0.00000000000000E+0000,Excluded
106,16,89,16,4,12, 0.00000000000000E+0000, 0.00000000000000E+0000,Excluded
106,16,94,16,3,13, 0.00000000000000E+0000, 0.00000000000000E+0000,Excluded
106,16,95,16,3,13, 0.00000000000000E+0000, 0.00000000000000E+0000,Excluded
106,16,96,16,5,11, 0.00000000000000E+0000, 0.00000000000000E+0000,Excluded
106,16,98,16,2,14, 0.00000000000000E+0000, 0.00000000000000E+0000,Excluded
108,16,109,16,3,13, 0.00000000000000E+0000, 0.00000000000000E+0000,Excluded
108,16,11,16,3,13, 0.00000000000000E+0000, 0.00000000000000E+0000,Excluded
108,16,112,16,6,10, 0.00000000000000E+0000, 0.00000000000000E+0000,Excluded
108,16,115,16,3,13, 0.00000000000000E+0000, 0.00000000000000E+0000,Excluded
108,16,116,16,3,13, 0.00000000000000E+0000, 0.00000000000000E+0000,Excluded
108,16,117,16,3,13, 0.00000000000000E+0000, 0.00000000000000E+0000,Excluded
108,16,12,16,3,13, 0.00000000000000E+0000, 0.00000000000000E+0000,Excluded
108,16,129,16,1,15, 0.00000000000000E+0000, 0.00000000000000E+0000,Excluded
108,16,132,16,5,11, 0.00000000000000E+0000, 0.00000000000000E+0000,Excluded
108,16,137,15,2,13, 0.00000000000000E+0000, 0.00000000000000E+0000,Excluded
108,16,139,16,3,13, 0.00000000000000E+0000, 0.00000000000000E+0000,Excluded
108,16,140,16,4,12, 0.00000000000000E+0000, 0.00000000000000E+0000,Excluded
108,16,142,16,2,14, 0.00000000000000E+0000, 0.00000000000000E+0000,Excluded
108,16,144,16,9,7, 0.00000000000000E+0000, 0.00000000000000E+0000,Excluded
108,16,145,16,4,12, 0.00000000000000E+0000, 0.00000000000000E+0000,Excluded
108,16,147,16,8,8, 0.00000000000000E+0000, 0.00000000000000E+0000,Excluded
108,16,157,16,3,13, 0.00000000000000E+0000, 0.00000000000000E+0000,Excluded
108,16,16,15,2,13, 0.00000000000000E+0000, 0.00000000000000E+0000,Excluded
108,16,160,16,2,14, 0.00000000000000E+0000, 0.00000000000000E+0000,Excluded
108,16,162,16,3,13, 0.00000000000000E+0000, 0.00000000000000E+0000,Excluded
108,16,166,16,7,9, 0.00000000000000E+0000, 0.00000000000000E+0000,Excluded
108,16,177,16,2,14, 0.00000000000000E+0000, 0.00000000000000E+0000,Excluded
108,16,178,16,2,14, 0.00000000000000E+0000, 0.00000000000000E+0000,Excluded
108,16,18,16,4,12, 0.00000000000000E+0000, 0.00000000000000E+0000,Excluded
108,16,186,16,5,11, 0.00000000000000E+0000, 0.00000000000000E+0000,Excluded
108,16,189,16,1,15, 0.00000000000000E+0000, 0.00000000000000E+0000,Excluded
108,16,19,16,2,14, 0.00000000000000E+0000, 0.00000000000000E+0000,Excluded
108,16,190,16,4,12, 0.00000000000000E+0000, 0.00000000000000E+0000,Excluded
108,16,191,16,4,12, 0.00000000000000E+0000, 0.00000000000000E+0000,Excluded
108,16,193,16,4,12, 0.00000000000000E+0000, 0.00000000000000E+0000,Excluded
108,16,204,16,3,13, 0.00000000000000E+0000, 0.00000000000000E+0000,Excluded
108,16,21,15,5,10, 0.00000000000000E+0000, 0.00000000000000E+0000,Excluded
108,16,211,16,4,12, 0.00000000000000E+0000, 0.00000000000000E+0000,Excluded
108,16,216,16,2,14, 0.00000000000000E+0000, 0.00000000000000E+0000,Excluded
108,16,222,16,2,14, 0.00000000000000E+0000, 0.00000000000000E+0000,Excluded
108,16,224,16,4,12, 0.00000000000000E+0000, 0.00000000000000E+0000,Excluded
108,16,226,16,1,15, 0.00000000000000E+0000, 0.00000000000000E+0000,Excluded
108,16,23,15,5,10, 0.00000000000000E+0000, 0.00000000000000E+0000,Excluded
108,16,230,16,2,14, 0.00000000000000E+0000, 0.00000000000000E+0000,Excluded
108,16,232,16,3,13, 0.00000000000000E+0000, 0.00000000000000E+0000,Excluded
108,16,238,16,0,16, 0.00000000000000E+0000, 0.00000000000000E+0000,Excluded
108,16,24,15,3,12, 0.00000000000000E+0000, 0.00000000000000E+0000,Excluded
108,16,242,16,2,14, 0.00000000000000E+0000, 0.00000000000000E+0000,Excluded
108,16,243,16,3,13, 0.00000000000000E+0000, 0.00000000000000E+0000,Excluded
108,16,244,16,4,12, 0.00000000000000E+0000, 0.00000000000000E+0000,Excluded
108,16,25,15,1,14, 0.00000000000000E+0000, 0.00000000000000E+0000,Excluded
108,16,251,16,5,11, 0.00000000000000E+0000, 0.00000000000000E+0000,Excluded
108,16,26,16,1,15, 0.00000000000000E+0000, 0.00000000000000E+0000,Excluded
108,16,266,16,4,12, 0.00000000000000E+0000, 0.00000000000000E+0000,Excluded
108,16,267,16,4,12, 0.00000000000000E+0000, 0.00000000000000E+0000,Excluded
108,16,268,16,4,12, 0.00000000000000E+0000, 0.00000000000000E+0000,Excluded
108,16,270,16,3,13, 0.00000000000000E+0000, 0.00000000000000E+0000,Excluded
108,16,276,16,5,11, 0.00000000000000E+0000, 0.00000000000000E+0000,Excluded
108,16,28,16,4,12, 0.00000000000000E+0000, 0.00000000000000E+0000,Excluded
108,16,29,16,3,13, 0.00000000000000E+0000, 0.00000000000000E+0000,Excluded
108,16,298,15,7,8, 0.00000000000000E+0000, 0.00000000000000E+0000,Excluded
108,16,3,16,4,12, 0.00000000000000E+0000, 0.00000000000000E+0000,Excluded
108,16,30,16,2,14, 0.00000000000000E+0000, 0.00000000000000E+0000,Excluded
108,16,306,16,3,13, 0.00000000000000E+0000, 0.00000000000000E+0000,Excluded
108,16,308,16,2,14, 0.00000000000000E+0000, 0.00000000000000E+0000,Excluded
108,16,311,15,2,13, 0.00000000000000E+0000, 0.00000000000000E+0000,Excluded
108,16,323,16,2,14, 0.00000000000000E+0000, 0.00000000000000E+0000,Excluded
108,16,327,16,3,13, 0.00000000000000E+0000, 0.00000000000000E+0000,Excluded
108,16,33,16,1,15, 0.00000000000000E+0000, 0.00000000000000E+0000,Excluded
108,16,334,16,2,14, 0.00000000000000E+0000, 0.00000000000000E+0000,Excluded
108,16,338,16,3,13, 0.00000000000000E+0000, 0.00000000000000E+0000,Excluded
108,16,341,16,3,13, 0.00000000000000E+0000, 0.00000000000000E+0000,Excluded
108,16,346,16,2,14, 0.00000000000000E+0000, 0.00000000000000E+0000,Excluded
108,16,348,16,2,14, 0.00000000000000E+0000, 0.00000000000000E+0000,Excluded
108,16,351,16,4,12, 0.00000000000000E+0000, 0.00000000000000E+0000,Excluded
108,16,362,16,3,13, 0.00000000000000E+0000, 0.00000000000000E+0000,Excluded
108,16,364,16,3,13, 0.00000000000000E+0000, 0.00000000000000E+0000,Excluded
108,16,366,16,3,13, 0.00000000000000E+0000, 0.00000000000000E+0000,Excluded
108,16,37,16,3,13, 0.00000000000000E+0000, 0.00000000000000E+0000,Excluded
108,16,376,16,4,12, 0.00000000000000E+0000, 0.00000000000000E+0000,Excluded
108,16,377,15,5,10, 0.00000000000000E+0000, 0.00000000000000E+0000,Excluded
108,16,378,16,7,9, 0.00000000000000E+0000, 0.00000000000000E+0000,Excluded
108,16,38,16,1,15, 0.00000000000000E+0000, 0.00000000000000E+0000,Excluded
108,16,388,16,5,11, 0.00000000000000E+0000, 0.00000000000000E+0000,Excluded
108,16,391,16,5,11, 0.00000000000000E+0000, 0.00000000000000E+0000,Excluded
108,16,396,13,2,11, 0.00000000000000E+0000, 0.00000000000000E+0000,Excluded
108,16,4,16,3,13, 0.00000000000000E+0000, 0.00000000000000E+0000,Excluded
108,16,400,13,2,11, 0.00000000000000E+0000, 0.00000000000000E+0000,Excluded
108,16,401,16,2,14, 0.00000000000000E+0000, 0.00000000000000E+0000,Excluded
108,16,406,16,2,14, 0.00000000000000E+0000, 0.00000000000000E+0000,Excluded
108,16,412,15,3,12, 0.00000000000000E+0000, 0.00000000000000E+0000,Excluded
108,16,413,16,4,12, 0.00000000000000E+0000, 0.00000000000000E+0000,Excluded
108,16,421,16,4,12, 0.00000000000000E+0000, 0.00000000000000E+0000,Excluded
108,16,423,16,2,14, 0.00000000000000E+0000, 0.00000000000000E+0000,Excluded
108,16,424,16,5,11, 0.00000000000000E+0000, 0.00000000000000E+0000,Excluded
108,16,426,16,4,12, 0.00000000000000E+0000, 0.00000000000000E+0000,Excluded
108,16,43,16,3,13, 0.00000000000000E+0000, 0.00000000000000E+0000,Excluded
108,16,430,14,4,10, 0.00000000000000E+0000, 0.00000000000000E+0000,Excluded
108,16,435,16,3,13, 0.00000000000000E+0000, 0.00000000000000E+0000,Excluded
108,16,44,16,3,13, 0.00000000000000E+0000, 0.00000000000000E+0000,Excluded
108,16,461,16,2,14, 0.00000000000000E+0000, 0.00000000000000E+0000,Excluded
108,16,476,16,4,12, 0.00000000000000E+0000, 0.00000000000000E+0000,Excluded
108,16,478,16,2,14, 0.00000000000000E+0000, 0.00000000000000E+0000,Excluded
108,16,48,16,3,13, 0.00000000000000E+0000, 0.00000000000000E+0000,Excluded
108,16,484,16,5,11, 0.00000000000000E+0000, 0.00000000000000E+0000,Excluded
108,16,489,16,3,13, 0.00000000000000E+0000, 0.00000000000000E+0000,Excluded
108,16,492,13,2,11, 0.00000000000000E+0000, 0.00000000000000E+0000,Excluded
108,16,493,16,3,13, 0.00000000000000E+0000, 0.00000000000000E+0000,Excluded
108,16,494,16,1,15, 0.00000000000000E+0000, 0.00000000000000E+0000,Excluded
108,16,500,16,0,16, 0.00000000000000E+0000, 0.00000000000000E+0000,Excluded
108,16,504,16,4,12, 0.00000000000000E+0000, 0.00000000000000E+0000,Excluded
108,16,506,16,6,10, 0.00000000000000E+0000, 0.00000000000000E+0000,Excluded
108,16,52,16,4,12, 0.00000000000000E+0000, 0.00000000000000E+0000,Excluded
108,16,55,16,4,12, 0.00000000000000E+0000, 0.00000000000000E+0000,Excluded
108,16,57,16,3,13, 0.00000000000000E+0000, 0.00000000000000E+0000,Excluded
108,16,59,16,1,15, 0.00000000000000E+0000, 0.00000000000000E+0000,Excluded
108,16,6,16,3,13, 0.00000000000000E+0000, 0.00000000000000E+0000,Excluded
108,16,60,16,5,11, 0.00000000000000E+0000, 0.00000000000000E+0000,Excluded
108,16,61,16,4,12, 0.00000000000000E+0000, 0.00000000000000E+0000,Excluded
108,16,62,16,5,11, 0.00000000000000E+0000, 0.00000000000000E+0000,Excluded
108,16,65,16,4,12, 0.00000000000000E+0000, 0.00000000000000E+0000,Excluded
108,16,73,16,6,10, 0.00000000000000E+0000, 0.00000000000000E+0000,Excluded
108,16,75,16,2,14, 0.00000000000000E+0000, 0.00000000000000E+0000,Excluded
108,16,76,16,2,14, 0.00000000000000E+0000, 0.00000000000000E+0000,Excluded
108,16,77,16,2,14, 0.00000000000000E+0000, 0.00000000000000E+0000,Excluded
108,16,78,16,1,15, 0.00000000000000E+0000, 0.00000000000000E+0000,Excluded
108,16,79,16,1,15, 0.00000000000000E+0000, 0.00000000000000E+0000,Excluded
108,16,8,16,5,11, 0.00000000000000E+0000, 0.00000000000000E+0000,Excluded
108,16,84,16,4,12, 0.00000000000000E+0000, 0.00000000000000E+0000,Excluded
108,16,85,16,2,14, 0.00000000000000E+0000, 0.00000000000000E+0000,Excluded
108,16,86,16,3,13, 0.00000000000000E+0000, 0.00000000000000E+0000,Excluded
108,16,89,16,4,12, 0.00000000000000E+0000, 0.00000000000000E+0000,Excluded
108,16,94,16,2,14, 0.00000000000000E+0000, 0.00000000000000E+0000,Excluded
108,16,95,16,3,13, 0.00000000000000E+0000, 0.00000000000000E+0000,Excluded
108,16,96,16,3,13, 0.00000000000000E+0000, 0.00000000000000E+0000,Excluded
108,16,98,16,2,14, 0.00000000000000E+0000, 0.00000000000000E+0000,Excluded
109,16,11,16,1,15, 0.00000000000000E+0000, 0.00000000000000E+0000,Excluded
109,16,112,16,2,14, 0.00000000000000E+0000, 0.00000000000000E+0000,Excluded
109,16,115,16,3,13, 0.00000000000000E+0000, 0.00000000000000E+0000,Excluded
109,16,116,16,2,14, 0.00000000000000E+0000, 0.00000000000000E+0000,Excluded
109,16,117,16,2,14, 0.00000000000000E+0000, 0.00000000000000E+0000,Excluded
109,16,12,16,1,15, 0.00000000000000E+0000, 0.00000000000000E+0000,Excluded
109,16,129,16,2,14, 0.00000000000000E+0000, 0.00000000000000E+0000,Excluded
109,16,132,16,1,15, 0.00000000000000E+0000, 0.00000000000000E+0000,Excluded
109,16,137,15,1,14, 0.00000000000000E+0000, 0.00000000000000E+0000,Excluded
109,16,139,16,3,13, 0.00000000000000E+0000, 0.00000000000000E+0000,Excluded
109,16,140,16,6,10, 0.00000000000000E+0000, 0.00000000000000E+0000,Excluded
109,16,142,16,2,14, 0.00000000000000E+0000, 0.00000000000000E+0000,Excluded
109,16,144,16,4,12, 0.00000000000000E+0000, 0.00000000000000E+0000,Excluded
109,16,145,16,2,14, 0.00000000000000E+0000, 0.00000000000000E+0000,Excluded
109,16,147,16,2,14, 0.00000000000000E+0000, 0.00000000000000E+0000,Excluded
109,16,157,16,0,16, 0.00000000000000E+0000, 0.00000000000000E+0000,Excluded
109,16,16,15,2,13, 0.00000000000000E+0000, 0.00000000000000E+0000,Excluded
109,16,160,16,2,14, 0.00000000000000E+0000, 0.00000000000000E+0000,Excluded
109,16,162,16,3,13, 0.00000000000000E+0000, 0.00000000000000E+0000,Excluded
109,16,166,16,3,13, 0.00000000000000E+0000, 0.00000000000000E+0000,Excluded
109,16,177,16,3,13, 0.00000000000000E+0000, 0.00000000000000E+0000,Excluded
109,16,178,16,5,11, 0.00000000000000E+0000, 0.00000000000000E+0000,Excluded
109,16,18,16,1,15, 0.00000000000000E+0000, 0.00000000000000E+0000,Excluded
109,16,186,16,3,13, 0.00000000000000E+0000, 0.00000000000000E+0000,Excluded
109,16,189,16,2,14, 0.00000000000000E+0000, 0.00000000000000E+0000,Excluded
109,16,19,16,6,10, 0.00000000000000E+0000, 0.00000000000000E+0000,Excluded
109,16,190,16,2,14, 0.00000000000000E+0000, 0.00000000000000E+0000,Excluded
109,16,191,16,2,14, 0.00000000000000E+0000, 0.00000000000000E+0000,Excluded
109,16,193,16,2,14, 0.00000000000000E+0000, 0.00000000000000E+0000,Excluded
109,16,204,16,2,14, 0.00000000000000E+0000, 0.00000000000000E+0000,Excluded
109,16,21,15,2,13, 0.00000000000000E+0000, 0.00000000000000E+0000,Excluded
109,16,211,16,0,16, 0.00000000000000E+0000, 0.00000000000000E+0000,Excluded
109,16,216,16,2,14, 0.00000000000000E+0000, 0.00000000000000E+0000,Excluded
109,16,222,16,5,11, 0.00000000000000E+0000, 0.00000000000000E+0000,Excluded
109,16,224,16,1,15, 0.00000000000000E+0000, 0.00000000000000E+0000,Excluded
109,16,226,16,2,14, 0.00000000000000E+0000, 0.00000000000000E+0000,Excluded
109,16,23,15,1,14, 0.00000000000000E+0000, 0.00000000000000E+0000,Excluded
109,16,230,16,2,14, 0.00000000000000E+0000, 0.00000000000000E+0000,Excluded
109,16,232,16,3,13, 0.00000000000000E+0000, 0.00000000000000E+0000,Excluded
109,16,238,16,1,15, 0.00000000000000E+0000, 0.00000000000000E+0000,Excluded
109,16,24,15,1,14, 0.00000000000000E+0000, 0.00000000000000E+0000,Excluded
109,16,242,16,0,16, 0.00000000000000E+0000, 0.00000000000000E+0000,Excluded
109,16,243,16,3,13, 0.00000000000000E+0000, 0.00000000000000E+0000,Excluded
109,16,244,16,2,14, 0.00000000000000E+0000, 0.00000000000000E+0000,Excluded
109,16,25,15,3,12, 0.00000000000000E+0000, 0.00000000000000E+0000,Excluded
109,16,251,16,0,16, 0.00000000000000E+0000, 0.00000000000000E+0000,Excluded
109,16,26,16,1,15, 0.00000000000000E+0000, 0.00000000000000E+0000,Excluded
109,16,266,16,3,13, 0.00000000000000E+0000, 0.00000000000000E+0000,Excluded
109,16,267,16,4,12, 0.00000000000000E+0000, 0.00000000000000E+0000,Excluded
109,16,268,16,4,12, 0.00000000000000E+0000, 0.00000000000000E+0000,Excluded
109,16,270,16,3,13, 0.00000000000000E+0000, 0.00000000000000E+0000,Excluded
109,16,276,16,5,11, 0.00000000000000E+0000, 0.00000000000000E+0000,Excluded
109,16,28,16,3,13, 0.00000000000000E+0000, 0.00000000000000E+0000,Excluded
109,16,29,16,3,13, 0.00000000000000E+0000, 0.00000000000000E+0000,Excluded
109,16,298,15,2,13, 0.00000000000000E+0000, 0.00000000000000E+0000,Excluded
109,16,3,16,3,13, 0.00000000000000E+0000, 0.00000000000000E+0000,Excluded
109,16,30,16,3,13, 0.00000000000000E+0000, 0.00000000000000E+0000,Excluded
109,16,306,16,2,14, 0.00000000000000E+0000, 0.00000000000000E+0000,Excluded
109,16,308,16,0,16, 0.00000000000000E+0000, 0.00000000000000E+0000,Excluded
109,16,311,15,3,12, 0.00000000000000E+0000, 0.00000000000000E+0000,Excluded
109,16,323,16,3,13, 0.00000000000000E+0000, 0.00000000000000E+0000,Excluded
109,16,327,16,2,14, 0.00000000000000E+0000, 0.00000000000000E+0000,Excluded
109,16,33,16,2,14, 0.00000000000000E+0000, 0.00000000000000E+0000,Excluded
109,16,334,16,1,15, 0.00000000000000E+0000, 0.00000000000000E+0000,Excluded
109,16,338,16,2,14, 0.00000000000000E+0000, 0.00000000000000E+0000,Excluded
109,16,341,16,3,13, 0.00000000000000E+0000, 0.00000000000000E+0000,Excluded
109,16,346,16,3,13, 0.00000000000000E+0000, 0.00000000000000E+0000,Excluded
109,16,348,16,5,11, 0.00000000000000E+0000, 0.00000000000000E+0000,Excluded
109,16,351,16,0,16, 0.00000000000000E+0000, 0.00000000000000E+0000,Excluded
109,16,362,16,3,13, 0.00000000000000E+0000, 0.00000000000000E+0000,Excluded
109,16,364,16,2,14, 0.00000000000000E+0000, 0.00000000000000E+0000,Excluded
109,16,366,16,4,12, 0.00000000000000E+0000, 0.00000000000000E+0000,Excluded
109,16,37,16,2,14, 0.00000000000000E+0000, 0.00000000000000E+0000,Excluded
109,16,376,16,1,15, 0.00000000000000E+0000, 0.00000000000000E+0000,Excluded
109,16,377,15,1,14, 0.00000000000000E+0000, 0.00000000000000E+0000,Excluded
109,16,378,16,1,15, 0.00000000000000E+0000, 0.00000000000000E+0000,Excluded
109,16,38,16,3,13, 0.00000000000000E+0000, 0.00000000000000E+0000,Excluded
109,16,388,16,5,11, 0.00000000000000E+0000, 0.00000000000000E+0000,Excluded
109,16,391,16,2,14, 0.00000000000000E+0000, 0.00000000000000E+0000,Excluded
109,16,396,13,3,10, 0.00000000000000E+0000, 0.00000000000000E+0000,Excluded
109,16,4,16,2,14, 0.00000000000000E+0000, 0.00000000000000E+0000,Excluded
109,16,400,13,3,10, 0.00000000000000E+0000, 0.00000000000000E+0000,Excluded
109,16,401,16,2,14, 0.00000000000000E+0000, 0.00000000000000E+0000,Excluded
109,16,406,16,2,14, 0.00000000000000E+0000, 0.00000000000000E+0000,Excluded
109,16,412,15,3,12, 0.00000000000000E+0000, 0.00000000000000E+0000,Excluded
109,16,413,16,3,13, 0.00000000000000E+0000, 0.00000000000000E+0000,Excluded
109,16,421,16,1,15, 0.00000000000000E+0000, 0.00000000000000E+0000,Excluded
109,16,423,16,2,14, 0.00000000000000E+0000, 0.00000000000000E+0000,Excluded
109,16,424,16,2,14, 0.00000000000000E+0000, 0.00000000000000E+0000,Excluded
109,16,426,16,1,15, 0.00000000000000E+0000, 0.00000000000000E+0000,Excluded
109,16,43,16,1,15, 0.00000000000000E+0000, 0.00000000000000E+0000,Excluded
109,16,430,14,3,11, 0.00000000000000E+0000, 0.00000000000000E+0000,Excluded
109,16,435,16,5,11, 0.00000000000000E+0000, 0.00000000000000E+0000,Excluded
109,16,44,16,1,15, 0.00000000000000E+0000, 0.00000000000000E+0000,Excluded
109,16,461,16,0,16, 0.00000000000000E+0000, 0.00000000000000E+0000,Excluded
109,16,476,16,3,13, 0.00000000000000E+0000, 0.00000000000000E+0000,Excluded
109,16,478,16,1,15, 0.00000000000000E+0000, 0.00000000000000E+0000,Excluded
109,16,48,16,1,15, 0.00000000000000E+0000, 0.00000000000000E+0000,Excluded
109,16,484,16,3,13, 0.00000000000000E+0000, 0.00000000000000E+0000,Excluded
109,16,489,16,1,15, 0.00000000000000E+0000, 0.00000000000000E+0000,Excluded
109,16,492,13,1,12, 0.00000000000000E+0000, 0.00000000000000E+0000,Excluded
109,16,493,16,1,15, 0.00000000000000E+0000, 0.00000000000000E+0000,Excluded
109,16,494,16,3,13, 0.00000000000000E+0000, 0.00000000000000E+0000,Excluded
109,16,500,16,3,13, 0.00000000000000E+0000, 0.00000000000000E+0000,Excluded
109,16,504,16,4,12, 0.00000000000000E+0000, 0.00000000000000E+0000,Excluded
109,16,506,16,5,11, 0.00000000000000E+0000, 0.00000000000000E+0000,Excluded
109,16,52,16,1,15, 0.00000000000000E+0000, 0.00000000000000E+0000,Excluded
109,16,55,16,2,14, 0.00000000000000E+0000, 0.00000000000000E+0000,Excluded
109,16,57,16,3,13, 0.00000000000000E+0000, 0.00000000000000E+0000,Excluded
109,16,59,16,3,13, 0.00000000000000E+0000, 0.00000000000000E+0000,Excluded
109,16,6,16,4,12, 0.00000000000000E+0000, 0.00000000000000E+0000,Excluded
109,16,60,16,0,16, 0.00000000000000E+0000, 0.00000000000000E+0000,Excluded
109,16,61,16,5,11, 0.00000000000000E+0000, 0.00000000000000E+0000,Excluded
109,16,62,16,0,16, 0.00000000000000E+0000, 0.00000000000000E+0000,Excluded
109,16,65,16,1,15, 0.00000000000000E+0000, 0.00000000000000E+0000,Excluded
109,16,73,16,4,12, 0.00000000000000E+0000, 0.00000000000000E+0000,Excluded
109,16,75,16,3,13, 0.00000000000000E+0000, 0.00000000000000E+0000,Excluded
109,16,76,16,2,14, 0.00000000000000E+0000, 0.00000000000000E+0000,Excluded
109,16,77,16,3,13, 0.00000000000000E+0000, 0.00000000000000E+0000,Excluded
109,16,78,16,7,9, 0.00000000000000E+0000, 0.00000000000000E+0000,Excluded
109,16,79,16,4,12, 0.00000000000000E+0000, 0.00000000000000E+0000,Excluded
109,16,8,16,1,15, 0.00000000000000E+0000, 0.00000000000000E+0000,Excluded
109,16,84,16,0,16, 0.00000000000000E+0000, 0.00000000000000E+0000,Excluded
109,16,85,16,2,14, 0.00000000000000E+0000, 0.00000000000000E+0000,Excluded
109,16,86,16,2,14, 0.00000000000000E+0000, 0.00000000000000E+0000,Excluded
109,16,89,16,1,15, 0.00000000000000E+0000, 0.00000000000000E+0000,Excluded
109,16,94,16,1,15, 0.00000000000000E+0000, 0.00000000000000E+0000,Excluded
109,16,95,16,3,13, 0.00000000000000E+0000, 0.00000000000000E+0000,Excluded
109,16,96,16,3,13, 0.00000000000000E+0000, 0.00000000000000E+0000,Excluded
109,16,98,16,3,13, 0.00000000000000E+0000, 0.00000000000000E+0000,Excluded
11,16,112,16,3,13, 0.00000000000000E+0000, 0.00000000000000E+0000,Excluded
11,16,115,16,4,12, 0.00000000000000E+0000, 0.00000000000000E+0000,Excluded
11,16,116,16,2,14, 0.00000000000000E+0000, 0.00000000000000E+0000,Excluded
11,16,117,16,3,13, 0.00000000000000E+0000, 0.00000000000000E+0000,Excluded
11,16,12,16,2,14, 0.00000000000000E+0000, 0.00000000000000E+0000,Excluded
11,16,129,16,3,13, 0.00000000000000E+0000, 0.00000000000000E+0000,Excluded
11,16,132,16,5,11, 0.00000000000000E+0000, 0.00000000000000E+0000,Excluded
11,16,137,15,3,12, 0.00000000000000E+0000, 0.00000000000000E+0000,Excluded
11,16,139,16,3,13, 0.00000000000000E+0000, 0.00000000000000E+0000,Excluded
11,16,140,16,2,14, 0.00000000000000E+0000, 0.00000000000000E+0000,Excluded
11,16,142,16,5,11, 0.00000000000000E+0000, 0.00000000000000E+0000,Excluded
11,16,144,16,2,14, 0.00000000000000E+0000, 0.00000000000000E+0000,Excluded
11,16,145,16,3,13, 0.00000000000000E+0000, 0.00000000000000E+0000,Excluded
11,16,147,16,2,14, 0.00000000000000E+0000, 0.00000000000000E+0000,Excluded
11,16,157,16,3,13, 0.00000000000000E+0000, 0.00000000000000E+0000,Excluded
11,16,16,15,4,11, 0.00000000000000E+0000, 0.00000000000000E+0000,Excluded
11,16,160,16,3,13, 0.00000000000000E+0000, 0.00000000000000E+0000,Excluded
11,16,162,16,2,14, 0.00000000000000E+0000, 0.00000000000000E+0000,Excluded
11,16,166,16,5,11, 0.00000000000000E+0000, 0.00000000000000E+0000,Excluded
11,16,177,16,2,14, 0.00000000000000E+0000, 0.00000000000000E+0000,Excluded
11,16,178,16,3,13, 0.00000000000000E+0000, 0.00000000000000E+0000,Excluded
11,16,18,16,3,13, 0.00000000000000E+0000, 0.00000000000000E+0000,Excluded
11,16,186,16,3,13, 0.00000000000000E+0000, 0.00000000000000E+0000,Excluded
11,16,189,16,3,13, 0.00000000000000E+0000, 0.00000000000000E+0000,Excluded
11,16,19,16,3,13, 0.00000000000000E+0000, 0.00000000000000E+0000,Excluded
11,16,190,16,7,9, 0.00000000000000E+0000, 0.00000000000000E+0000,Excluded
11,16,191,16,4,12, 0.00000000000000E+0000, 0.00000000000000E+0000,Excluded
11,16,193,16,4,12, 0.00000000000000E+0000, 0.00000000000000E+0000,Excluded
11,16,204,16,4,12, 0.00000000000000E+0000, 0.00000000000000E+0000,Excluded
11,16,21,15,3,12, 0.00000000000000E+0000, 0.00000000000000E+0000,Excluded
11,16,211,16,3,13, 0.00000000000000E+0000, 0.00000000000000E+0000,Excluded
11,16,216,16,2,14, 0.00000000000000E+0000, 0.00000000000000E+0000,Excluded
11,16,222,16,3,13, 0.00000000000000E+0000, 0.00000000000000E+0000,Excluded
11,16,224,16,5,11, 0.00000000000000E+0000, 0.00000000000000E+0000,Excluded
11,16,226,16,2,14, 0.00000000000000E+0000, 0.00000000000000E+0000,Excluded
11,16,23,15,0,15, 0.00000000000000E+0000, 0.00000000000000E+0000,Excluded
11,16,230,16,2,14, 0.00000000000000E+0000, 0.00000000000000E+0000,Excluded
11,16,232,16,4,12, 0.00000000000000E+0000, 0.00000000000000E+0000,Excluded
11,16,238,16,1,15, 0.00000000000000E+0000, 0.00000000000000E+0000,Excluded
11,16,24,15,6,9, 0.00000000000000E+0000, 0.00000000000000E+0000,Excluded
11,16,242,16,3,13, 0.00000000000000E+0000, 0.00000000000000E+0000,Excluded
11,16,243,16,3,13, 0.00000000000000E+0000, 0.00000000000000E+0000,Excluded
11,16,244,16,1,15, 0.00000000000000E+0000, 0.00000000000000E+0000,Excluded
11,16,25,15,2,13, 0.00000000000000E+0000, 0.00000000000000E+0000,Excluded
11,16,251,16,4,12, 0.00000000000000E+0000, 0.00000000000000E+0000,Excluded
11,16,26,16,3,13, 0.00000000000000E+0000, 0.00000000000000E+0000,Excluded
11,16,266,16,2,14, 0.00000000000000E+0000, 0.00000000000000E+0000,Excluded
11,16,267,16,1,15, 0.00000000000000E+0000, 0.00000000000000E+0000,Excluded
11,16,268,16,4,12, 0.00000000000000E+0000, 0.00000000000000E+0000,Excluded
11,16,270,16,2,14, 0.00000000000000E+0000, 0.00000000000000E+0000,Excluded
11,16,276,16,4,12, 0.00000000000000E+0000, 0.00000000000000E+0000,Excluded
11,16,28,16,5,11, 0.00000000000000E+0000, 0.00000000000000E+0000,Excluded
11,16,29,16,5,11, 0.00000000000000E+0000, 0.00000000000000E+0000,Excluded
11,16,298,15,3,12, 0.00000000000000E+0000, 0.00000000000000E+0000,Excluded
11,16,3,16,2,14, 0.00000000000000E+0000, 0.00000000000000E+0000,Excluded
11,16,30,16,5,11, 0.00000000000000E+0000, 0.00000000000000E+0000,Excluded
11,16,306,16,4,12, 0.00000000000000E+0000, 0.00000000000000E+0000,Excluded
11,16,308,16,2,14, 0.00000000000000E+0000, 0.00000000000000E+0000,Excluded
11,16,311,15,3,12, 0.00000000000000E+0000, 0.00000000000000E+0000,Excluded
11,16,323,16,3,13, 0.00000000000000E+0000, 0.00000000000000E+0000,Excluded
11,16,327,16,7,9, 0.00000000000000E+0000, 0.00000000000000E+0000,Excluded
11,16,33,16,1,15, 0.00000000000000E+0000, 0.00000000000000E+0000,Excluded
11,16,334,16,0,16, 0.00000000000000E+0000, 0.00000000000000E+0000,Excluded
11,16,338,16,3,13, 0.00000000000000E+0000, 0.00000000000000E+0000,Excluded
11,16,341,16,3,13, 0.00000000000000E+0000, 0.00000000000000E+0000,Excluded
11,16,346,16,4,12, 0.00000000000000E+0000, 0.00000000000000E+0000,Excluded
11,16,348,16,3,13, 0.00000000000000E+0000, 0.00000000000000E+0000,Excluded
11,16,351,16,5,11, 0.00000000000000E+0000, 0.00000000000000E+0000,Excluded
11,16,362,16,3,13, 0.00000000000000E+0000, 0.00000000000000E+0000,Excluded
11,16,364,16,3,13, 0.00000000000000E+0000, 0.00000000000000E+0000,Excluded
11,16,366,16,0,16, 0.00000000000000E+0000, 0.00000000000000E+0000,Excluded
11,16,37,16,3,13, 0.00000000000000E+0000, 0.00000000000000E+0000,Excluded
11,16,376,16,3,13, 0.00000000000000E+0000, 0.00000000000000E+0000,Excluded
11,16,377,15,4,11, 0.00000000000000E+0000, 0.00000000000000E+0000,Excluded
11,16,378,16,5,11, 0.00000000000000E+0000, 0.00000000000000E+0000,Excluded
11,16,38,16,3,13, 0.00000000000000E+0000, 0.00000000000000E+0000,Excluded
11,16,388,16,1,15, 0.00000000000000E+0000, 0.00000000000000E+0000,Excluded
11,16,391,16,2,14, 0.00000000000000E+0000, 0.00000000000000E+0000,Excluded
11,16,396,13,5,8, 0.00000000000000E+0000, 0.00000000000000E+0000,Excluded
11,16,4,16,4,12, 0.00000000000000E+0000, 0.00000000000000E+0000,Excluded
11,16,400,13,1,12, 0.00000000000000E+0000, 0.00000000000000E+0000,Excluded
11,16,401,16,3,13, 0.00000000000000E+0000, 0.00000000000000E+0000,Excluded
11,16,406,16,7,9, 0.00000000000000E+0000, 0.00000000000000E+0000,Excluded
11,16,412,15,4,11, 0.00000000000000E+0000, 0.00000000000000E+0000,Excluded
11,16,413,16,1,15, 0.00000000000000E+0000, 0.00000000000000E+0000,Excluded
11,16,421,16,5,11, 0.00000000000000E+0000, 0.00000000000000E+0000,Excluded
11,16,423,16,6,10, 0.00000000000000E+0000, 0.00000000000000E+0000,Excluded
11,16,424,16,1,15, 0.00000000000000E+0000, 0.00000000000000E+0000,Excluded
11,16,426,16,1,15, 0.00000000000000E+0000, 0.00000000000000E+0000,Excluded
11,16,43,16,3,13, 0.00000000000000E+0000, 0.00000000000000E+0000,Excluded
11,16,430,14,4,10, 0.00000000000000E+0000, 0.00000000000000E+0000,Excluded
11,16,435,16,1,15, 0.00000000000000E+0000, 0.00000000000000E+0000,Excluded
11,16,44,16,5,11, 0.00000000000000E+0000, 0.00000000000000E+0000,Excluded
11,16,461,16,4,12, 0.00000000000000E+0000, 0.00000000000000E+0000,Excluded
11,16,476,16,2,14, 0.00000000000000E+0000, 0.00000000000000E+0000,Excluded
11,16,478,16,3,13, 0.00000000000000E+0000, 0.00000000000000E+0000,Excluded
11,16,48,16,2,14, 0.00000000000000E+0000, 0.00000000000000E+0000,Excluded
11,16,484,16,3,13, 0.00000000000000E+0000, 0.00000000000000E+0000,Excluded
11,16,489,16,5,11, 0.00000000000000E+0000, 0.00000000000000E+0000,Excluded
11,16,492,13,0,13, 0.00000000000000E+0000, 0.00000000000000E+0000,Excluded
11,16,493,16,2,14, 0.00000000000000E+0000, 0.00000000000000E+0000,Excluded
11,16,494,16,1,15, 0.00000000000000E+0000, 0.00000000000000E+0000,Excluded
11,16,500,16,2,14, 0.00000000000000E+0000, 0.00000000000000E+0000,Excluded
11,16,504,16,4,12, 0.00000000000000E+0000, 0.00000000000000E+0000,Excluded
11,16,506,16,1,15, 0.00000000000000E+0000, 0.00000000000000E+0000,Excluded
11,16,52,16,3,13, 0.00000000000000E+0000, 0.00000000000000E+0000,Excluded
11,16,55,16,5,11, 0.00000000000000E+0000, 0.00000000000000E+0000,Excluded
11,16,57,16,3,13, 0.00000000000000E+0000, 0.00000000000000E+0000,Excluded
11,16,59,16,2,14, 0.00000000000000E+0000, 0.00000000000000E+0000,Excluded
11,16,6,16,2,14, 0.00000000000000E+0000, 0.00000000000000E+0000,Excluded
11,16,60,16,4,12, 0.00000000000000E+0000, 0.00000000000000E+0000,Excluded
11,16,61,16,4,12, 0.00000000000000E+0000, 0.00000000000000E+0000,Excluded
11,16,62,16,4,12, 0.00000000000000E+0000, 0.00000000000000E+0000,Excluded
11,16,65,16,3,13, 0.00000000000000E+0000, 0.00000000000000E+0000,Excluded
11,16,73,16,3,13, 0.00000000000000E+0000, 0.00000000000000E+0000,Excluded
11,16,75,16,2,14, 0.00000000000000E+0000, 0.00000000000000E+0000,Excluded
11,16,76,16,4,12, 0.00000000000000E+0000, 0.00000000000000E+0000,Excluded
11,16,77,16,2,14, 0.00000000000000E+0000, 0.00000000000000E+0000,Excluded
11,16,78,16,1,15, 0.00000000000000E+0000, 0.00000000000000E+0000,Excluded
11,16,79,16,0,16, 0.00000000000000E+0000, 0.00000000000000E+0000,Excluded
11,16,8,16,2,14, 0.00000000000000E+0000, 0.00000000000000E+0000,Excluded
11,16,84,16,4,12, 0.00000000000000E+0000, 0.00000000000000E+0000,Excluded
11,16,85,16,5,11, 0.00000000000000E+0000, 0.00000000000000E+0000,Excluded
11,16,86,16,4,12, 0.00000000000000E+0000, 0.00000000000000E+0000,Excluded
11,16,89,16,2,14, 0.00000000000000E+0000, 0.00000000000000E+0000,Excluded
11,16,94,16,3,13, 0.00000000000000E+0000, 0.00000000000000E+0000,Excluded
11,16,95,16,2,14, 0.00000000000000E+0000, 0.00000000000000E+0000,Excluded
11,16,96,16,2,14, 0.00000000000000E+0000, 0.00000000000000E+0000,Excluded
11,16,98,16,5,11, 0.00000000000000E+0000, 0.00000000000000E+0000,Excluded
112,16,115,16,3,13, 0.00000000000000E+0000, 0.00000000000000E+0000,Excluded
112,16,116,16,3,13, 0.00000000000000E+0000, 0.00000000000000E+0000,Excluded
112,16,117,16,3,13, 0.00000000000000E+0000, 0.00000000000000E+0000,Excluded
112,16,12,16,5,11, 0.00000000000000E+0000, 0.00000000000000E+0000,Excluded
112,16,129,16,2,14, 0.00000000000000E+0000, 0.00000000000000E+0000,Excluded
112,16,132,16,3,13, 0.00000000000000E+0000, 0.00000000000000E+0000,Excluded
112,16,137,15,6,9, 0.00000000000000E+0000, 0.00000000000000E+0000,Excluded
112,16,139,16,4,12, 0.00000000000000E+0000, 0.00000000000000E+0000,Excluded
112,16,140,16,3,13, 0.00000000000000E+0000, 0.00000000000000E+0000,Excluded
112,16,142,16,6,10, 0.00000000000000E+0000, 0.00000000000000E+0000,Excluded
112,16,144,16,2,14, 0.00000000000000E+0000, 0.00000000000000E+0000,Excluded
112,16,145,16,7,9, 0.00000000000000E+0000, 0.00000000000000E+0000,Excluded
112,16,147,16,4,12, 0.00000000000000E+0000, 0.00000000000000E+0000,Excluded
112,16,157,16,3,13, 0.00000000000000E+0000, 0.00000000000000E+0000,Excluded
112,16,16,15,2,13, 0.00000000000000E+0000, 0.00000000000000E+0000,Excluded
112,16,160,16,4,12, 0.00000000000000E+0000, 0.00000000000000E+0000,Excluded
112,16,162,16,4,12, 0.00000000000000E+0000, 0.00000000000000E+0000,Excluded
112,16,166,16,4,12, 0.00000000000000E+0000, 0.00000000000000E+0000,Excluded
112,16,177,16,5,11, 0.00000000000000E+0000, 0.00000000000000E+0000,Excluded
112,16,178,16,3,13, 0.00000000000000E+0000, 0.00000000000000E+0000,Excluded
112,16,18,16,5,11, 0.00000000000000E+0000, 0.00000000000000E+0000,Excluded
112,16,186,16,3,13, 0.00000000000000E+0000, 0.00000000000000E+0000,Excluded
112,16,189,16,3,13, 0.00000000000000E+0000, 0.00000000000000E+0000,Excluded
112,16,19,16,5,11, 0.00000000000000E+0000, 0.00000000000000E+0000,Excluded
112,16,190,16,3,13, 0.00000000000000E+0000, 0.00000000000000E+0000,Excluded
112,16,191,16,4,12, 0.00000000000000E+0000, 0.00000000000000E+0000,Excluded
112,16,193,16,6,10, 0.00000000000000E+0000, 0.00000000000000E+0000,Excluded
112,16,204,16,3,13, 0.00000000000000E+0000, 0.00000000000000E+0000,Excluded
112,16,21,15,4,11, 0.00000000000000E+0000, 0.00000000000000E+0000,Excluded
112,16,211,16,2,14, 0.00000000000000E+0000, 0.00000000000000E+0000,Excluded
112,16,216,16,2,14, 0.00000000000000E+0000, 0.00000000000000E+0000,Excluded
112,16,222,16,2,14, 0.00000000000000E+0000, 0.00000000000000E+0000,Excluded
112,16,224,16,3,13, 0.00000000000000E+0000, 0.00000000000000E+0000,Excluded
112,16,226,16,2,14, 0.00000000000000E+0000, 0.00000000000000E+0000,Excluded
112,16,23,15,5,10, 0.00000000000000E+0000, 0.00000000000000E+0000,Excluded
112,16,230,16,3,13, 0.00000000000000E+0000, 0.00000000000000E+0000,Excluded
112,16,232,16,7,9, 0.00000000000000E+0000, 0.00000000000000E+0000,Excluded
112,16,238,16,2,14, 0.00000000000000E+0000, 0.00000000000000E+0000,Excluded
112,16,24,15,3,12, 0.00000000000000E+0000, 0.00000000000000E+0000,Excluded
112,16,242,16,3,13, 0.00000000000000E+0000, 0.00000000000000E+0000,Excluded
112,16,243,16,4,12, 0.00000000000000E+0000, 0.00000000000000E+0000,Excluded
112,16,244,16,7,9, 0.00000000000000E+0000, 0.00000000000000E+0000,Excluded
112,16,25,15,1,14, 0.00000000000000E+0000, 0.00000000000000E+0000,Excluded
112,16,251,16,6,10, 0.00000000000000E+0000, 0.00000000000000E+0000,Excluded
112,16,26,16,2,14, 0.00000000000000E+0000, 0.00000000000000E+0000,Excluded
112,16,266,16,3,13, 0.00000000000000E+0000, 0.00000000000000E+0000,Excluded
112,16,267,16,3,13, 0.00000000000000E+0000, 0.00000000000000E+0000,Excluded
112,16,268,16,4,12, 0.00000000000000E+0000, 0.00000000000000E+0000,Excluded
112,16,270,16,5,11, 0.00000000000000E+0000, 0.00000000000000E+0000,Excluded
112,16,276,16,7,9, 0.00000000000000E+0000, 0.00000000000000E+0000,Excluded
112,16,28,16,4,12, 0.00000000000000E+0000, 0.00000000000000E+0000,Excluded
112,16,29,16,3,13, 0.00000000000000E+0000, 0.00000000000000E+0000,Excluded
112,16,298,15,4,11, 0.00000000000000E+0000, 0.00000000000000E+0000,Excluded
112,16,3,16,4,12, 0.00000000000000E+0000, 0.00000000000000E+0000,Excluded
112,16,30,16,2,14, 0.00000000000000E+0000, 0.00000000000000E+0000,Excluded
112,16,306,16,5,11, 0.00000000000000E+0000, 0.00000000000000E+0000,Excluded
112,16,308,16,4,12, 0.00000000000000E+0000, 0.00000000000000E+0000,Excluded
112,16,311,15,3,12, 0.00000000000000E+0000, 0.00000000000000E+0000,Excluded
112,16,323,16,3,13, 0.00000000000000E+0000, 0.00000000000000E+0000,Excluded
112,16,327,16,3,13, 0.00000000000000E+0000, 0.00000000000000E+0000,Excluded
112,16,33,16,2,14, 0.00000000000000E+0000, 0.00000000000000E+0000,Excluded
112,16,334,16,4,12, 0.00000000000000E+0000, 0.00000000000000E+0000,Excluded
112,16,338,16,3,13, 0.00000000000000E+0000, 0.00000000000000E+0000,Excluded
112,16,341,16,3,13, 0.00000000000000E+0000, 0.00000000000000E+0000,Excluded
112,16,346,16,6,10, 0.00000000000000E+0000, 0.00000000000000E+0000,Excluded
112,16,348,16,3,13, 0.00000000000000E+0000, 0.00000000000000E+0000,Excluded
112,16,351,16,5,11, 0.00000000000000E+0000, 0.00000000000000E+0000,Excluded
112,16,362,16,3,13, 0.00000000000000E+0000, 0.00000000000000E+0000,Excluded
112,16,364,16,5,11, 0.00000000000000E+0000, 0.00000000000000E+0000,Excluded
112,16,366,16,3,13, 0.00000000000000E+0000, 0.00000000000000E+0000,Excluded
112,16,37,16,4,12, 0.00000000000000E+0000, 0.00000000000000E+0000,Excluded
112,16,376,16,3,13, 0.00000000000000E+0000, 0.00000000000000E+0000,Excluded
112,16,377,15,6,9, 0.00000000000000E+0000, 0.00000000000000E+0000,Excluded
112,16,378,16,6,10, 0.00000000000000E+0000, 0.00000000000000E+0000,Excluded
112,16,38,16,1,15, 0.00000000000000E+0000, 0.00000000000000E+0000,Excluded
112,16,388,16,5,11, 0.00000000000000E+0000, 0.00000000000000E+0000,Excluded
112,16,391,16,3,13, 0.00000000000000E+0000, 0.00000000000000E+0000,Excluded
112,16,396,13,3,10, 0.00000000000000E+0000, 0.00000000000000E+0000,Excluded
112,16,4,16,4,12, 0.00000000000000E+0000, 0.00000000000000E+0000,Excluded
112,16,400,13,3,10, 0.00000000000000E+0000, 0.00000000000000E+0000,Excluded
112,16,401,16,1,15, 0.00000000000000E+0000, 0.00000000000000E+0000,Excluded
112,16,406,16,3,13, 0.00000000000000E+0000, 0.00000000000000E+0000,Excluded
112,16,412,15,4,11, 0.00000000000000E+0000, 0.00000000000000E+0000,Excluded
112,16,413,16,5,11, 0.00000000000000E+0000, 0.00000000000000E+0000,Excluded
112,16,421,16,5,11, 0.00000000000000E+0000, 0.00000000000000E+0000,Excluded
112,16,423,16,3,13, 0.00000000000000E+0000, 0.00000000000000E+0000,Excluded
112,16,424,16,6,10, 0.00000000000000E+0000, 0.00000000000000E+0000,Excluded
112,16,426,16,7,9, 0.00000000000000E+0000, 0.00000000000000E+0000,Excluded
112,16,43,16,4,12, 0.00000000000000E+0000, 0.00000000000000E+0000,Excluded
112,16,430,14,5,9, 0.00000000000000E+0000, 0.00000000000000E+0000,Excluded
112,16,435,16,5,11, 0.00000000000000E+0000, 0.00000000000000E+0000,Excluded
112,16,44,16,2,14, 0.00000000000000E+0000, 0.00000000000000E+0000,Excluded
112,16,461,16,6,10, 0.00000000000000E+0000, 0.00000000000000E+0000,Excluded
112,16,476,16,3,13, 0.00000000000000E+0000, 0.00000000000000E+0000,Excluded
112,16,478,16,6,10, 0.00000000000000E+0000, 0.00000000000000E+0000,Excluded
112,16,48,16,4,12, 0.00000000000000E+0000, 0.00000000000000E+0000,Excluded
112,16,484,16,3,13, 0.00000000000000E+0000, 0.00000000000000E+0000,Excluded
112,16,489,16,5,11, 0.00000000000000E+0000, 0.00000000000000E+0000,Excluded
112,16,492,13,3,10, 0.00000000000000E+0000, 0.00000000000000E+0000,Excluded
112,16,493,16,1,15, 0.00000000000000E+0000, 0.00000000000000E+0000,Excluded
112,16,494,16,2,14, 0.00000000000000E+0000, 0.00000000000000E+0000,Excluded
112,16,500,16,3,13, 0.00000000000000E+0000, 0.00000000000000E+0000,Excluded
112,16,504,16,5,11, 0.00000000000000E+0000, 0.00000000000000E+0000,Excluded
112,16,506,16,3,13, 0.00000000000000E+0000, 0.00000000000000E+0000,Excluded
112,16,52,16,4,12, 0.00000000000000E+0000, 0.00000000000000E+0000,Excluded
112,16,55,16,3,13, 0.00000000000000E+0000, 0.00000000000000E+0000,Excluded
112,16,57,16,4,12, 0.00000000000000E+0000, 0.00000000000000E+0000,Excluded
112,16,59,16,2,14, 0.00000000000000E+0000, 0.00000000000000E+0000,Excluded
112,16,6,16,3,13, 0.00000000000000E+0000, 0.00000000000000E+0000,Excluded
112,16,60,16,5,11, 0.00000000000000E+0000, 0.00000000000000E+0000,Excluded
112,16,61,16,6,10, 0.00000000000000E+0000, 0.00000000000000E+0000,Excluded
112,16,62,16,6,10, 0.00000000000000E+0000, 0.00000000000000E+0000,Excluded
112,16,65,16,4,12, 0.00000000000000E+0000, 0.00000000000000E+0000,Excluded
112,16,73,16,6,10, 0.00000000000000E+0000, 0.00000000000000E+0000,Excluded
112,16,75,16,2,14, 0.00000000000000E+0000, 0.00000000000000E+0000,Excluded
112,16,76,16,6,10, 0.00000000000000E+0000, 0.00000000000000E+0000,Excluded
112,16,77,16,5,11, 0.00000000000000E+0000, 0.00000000000000E+0000,Excluded
112,16,78,16,3,13, 0.00000000000000E+0000, 0.00000000000000E+0000,Excluded
112,16,79,16,5,11, 0.00000000000000E+0000, 0.00000000000000E+0000,Excluded
112,16,8,16,4,12, 0.00000000000000E+0000, 0.00000000000000E+0000,Excluded
112,16,84,16,4,12, 0.00000000000000E+0000, 0.00000000000000E+0000,Excluded
112,16,85,16,4,12, 0.00000000000000E+0000, 0.00000000000000E+0000,Excluded
112,16,86,16,4,12, 0.00000000000000E+0000, 0.00000000000000E+0000,Excluded
112,16,89,16,7,9, 0.00000000000000E+0000, 0.00000000000000E+0000,Excluded
112,16,94,16,4,12, 0.00000000000000E+0000, 0.00000000000000E+0000,Excluded
112,16,95,16,4,12, 0.00000000000000E+0000, 0.00000000000000E+0000,Excluded
112,16,96,16,4,12, 0.00000000000000E+0000, 0.00000000000000E+0000,Excluded
112,16,98,16,4,12, 0.00000000000000E+0000, 0.00000000000000E+0000,Excluded
115,16,116,16,3,13, 0.00000000000000E+0000, 0.00000000000000E+0000,Excluded
115,16,117,16,4,12, 0.00000000000000E+0000, 0.00000000000000E+0000,Excluded
115,16,12,16,4,12, 0.00000000000000E+0000, 0.00000000000000E+0000,Excluded
115,16,129,16,3,13, 0.00000000000000E+0000, 0.00000000000000E+0000,Excluded
115,16,132,16,6,10, 0.00000000000000E+0000, 0.00000000000000E+0000,Excluded
115,16,137,15,1,14, 0.00000000000000E+0000, 0.00000000000000E+0000,Excluded
115,16,139,16,2,14, 0.00000000000000E+0000, 0.00000000000000E+0000,Excluded
115,16,140,16,5,11, 0.00000000000000E+0000, 0.00000000000000E+0000,Excluded
115,16,142,16,2,14, 0.00000000000000E+0000, 0.00000000000000E+0000,Excluded
115,16,144,16,3,13, 0.00000000000000E+0000, 0.00000000000000E+0000,Excluded
115,16,145,16,3,13, 0.00000000000000E+0000, 0.00000000000000E+0000,Excluded
115,16,147,16,1,15, 0.00000000000000E+0000, 0.00000000000000E+0000,Excluded
115,16,157,16,1,15, 0.00000000000000E+0000, 0.00000000000000E+0000,Excluded
115,16,16,15,5,10, 0.00000000000000E+0000, 0.00000000000000E+0000,Excluded
115,16,160,16,6,10, 0.00000000000000E+0000, 0.00000000000000E+0000,Excluded
115,16,162,16,4,12, 0.00000000000000E+0000, 0.00000000000000E+0000,Excluded
115,16,166,16,5,11, 0.00000000000000E+0000, 0.00000000000000E+0000,Excluded
115,16,177,16,2,14, 0.00000000000000E+0000, 0.00000000000000E+0000,Excluded
115,16,178,16,3,13, 0.00000000000000E+0000, 0.00000000000000E+0000,Excluded
115,16,18,16,3,13, 0.00000000000000E+0000, 0.00000000000000E+0000,Excluded
115,16,186,16,5,11, 0.00000000000000E+0000, 0.00000000000000E+0000,Excluded
115,16,189,16,1,15, 0.00000000000000E+0000, 0.00000000000000E+0000,Excluded
115,16,19,16,5,11, 0.00000000000000E+0000, 0.00000000000000E+0000,Excluded
115,16,190,16,2,14, 0.00000000000000E+0000, 0.00000000000000E+0000,Excluded
115,16,191,16,5,11, 0.00000000000000E+0000, 0.00000000000000E+0000,Excluded
115,16,193,16,3,13, 0.00000000000000E+0000, 0.00000000000000E+0000,Excluded
115,16,204,16,3,13, 0.00000000000000E+0000, 0.00000000000000E+0000,Excluded
115,16,21,15,5,10, 0.00000000000000E+0000, 0.00000000000000E+0000,Excluded
115,16,211,16,3,13, 0.00000000000000E+0000, 0.00000000000000E+0000,Excluded
115,16,216,16,2,14, 0.00000000000000E+0000, 0.00000000000000E+0000,Excluded
115,16,222,16,1,15, 0.00000000000000E+0000, 0.00000000000000E+0000,Excluded
115,16,224,16,4,12, 0.00000000000000E+0000, 0.00000000000000E+0000,Excluded
115,16,226,16,5,11, 0.00000000000000E+0000, 0.00000000000000E+0000,Excluded
115,16,23,15,2,13, 0.00000000000000E+0000, 0.00000000000000E+0000,Excluded
115,16,230,16,5,11, 0.00000000000000E+0000, 0.00000000000000E+0000,Excluded
115,16,232,16,5,11, 0.00000000000000E+0000, 0.00000000000000E+0000,Excluded
115,16,238,16,1,15, 0.00000000000000E+0000, 0.00000000000000E+0000,Excluded
115,16,24,15,1,14, 0.00000000000000E+0000, 0.00000000000000E+0000,Excluded
115,16,242,16,4,12, 0.00000000000000E+0000, 0.00000000000000E+0000,Excluded
115,16,243,16,7,9, 0.00000000000000E+0000, 0.00000000000000E+0000,Excluded
115,16,244,16,3,13, 0.00000000000000E+0000, 0.00000000000000E+0000,Excluded
115,16,25,15,2,13, 0.00000000000000E+0000, 0.00000000000000E+0000,Excluded
115,16,251,16,3,13, 0.00000000000000E+0000, 0.00000000000000E+0000,Excluded
115,16,26,16,4,12, 0.00000000000000E+0000, 0.00000000000000E+0000,Excluded
115,16,266,16,3,13, 0.00000000000000E+0000, 0.00000000000000E+0000,Excluded
115,16,267,16,2,14, 0.00000000000000E+0000, 0.00000000000000E+0000,Excluded
115,16,268,16,5,11, 0.00000000000000E+0000, 0.00000000000000E+0000,Excluded
115,16,270,16,2,14, 0.00000000000000E+0000, 0.00000000000000E+0000,Excluded
115,16,276,16,5,11, 0.00000000000000E+0000, 0.00000000000000E+0000,Excluded
115,16,28,16,2,14, 0.00000000000000E+0000, 0.00000000000000E+0000,Excluded
115,16,29,16,3,13, 0.00000000000000E+0000, 0.00000000000000E+0000,Excluded
115,16,298,15,2,13, 0.00000000000000E+0000, 0.00000000000000E+0000,Excluded
115,16,3,16,7,9, 0.00000000000000E+0000, 0.00000000000000E+0000,Excluded
115,16,30,16,3,13, 0.00000000000000E+0000, 0.00000000000000E+0000,Excluded
115,16,306,16,3,13, 0.00000000000000E+0000, 0.00000000000000E+0000,Excluded
115,16,308,16,1,15, 0.00000000000000E+0000, 0.00000000000000E+0000,Excluded
115,16,311,15,3,12, 0.00000000000000E+0000, 0.00000000000000E+0000,Excluded
115,16,323,16,4,12, 0.00000000000000E+0000, 0.00000000000000E+0000,Excluded
115,16,327,16,1,15, 0.00000000000000E+0000, 0.00000000000000E+0000,Excluded
115,16,33,16,3,13, 0.00000000000000E+0000, 0.00000000000000E+0000,Excluded
115,16,334,16,3,13, 0.00000000000000E+0000, 0.00000000000000E+0000,Excluded
115,16,338,16,6,10, 0.00000000000000E+0000, 0.00000000000000E+0000,Excluded
115,16,341,16,4,12, 0.00000000000000E+0000, 0.00000000000000E+0000,Excluded
115,16,346,16,2,14, 0.00000000000000E+0000, 0.00000000000000E+0000,Excluded
115,16,348,16,4,12, 0.00000000000000E+0000, 0.00000000000000E+0000,Excluded
115,16,351,16,3,13, 0.00000000000000E+0000, 0.00000000000000E+0000,Excluded
115,16,362,16,4,12, 0.00000000000000E+0000, 0.00000000000000E+0000,Excluded
115,16,364,16,2,14, 0.00000000000000E+0000, 0.00000000000000E+0000,Excluded
115,16,366,16,4,12, 0.00000000000000E+0000, 0.00000000000000E+0000,Excluded
115,16,37,16,4,12, 0.00000000000000E+0000, 0.00000000000000E+0000,Excluded
115,16,376,16,5,11, 0.00000000000000E+0000, 0.00000000000000E+0000,Excluded
115,16,377,15,2,13, 0.00000000000000E+0000, 0.00000000000000E+0000,Excluded
115,16,378,16,4,12, 0.00000000000000E+0000, 0.00000000000000E+0000,Excluded
115,16,38,16,5,11, 0.00000000000000E+0000, 0.00000000000000E+0000,Excluded
115,16,388,16,3,13, 0.00000000000000E+0000, 0.00000000000000E+0000,Excluded
115,16,391,16,2,14, 0.00000000000000E+0000, 0.00000000000000E+0000,Excluded
115,16,396,13,3,10, 0.00000000000000E+0000, 0.00000000000000E+0000,Excluded
115,16,4,16,3,13, 0.00000000000000E+0000, 0.00000000000000E+0000,Excluded
115,16,400,13,1,12, 0.00000000000000E+0000, 0.00000000000000E+0000,Excluded
115,16,401,16,5,11, 0.00000000000000E+0000, 0.00000000000000E+0000,Excluded
115,16,406,16,4,12, 0.00000000000000E+0000, 0.00000000000000E+0000,Excluded
115,16,412,15,4,11, 0.00000000000000E+0000, 0.00000000000000E+0000,Excluded
115,16,413,16,1,15, 0.00000000000000E+0000, 0.00000000000000E+0000,Excluded
115,16,421,16,1,15, 0.00000000000000E+0000, 0.00000000000000E+0000,Excluded
115,16,423,16,2,14, 0.00000000000000E+0000, 0.00000000000000E+0000,Excluded
115,16,424,16,3,13, 0.00000000000000E+0000, 0.00000000000000E+0000,Excluded
115,16,426,16,4,12, 0.00000000000000E+0000, 0.00000000000000E+0000,Excluded
115,16,43,16,3,13, 0.00000000000000E+0000, 0.00000000000000E+0000,Excluded
115,16,430,14,3,11, 0.00000000000000E+0000, 0.00000000000000E+0000,Excluded
115,16,435,16,0,16, 0.00000000000000E+0000, 0.00000000000000E+0000,Excluded
115,16,44,16,3,13, 0.00000000000000E+0000, 0.00000000000000E+0000,Excluded
115,16,461,16,3,13, 0.00000000000000E+0000, 0.00000000000000E+0000,Excluded
115,16,476,16,6,10, 0.00000000000000E+0000, 0.00000000000000E+0000,Excluded
115,16,478,16,4,12, 0.00000000000000E+0000, 0.00000000000000E+0000,Excluded
115,16,48,16,4,12, 0.00000000000000E+0000, 0.00000000000000E+0000,Excluded
115,16,484,16,1,15, 0.00000000000000E+0000, 0.00000000000000E+0000,Excluded
115,16,489,16,3,13, 0.00000000000000E+0000, 0.00000000000000E+0000,Excluded
115,16,492,13,2,11, 0.00000000000000E+0000, 0.00000000000000E+0000,Excluded
115,16,493,16,3,13, 0.00000000000000E+0000, 0.00000000000000E+0000,Excluded
115,16,494,16,2,14, 0.00000000000000E+0000, 0.00000000000000E+0000,Excluded
115,16,500,16,4,12, 0.00000000000000E+0000, 0.00000000000000E+0000,Excluded
115,16,504,16,3,13, 0.00000000000000E+0000, 0.00000000000000E+0000,Excluded
115,16,506,16,3,13, 0.00000000000000E+0000, 0.00000000000000E+0000,Excluded
115,16,52,16,2,14, 0.00000000000000E+0000, 0.00000000000000E+0000,Excluded
115,16,55,16,4,12, 0.00000000000000E+0000, 0.00000000000000E+0000,Excluded
115,16,57,16,5,11, 0.00000000000000E+0000, 0.00000000000000E+0000,Excluded
115,16,59,16,5,11, 0.00000000000000E+0000, 0.00000000000000E+0000,Excluded
115,16,6,16,5,11, 0.00000000000000E+0000, 0.00000000000000E+0000,Excluded
115,16,60,16,2,14, 0.00000000000000E+0000, 0.00000000000000E+0000,Excluded
115,16,61,16,3,13, 0.00000000000000E+0000, 0.00000000000000E+0000,Excluded
115,16,62,16,4,12, 0.00000000000000E+0000, 0.00000000000000E+0000,Excluded
115,16,65,16,2,14, 0.00000000000000E+0000, 0.00000000000000E+0000,Excluded
115,16,73,16,4,12, 0.00000000000000E+0000, 0.00000000000000E+0000,Excluded
115,16,75,16,1,15, 0.00000000000000E+0000, 0.00000000000000E+0000,Excluded
115,16,76,16,4,12, 0.00000000000000E+0000, 0.00000000000000E+0000,Excluded
115,16,77,16,3,13, 0.00000000000000E+0000, 0.00000000000000E+0000,Excluded
115,16,78,16,3,13, 0.00000000000000E+0000, 0.00000000000000E+0000,Excluded
115,16,79,16,2,14, 0.00000000000000E+0000, 0.00000000000000E+0000,Excluded
115,16,8,16,3,13, 0.00000000000000E+0000, 0.00000000000000E+0000,Excluded
115,16,84,16,3,13, 0.00000000000000E+0000, 0.00000000000000E+0000,Excluded
115,16,85,16,2,14, 0.00000000000000E+0000, 0.00000000000000E+0000,Excluded
115,16,86,16,3,13, 0.00000000000000E+0000, 0.00000000000000E+0000,Excluded
115,16,89,16,4,12, 0.00000000000000E+0000, 0.00000000000000E+0000,Excluded
115,16,94,16,4,12, 0.00000000000000E+0000, 0.00000000000000E+0000,Excluded
115,16,95,16,4,12, 0.00000000000000E+0000, 0.00000000000000E+0000,Excluded
115,16,96,16,4,12, 0.00000000000000E+0000, 0.00000000000000E+0000,Excluded
115,16,98,16,5,11, 0.00000000000000E+0000, 0.00000000000000E+0000,Excluded
116,16,117,16,7,9, 0.00000000000000E+0000, 0.00000000000000E+0000,Excluded
116,16,12,16,5,11, 0.00000000000000E+0000, 0.00000000000000E+0000,Excluded
116,16,129,16,7,9, 0.00000000000000E+0000, 0.00000000000000E+0000,Excluded
116,16,132,16,2,14, 0.00000000000000E+0000, 0.00000000000000E+0000,Excluded
116,16,137,15,3,12, 0.00000000000000E+0000, 0.00000000000000E+0000,Excluded
116,16,139,16,3,13, 0.00000000000000E+0000, 0.00000000000000E+0000,Excluded
116,16,140,16,3,13, 0.00000000000000E+0000, 0.00000000000000E+0000,Excluded
116,16,142,16,2,14, 0.00000000000000E+0000, 0.00000000000000E+0000,Excluded
116,16,144,16,3,13, 0.00000000000000E+0000, 0.00000000000000E+0000,Excluded
116,16,145,16,5,11, 0.00000000000000E+0000, 0.00000000000000E+0000,Excluded
116,16,147,16,2,14, 0.00000000000000E+0000, 0.00000000000000E+0000,Excluded
116,16,157,16,3,13, 0.00000000000000E+0000, 0.00000000000000E+0000,Excluded
116,16,16,15,4,11, 0.00000000000000E+0000, 0.00000000000000E+0000,Excluded
116,16,160,16,6,10, 0.00000000000000E+0000, 0.00000000000000E+0000,Excluded
116,16,162,16,7,9, 0.00000000000000E+0000, 0.00000000000000E+0000,Excluded
116,16,166,16,3,13, 0.00000000000000E+0000, 0.00000000000000E+0000,Excluded
116,16,177,16,2,14, 0.00000000000000E+0000, 0.00000000000000E+0000,Excluded
116,16,178,16,2,14, 0.00000000000000E+0000, 0.00000000000000E+0000,Excluded
116,16,18,16,6,10, 0.00000000000000E+0000, 0.00000000000000E+0000,Excluded
116,16,186,16,6,10, 0.00000000000000E+0000, 0.00000000000000E+0000,Excluded
116,16,189,16,5,11, 0.00000000000000E+0000, 0.00000000000000E+0000,Excluded
116,16,19,16,4,12, 0.00000000000000E+0000, 0.00000000000000E+0000,Excluded
116,16,190,16,4,12, 0.00000000000000E+0000, 0.00000000000000E+0000,Excluded
116,16,191,16,7,9, 0.00000000000000E+0000, 0.00000000000000E+0000,Excluded
116,16,193,16,5,11, 0.00000000000000E+0000, 0.00000000000000E+0000,Excluded
116,16,204,16,5,11, 0.00000000000000E+0000, 0.00000000000000E+0000,Excluded
116,16,21,15,5,10, 0.00000000000000E+0000, 0.00000000000000E+0000,Excluded
116,16,211,16,4,12, 0.00000000000000E+0000, 0.00000000000000E+0000,Excluded
116,16,216,16,2,14, 0.00000000000000E+0000, 0.00000000000000E+0000,Excluded
116,16,222,16,1,15, 0.00000000000000E+0000, 0.00000000000000E+0000,Excluded
116,16,224,16,8,8, 0.00000000000000E+0000, 0.00000000000000E+0000,Excluded
116,16,226,16,3,13, 0.00000000000000E+0000, 0.00000000000000E+0000,Excluded
116,16,23,15,2,13, 0.00000000000000E+0000, 0.00000000000000E+0000,Excluded
116,16,230,16,4,12, 0.00000000000000E+0000, 0.00000000000000E+0000,Excluded
116,16,232,16,3,13, 0.00000000000000E+0000, 0.00000000000000E+0000,Excluded
116,16,238,16,2,14, 0.00000000000000E+0000, 0.00000000000000E+0000,Excluded
116,16,24,15,3,12, 0.00000000000000E+0000, 0.00000000000000E+0000,Excluded
116,16,242,16,0,16, 0.00000000000000E+0000, 0.00000000000000E+0000,Excluded
116,16,243,16,3,13, 0.00000000000000E+0000, 0.00000000000000E+0000,Excluded
116,16,244,16,4,12, 0.00000000000000E+0000, 0.00000000000000E+0000,Excluded
116,16,25,15,3,12, 0.00000000000000E+0000, 0.00000000000000E+0000,Excluded
116,16,251,16,5,11, 0.00000000000000E+0000, 0.00000000000000E+0000,Excluded
116,16,26,16,5,11, 0.00000000000000E+0000, 0.00000000000000E+0000,Excluded
116,16,266,16,1,15, 0.00000000000000E+0000, 0.00000000000000E+0000,Excluded
116,16,267,16,4,12, 0.00000000000000E+0000, 0.00000000000000E+0000,Excluded
116,16,268,16,3,13, 0.00000000000000E+0000, 0.00000000000000E+0000,Excluded
116,16,270,16,3,13, 0.00000000000000E+0000, 0.00000000000000E+0000,Excluded
116,16,276,16,5,11, 0.00000000000000E+0000, 0.00000000000000E+0000,Excluded
116,16,28,16,6,10, 0.00000000000000E+0000, 0.00000000000000E+0000,Excluded
116,16,29,16,9,7, 0.00000000000000E+0000, 0.00000000000000E+0000,Excluded
116,16,298,15,2,13, 0.00000000000000E+0000, 0.00000000000000E+0000,Excluded
116,16,3,16,3,13, 0.00000000000000E+0000, 0.00000000000000E+0000,Excluded
116,16,30,16,4,12, 0.00000000000000E+0000, 0.00000000000000E+0000,Excluded
116,16,306,16,2,14, 0.00000000000000E+0000, 0.00000000000000E+0000,Excluded
116,16,308,16,5,11, 0.00000000000000E+0000, 0.00000000000000E+0000,Excluded
116,16,311,15,3,12, 0.00000000000000E+0000, 0.00000000000000E+0000,Excluded
116,16,323,16,4,12, 0.00000000000000E+0000, 0.00000000000000E+0000,Excluded
116,16,327,16,4,12, 0.00000000000000E+0000, 0.00000000000000E+0000,Excluded
116,16,33,16,2,14, 0.00000000000000E+0000, 0.00000000000000E+0000,Excluded
116,16,334,16,2,14, 0.00000000000000E+0000, 0.00000000000000E+0000,Excluded
116,16,338,16,4,12, 0.00000000000000E+0000, 0.00000000000000E+0000,Excluded
116,16,341,16,4,12, 0.00000000000000E+0000, 0.00000000000000E+0000,Excluded
116,16,346,16,3,13, 0.00000000000000E+0000, 0.00000000000000E+0000,Excluded
116,16,348,16,3,13, 0.00000000000000E+0000, 0.00000000000000E+0000,Excluded
116,16,351,16,2,14, 0.00000000000000E+0000, 0.00000000000000E+0000,Excluded
116,16,362,16,7,9, 0.00000000000000E+0000, 0.00000000000000E+0000,Excluded
116,16,364,16,2,14, 0.00000000000000E+0000, 0.00000000000000E+0000,Excluded
116,16,366,16,5,11, 0.00000000000000E+0000, 0.00000000000000E+0000,Excluded
116,16,37,16,2,14, 0.00000000000000E+0000, 0.00000000000000E+0000,Excluded
116,16,376,16,3,13, 0.00000000000000E+0000, 0.00000000000000E+0000,Excluded
116,16,377,15,6,9, 0.00000000000000E+0000, 0.00000000000000E+0000,Excluded
116,16,378,16,6,10, 0.00000000000000E+0000, 0.00000000000000E+0000,Excluded
116,16,38,16,3,13, 0.00000000000000E+0000, 0.00000000000000E+0000,Excluded
116,16,388,16,3,13, 0.00000000000000E+0000, 0.00000000000000E+0000,Excluded
116,16,391,16,3,13, 0.00000000000000E+0000, 0.00000000000000E+0000,Excluded
116,16,396,13,2,11, 0.00000000000000E+0000, 0.00000000000000E+0000,Excluded
116,16,4,16,3,13, 0.00000000000000E+0000, 0.00000000000000E+0000,Excluded
116,16,400,13,4,9, 0.00000000000000E+0000, 0.00000000000000E+0000,Excluded
116,16,401,16,3,13, 0.00000000000000E+0000, 0.00000000000000E+0000,Excluded
116,16,406,16,2,14, 0.00000000000000E+0000, 0.00000000000000E+0000,Excluded
116,16,412,15,3,12, 0.00000000000000E+0000, 0.00000000000000E+0000,Excluded
116,16,413,16,5,11, 0.00000000000000E+0000, 0.00000000000000E+0000,Excluded
116,16,421,16,5,11, 0.00000000000000E+0000, 0.00000000000000E+0000,Excluded
116,16,423,16,5,11, 0.00000000000000E+0000, 0.00000000000000E+0000,Excluded
116,16,424,16,2,14, 0.00000000000000E+0000, 0.00000000000000E+0000,Excluded
116,16,426,16,4,12, 0.00000000000000E+0000, 0.00000000000000E+0000,Excluded
116,16,43,16,6,10, 0.00000000000000E+0000, 0.00000000000000E+0000,Excluded
116,16,430,14,3,11, 0.00000000000000E+0000, 0.00000000000000E+0000,Excluded
116,16,435,16,2,14, 0.00000000000000E+0000, 0.00000000000000E+0000,Excluded
116,16,44,16,5,11, 0.00000000000000E+0000, 0.00000000000000E+0000,Excluded
116,16,461,16,5,11, 0.00000000000000E+0000, 0.00000000000000E+0000,Excluded
116,16,476,16,4,12, 0.00000000000000E+0000, 0.00000000000000E+0000,Excluded
116,16,478,16,3,13, 0.00000000000000E+0000, 0.00000000000000E+0000,Excluded
116,16,48,16,5,11, 0.00000000000000E+0000, 0.00000000000000E+0000,Excluded
116,16,484,16,2,14, 0.00000000000000E+0000, 0.00000000000000E+0000,Excluded
116,16,489,16,4,12, 0.00000000000000E+0000, 0.00000000000000E+0000,Excluded
116,16,492,13,2,11, 0.00000000000000E+0000, 0.00000000000000E+0000,Excluded
116,16,493,16,4,12, 0.00000000000000E+0000, 0.00000000000000E+0000,Excluded
116,16,494,16,1,15, 0.00000000000000E+0000, 0.00000000000000E+0000,Excluded
116,16,500,16,4,12, 0.00000000000000E+0000, 0.00000000000000E+0000,Excluded
116,16,504,16,3,13, 0.00000000000000E+0000, 0.00000000000000E+0000,Excluded
116,16,506,16,3,13, 0.00000000000000E+0000, 0.00000000000000E+0000,Excluded
116,16,52,16,4,12, 0.00000000000000E+0000, 0.00000000000000E+0000,Excluded
116,16,55,16,3,13, 0.00000000000000E+0000, 0.00000000000000E+0000,Excluded
116,16,57,16,3,13, 0.00000000000000E+0000, 0.00000000000000E+0000,Excluded
116,16,59,16,3,13, 0.00000000000000E+0000, 0.00000000000000E+0000,Excluded
116,16,6,16,6,10, 0.00000000000000E+0000, 0.00000000000000E+0000,Excluded
116,16,60,16,2,14, 0.00000000000000E+0000, 0.00000000000000E+0000,Excluded
116,16,61,16,3,13, 0.00000000000000E+0000, 0.00000000000000E+0000,Excluded
116,16,62,16,3,13, 0.00000000000000E+0000, 0.00000000000000E+0000,Excluded
116,16,65,16,4,12, 0.00000000000000E+0000, 0.00000000000000E+0000,Excluded
116,16,73,16,2,14, 0.00000000000000E+0000, 0.00000000000000E+0000,Excluded
116,16,75,16,1,15, 0.00000000000000E+0000, 0.00000000000000E+0000,Excluded
116,16,76,16,3,13, 0.00000000000000E+0000, 0.00000000000000E+0000,Excluded
116,16,77,16,2,14, 0.00000000000000E+0000, 0.00000000000000E+0000,Excluded
116,16,78,16,3,13, 0.00000000000000E+0000, 0.00000000000000E+0000,Excluded
116,16,79,16,2,14, 0.00000000000000E+0000, 0.00000000000000E+0000,Excluded
116,16,8,16,6,10, 0.00000000000000E+0000, 0.00000000000000E+0000,Excluded
116,16,84,16,5,11, 0.00000000000000E+0000, 0.00000000000000E+0000,Excluded
116,16,85,16,3,13, 0.00000000000000E+0000, 0.00000000000000E+0000,Excluded
116,16,86,16,5,11, 0.00000000000000E+0000, 0.00000000000000E+0000,Excluded
116,16,89,16,3,13, 0.00000000000000E+0000, 0.00000000000000E+0000,Excluded
116,16,94,16,5,11, 0.00000000000000E+0000, 0.00000000000000E+0000,Excluded
116,16,95,16,5,11, 0.00000000000000E+0000, 0.00000000000000E+0000,Excluded
116,16,96,16,7,9, 0.00000000000000E+0000, 0.00000000000000E+0000,Excluded
116,16,98,16,4,12, 0.00000000000000E+0000, 0.00000000000000E+0000,Excluded
117,16,12,16,7,9, 0.00000000000000E+0000, 0.00000000000000E+0000,Excluded
117,16,129,16,8,8, 0.00000000000000E+0000, 0.00000000000000E+0000,Excluded
117,16,132,16,5,11, 0.00000000000000E+0000, 0.00000000000000E+0000,Excluded
117,16,137,15,3,12, 0.00000000000000E+0000, 0.00000000000000E+0000,Excluded
117,16,139,16,1,15, 0.00000000000000E+0000, 0.00000000000000E+0000,Excluded
117,16,140,16,3,13, 0.00000000000000E+0000, 0.00000000000000E+0000,Excluded
117,16,142,16,6,10, 0.00000000000000E+0000, 0.00000000000000E+0000,Excluded
117,16,144,16,2,14, 0.00000000000000E+0000, 0.00000000000000E+0000,Excluded
117,16,145,16,4,12, 0.00000000000000E+0000, 0.00000000000000E+0000,Excluded
117,16,147,16,3,13, 0.00000000000000E+0000, 0.00000000000000E+0000,Excluded
117,16,157,16,3,13, 0.00000000000000E+0000, 0.00000000000000E+0000,Excluded
117,16,16,15,6,9, 0.00000000000000E+0000, 0.00000000000000E+0000,Excluded
117,16,160,16,9,7, 0.00000000000000E+0000, 0.00000000000000E+0000,Excluded
117,16,162,16,5,11, 0.00000000000000E+0000, 0.00000000000000E+0000,Excluded
117,16,166,16,3,13, 0.00000000000000E+0000, 0.00000000000000E+0000,Excluded
117,16,177,16,4,12, 0.00000000000000E+0000, 0.00000000000000E+0000,Excluded
117,16,178,16,5,11, 0.00000000000000E+0000, 0.00000000000000E+0000,Excluded
117,16,18,16,3,13, 0.00000000000000E+0000, 0.00000000000000E+0000,Excluded
117,16,186,16,7,9, 0.00000000000000E+0000, 0.00000000000000E+0000,Excluded
117,16,189,16,5,11, 0.00000000000000E+0000, 0.00000000000000E+0000,Excluded
117,16,19,16,6,10, 0.00000000000000E+0000, 0.00000000000000E+0000,Excluded
117,16,190,16,7,9, 0.00000000000000E+0000, 0.00000000000000E+0000,Excluded
117,16,191,16,3,13, 0.00000000000000E+0000, 0.00000000000000E+0000,Excluded
117,16,193,16,5,11, 0.00000000000000E+0000, 0.00000000000000E+0000,Excluded
117,16,204,16,6,10, 0.00000000000000E+0000, 0.00000000000000E+0000,Excluded
117,16,21,15,7,8, 0.00000000000000E+0000, 0.00000000000000E+0000,Excluded
117,16,211,16,6,10, 0.00000000000000E+0000, 0.00000000000000E+0000,Excluded
117,16,216,16,3,13, 0.00000000000000E+0000, 0.00000000000000E+0000,Excluded
117,16,222,16,3,13, 0.00000000000000E+0000, 0.00000000000000E+0000,Excluded
117,16,224,16,5,11, 0.00000000000000E+0000, 0.00000000000000E+0000,Excluded
117,16,226,16,4,12, 0.00000000000000E+0000, 0.00000000000000E+0000,Excluded
117,16,23,15,4,11, 0.00000000000000E+0000, 0.00000000000000E+0000,Excluded
117,16,230,16,6,10, 0.00000000000000E+0000, 0.00000000000000E+0000,Excluded
117,16,232,16,5,11, 0.00000000000000E+0000, 0.00000000000000E+0000,Excluded
117,16,238,16,2,14, 0.00000000000000E+0000, 0.00000000000000E+0000,Excluded
117,16,24,15,2,13, 0.00000000000000E+0000, 0.00000000000000E+0000,Excluded
117,16,242,16,3,13, 0.00000000000000E+0000, 0.00000000000000E+0000,Excluded
117,16,243,16,3,13, 0.00000000000000E+0000, 0.00000000000000E+0000,Excluded
117,16,244,16,3,13, 0.00000000000000E+0000, 0.00000000000000E+0000,Excluded
117,16,25,15,4,11, 0.00000000000000E+0000, 0.00000000000000E+0000,Excluded
117,16,251,16,5,11, 0.00000000000000E+0000, 0.00000000000000E+0000,Excluded
117,16,26,16,9,7, 0.00000000000000E+0000, 0.00000000000000E+0000,Excluded
117,16,266,16,3,13, 0.00000000000000E+0000, 0.00000000000000E+0000,Excluded
117,16,267,16,5,11, 0.00000000000000E+0000, 0.00000000000000E+0000,Excluded
117,16,268,16,4,12, 0.00000000000000E+0000, 0.00000000000000E+0000,Excluded
117,16,270,16,5,11, 0.00000000000000E+0000, 0.00000000000000E+0000,Excluded
117,16,276,16,6,10, 0.00000000000000E+0000, 0.00000000000000E+0000,Excluded
117,16,28,16,6,10, 0.00000000000000E+0000, 0.00000000000000E+0000,Excluded
117,16,29,16,8,8, 0.00000000000000E+0000, 0.00000000000000E+0000,Excluded
117,16,298,15,3,12, 0.00000000000000E+0000, 0.00000000000000E+0000,Excluded
117,16,3,16,7,9, 0.00000000000000E+0000, 0.00000000000000E+0000,Excluded
117,16,30,16,8,8, 0.00000000000000E+0000, 0.00000000000000E+0000,Excluded
117,16,306,16,3,13, 0.00000000000000E+0000, 0.00000000000000E+0000,Excluded
117,16,308,16,3,13, 0.00000000000000E+0000, 0.00000000000000E+0000,Excluded
117,16,311,15,3,12, 0.00000000000000E+0000, 0.00000000000000E+0000,Excluded
117,16,323,16,6,10, 0.00000000000000E+0000, 0.00000000000000E+0000,Excluded
117,16,327,16,5,11, 0.00000000000000E+0000, 0.00000000000000E+0000,Excluded
117,16,33,16,4,12, 0.00000000000000E+0000, 0.00000000000000E+0000,Excluded
117,16,334,16,3,13, 0.00000000000000E+0000, 0.00000000000000E+0000,Excluded
117,16,338,16,5,11, 0.00000000000000E+0000, 0.00000000000000E+0000,Excluded
117,16,341,16,8,8, 0.00000000000000E+0000, 0.00000000000000E+0000,Excluded
117,16,346,16,5,11, 0.00000000000000E+0000, 0.00000000000000E+0000,Excluded
117,16,348,16,3,13, 0.00000000000000E+0000, 0.00000000000000E+0000,Excluded
117,16,351,16,8,8, 0.00000000000000E+0000, 0.00000000000000E+0000,Excluded
117,16,362,16,8,8, 0.00000000000000E+0000, 0.00000000000000E+0000,Excluded
117,16,364,16,3,13, 0.00000000000000E+0000, 0.00000000000000E+0000,Excluded
117,16,366,16,4,12, 0.00000000000000E+0000, 0.00000000000000E+0000,Excluded
117,16,37,16,5,11, 0.00000000000000E+0000, 0.00000000000000E+0000,Excluded
117,16,376,16,6,10, 0.00000000000000E+0000, 0.00000000000000E+0000,Excluded
117,16,377,15,5,10, 0.00000000000000E+0000, 0.00000000000000E+0000,Excluded
117,16,378,16,7,9, 0.00000000000000E+0000, 0.00000000000000E+0000,Excluded
117,16,38,16,4,12, 0.00000000000000E+0000, 0.00000000000000E+0000,Excluded
117,16,388,16,3,13, 0.00000000000000E+0000, 0.00000000000000E+0000,Excluded
117,16,391,16,5,11, 0.00000000000000E+0000, 0.00000000000000E+0000,Excluded
117,16,396,13,5,8, 0.00000000000000E+0000, 0.00000000000000E+0000,Excluded
117,16,4,16,6,10, 0.00000000000000E+0000, 0.00000000000000E+0000,Excluded
117,16,400,13,3,10, 0.00000000000000E+0000, 0.00000000000000E+0000,Excluded
117,16,401,16,6,10, 0.00000000000000E+0000, 0.00000000000000E+0000,Excluded
117,16,406,16,6,10, 0.00000000000000E+0000, 0.00000000000000E+0000,Excluded
117,16,412,15,6,9, 0.00000000000000E+0000, 0.00000000000000E+0000,Excluded
117,16,413,16,3,13, 0.00000000000000E+0000, 0.00000000000000E+0000,Excluded
117,16,421,16,5,11, 0.00000000000000E+0000, 0.00000000000000E+0000,Excluded
117,16,423,16,5,11, 0.00000000000000E+0000, 0.00000000000000E+0000,Excluded
117,16,424,16,7,9, 0.00000000000000E+0000, 0.00000000000000E+0000,Excluded
117,16,426,16,6,10, 0.00000000000000E+0000, 0.00000000000000E+0000,Excluded
117,16,43,16,6,10, 0.00000000000000E+0000, 0.00000000000000E+0000,Excluded
117,16,430,14,6,8, 0.00000000000000E+0000, 0.00000000000000E+0000,Excluded
117,16,435,16,5,11, 0.00000000000000E+0000, 0.00000000000000E+0000,Excluded
117,16,44,16,5,11, 0.00000000000000E+0000, 0.00000000000000E+0000,Excluded
117,16,461,16,4,12, 0.00000000000000E+0000, 0.00000000000000E+0000,Excluded
117,16,476,16,4,12, 0.00000000000000E+0000, 0.00000000000000E+0000,Excluded
117,16,478,16,5,11, 0.00000000000000E+0000, 0.00000000000000E+0000,Excluded
117,16,48,16,5,11, 0.00000000000000E+0000, 0.00000000000000E+0000,Excluded
117,16,484,16,4,12, 0.00000000000000E+0000, 0.00000000000000E+0000,Excluded
117,16,489,16,7,9, 0.00000000000000E+0000, 0.00000000000000E+0000,Excluded
117,16,492,13,2,11, 0.00000000000000E+0000, 0.00000000000000E+0000,Excluded
117,16,493,16,3,13, 0.00000000000000E+0000, 0.00000000000000E+0000,Excluded
117,16,494,16,1,15, 0.00000000000000E+0000, 0.00000000000000E+0000,Excluded
117,16,500,16,5,11, 0.00000000000000E+0000, 0.00000000000000E+0000,Excluded
117,16,504,16,4,12, 0.00000000000000E+0000, 0.00000000000000E+0000,Excluded
117,16,506,16,3,13, 0.00000000000000E+0000, 0.00000000000000E+0000,Excluded
117,16,52,16,5,11, 0.00000000000000E+0000, 0.00000000000000E+0000,Excluded
117,16,55,16,6,10, 0.00000000000000E+0000, 0.00000000000000E+0000,Excluded
117,16,57,16,6,10, 0.00000000000000E+0000, 0.00000000000000E+0000,Excluded
117,16,59,16,4,12, 0.00000000000000E+0000, 0.00000000000000E+0000,Excluded
117,16,6,16,10,6, 0.00000000000000E+0000, 0.00000000000000E+0000,Excluded
117,16,60,16,3,13, 0.00000000000000E+0000, 0.00000000000000E+0000,Excluded
117,16,61,16,5,11, 0.00000000000000E+0000, 0.00000000000000E+0000,Excluded
117,16,62,16,6,10, 0.00000000000000E+0000, 0.00000000000000E+0000,Excluded
117,16,65,16,4,12, 0.00000000000000E+0000, 0.00000000000000E+0000,Excluded
117,16,73,16,4,12, 0.00000000000000E+0000, 0.00000000000000E+0000,Excluded
117,16,75,16,0,16, 0.00000000000000E+0000, 0.00000000000000E+0000,Excluded
117,16,76,16,5,11, 0.00000000000000E+0000, 0.00000000000000E+0000,Excluded
117,16,77,16,3,13, 0.00000000000000E+0000, 0.00000000000000E+0000,Excluded
117,16,78,16,4,12, 0.00000000000000E+0000, 0.00000000000000E+0000,Excluded
117,16,79,16,3,13, 0.00000000000000E+0000, 0.00000000000000E+0000,Excluded
117,16,8,16,5,11, 0.00000000000000E+0000, 0.00000000000000E+0000,Excluded
117,16,84,16,8,8, 0.00000000000000E+0000, 0.00000000000000E+0000,Excluded
117,16,85,16,3,13, 0.00000000000000E+0000, 0.00000000000000E+0000,Excluded
117,16,86,16,4,12, 0.00000000000000E+0000, 0.00000000000000E+0000,Excluded
117,16,89,16,6,10, 0.00000000000000E+0000, 0.00000000000000E+0000,Excluded
117,16,94,16,7,9, 0.00000000000000E+0000, 0.00000000000000E+0000,Excluded
117,16,95,16,5,11, 0.00000000000000E+0000, 0.00000000000000E+0000,Excluded
117,16,96,16,5,11, 0.00000000000000E+0000, 0.00000000000000E+0000,Excluded
117,16,98,16,5,11, 0.00000000000000E+0000, 0.00000000000000E+0000,Excluded
12,16,129,16,5,11, 0.00000000000000E+0000, 0.00000000000000E+0000,Excluded
12,16,132,16,5,11, 0.00000000000000E+0000, 0.00000000000000E+0000,Excluded
12,16,137,15,4,11, 0.00000000000000E+0000, 0.00000000000000E+0000,Excluded
12,16,139,16,3,13, 0.00000000000000E+0000, 0.00000000000000E+0000,Excluded
12,16,140,16,3,13, 0.00000000000000E+0000, 0.00000000000000E+0000,Excluded
12,16,142,16,5,11, 0.00000000000000E+0000, 0.00000000000000E+0000,Excluded
12,16,144,16,2,14, 0.00000000000000E+0000, 0.00000000000000E+0000,Excluded
12,16,145,16,5,11, 0.00000000000000E+0000, 0.00000000000000E+0000,Excluded
12,16,147,16,2,14, 0.00000000000000E+0000, 0.00000000000000E+0000,Excluded
12,16,157,16,6,10, 0.00000000000000E+0000, 0.00000000000000E+0000,Excluded
12,16,16,15,3,12, 0.00000000000000E+0000, 0.00000000000000E+0000,Excluded
12,16,160,16,9,7, 0.00000000000000E+0000, 0.00000000000000E+0000,Excluded
12,16,162,16,5,11, 0.00000000000000E+0000, 0.00000000000000E+0000,Excluded
12,16,166,16,4,12, 0.00000000000000E+0000, 0.00000000000000E+0000,Excluded
12,16,177,16,2,14, 0.00000000000000E+0000, 0.00000000000000E+0000,Excluded
12,16,178,16,4,12, 0.00000000000000E+0000, 0.00000000000000E+0000,Excluded
12,16,18,16,3,13, 0.00000000000000E+0000, 0.00000000000000E+0000,Excluded
12,16,186,16,5,11, 0.00000000000000E+0000, 0.00000000000000E+0000,Excluded
12,16,189,16,5,11, 0.00000000000000E+0000, 0.00000000000000E+0000,Excluded
12,16,19,16,4,12, 0.00000000000000E+0000, 0.00000000000000E+0000,Excluded
12,16,190,16,6,10, 0.00000000000000E+0000, 0.00000000000000E+0000,Excluded
12,16,191,16,4,12, 0.00000000000000E+0000, 0.00000000000000E+0000,Excluded
12,16,193,16,4,12, 0.00000000000000E+0000, 0.00000000000000E+0000,Excluded
12,16,204,16,5,11, 0.00000000000000E+0000, 0.00000000000000E+0000,Excluded
12,16,21,15,3,12, 0.00000000000000E+0000, 0.00000000000000E+0000,Excluded
12,16,211,16,5,11, 0.00000000000000E+0000, 0.00000000000000E+0000,Excluded
12,16,216,16,5,11, 0.00000000000000E+0000, 0.00000000000000E+0000,Excluded
12,16,222,16,2,14, 0.00000000000000E+0000, 0.00000000000000E+0000,Excluded
12,16,224,16,5,11, 0.00000000000000E+0000, 0.00000000000000E+0000,Excluded
12,16,226,16,5,11, 0.00000000000000E+0000, 0.00000000000000E+0000,Excluded
12,16,23,15,6,9, 0.00000000000000E+0000, 0.00000000000000E+0000,Excluded
12,16,230,16,4,12, 0.00000000000000E+0000, 0.00000000000000E+0000,Excluded
12,16,232,16,6,10, 0.00000000000000E+0000, 0.00000000000000E+0000,Excluded
12,16,238,16,2,14, 0.00000000000000E+0000, 0.00000000000000E+0000,Excluded
12,16,24,15,1,14, 0.00000000000000E+0000, 0.00000000000000E+0000,Excluded
12,16,242,16,3,13, 0.00000000000000E+0000, 0.00000000000000E+0000,Excluded
12,16,243,16,2,14, 0.00000000000000E+0000, 0.00000000000000E+0000,Excluded
12,16,244,16,4,12, 0.00000000000000E+0000, 0.00000000000000E+0000,Excluded
12,16,25,15,3,12, 0.00000000000000E+0000, 0.00000000000000E+0000,Excluded
12,16,251,16,7,9, 0.00000000000000E+0000, 0.00000000000000E+0000,Excluded
12,16,26,16,5,11, 0.00000000000000E+0000, 0.00000000000000E+0000,Excluded
12,16,266,16,2,14, 0.00000000000000E+0000, 0.00000000000000E+0000,Excluded
12,16,267,16,4,12, 0.00000000000000E+0000, 0.00000000000000E+0000,Excluded
12,16,268,16,4,12, 0.00000000000000E+0000, 0.00000000000000E+0000,Excluded
12,16,270,16,5,11, 0.00000000000000E+0000, 0.00000000000000E+0000,Excluded
12,16,276,16,4,12, 0.00000000000000E+0000, 0.00000000000000E+0000,Excluded
12,16,28,16,3,13, 0.00000000000000E+0000, 0.00000000000000E+0000,Excluded
12,16,29,16,7,9, 0.00000000000000E+0000, 0.00000000000000E+0000,Excluded
12,16,298,15,5,10, 0.00000000000000E+0000, 0.00000000000000E+0000,Excluded
12,16,3,16,6,10, 0.00000000000000E+0000, 0.00000000000000E+0000,Excluded
12,16,30,16,6,10, 0.00000000000000E+0000, 0.00000000000000E+0000,Excluded
12,16,306,16,3,13, 0.00000000000000E+0000, 0.00000000000000E+0000,Excluded
12,16,308,16,4,12, 0.00000000000000E+0000, 0.00000000000000E+0000,Excluded
12,16,311,15,1,14, 0.00000000000000E+0000, 0.00000000000000E+0000,Excluded
12,16,323,16,6,10, 0.00000000000000E+0000, 0.00000000000000E+0000,Excluded
12,16,327,16,5,11, 0.00000000000000E+0000, 0.00000000000000E+0000,Excluded
12,16,33,16,1,15, 0.00000000000000E+0000, 0.00000000000000E+0000,Excluded
12,16,334,16,3,13, 0.00000000000000E+0000, 0.00000000000000E+0000,Excluded
12,16,338,16,5,11, 0.00000000000000E+0000, 0.00000000000000E+0000,Excluded
12,16,341,16,7,9, 0.00000000000000E+0000, 0.00000000000000E+0000,Excluded
12,16,346,16,8,8, 0.00000000000000E+0000, 0.00000000000000E+0000,Excluded
12,16,348,16,1,15, 0.00000000000000E+0000, 0.00000000000000E+0000,Excluded
12,16,351,16,5,11, 0.00000000000000E+0000, 0.00000000000000E+0000,Excluded
12,16,362,16,5,11, 0.00000000000000E+0000, 0.00000000000000E+0000,Excluded
12,16,364,16,3,13, 0.00000000000000E+0000, 0.00000000000000E+0000,Excluded
12,16,366,16,4,12, 0.00000000000000E+0000, 0.00000000000000E+0000,Excluded
12,16,37,16,3,13, 0.00000000000000E+0000, 0.00000000000000E+0000,Excluded
12,16,376,16,5,11, 0.00000000000000E+0000, 0.00000000000000E+0000,Excluded
12,16,377,15,9,6, 0.00000000000000E+0000, 0.00000000000000E+0000,Excluded
12,16,378,16,9,7, 0.00000000000000E+0000, 0.00000000000000E+0000,Excluded
12,16,38,16,2,14, 0.00000000000000E+0000, 0.00000000000000E+0000,Excluded
12,16,388,16,4,12, 0.00000000000000E+0000, 0.00000000000000E+0000,Excluded
12,16,391,16,6,10, 0.00000000000000E+0000, 0.00000000000000E+0000,Excluded
12,16,396,13,4,9, 0.00000000000000E+0000, 0.00000000000000E+0000,Excluded
12,16,4,16,4,12, 0.00000000000000E+0000, 0.00000000000000E+0000,Excluded
12,16,400,13,5,8, 0.00000000000000E+0000, 0.00000000000000E+0000,Excluded
12,16,401,16,4,12, 0.00000000000000E+0000, 0.00000000000000E+0000,Excluded
12,16,406,16,6,10, 0.00000000000000E+0000, 0.00000000000000E+0000,Excluded
12,16,412,15,6,9, 0.00000000000000E+0000, 0.00000000000000E+0000,Excluded
12,16,413,16,4,12, 0.00000000000000E+0000, 0.00000000000000E+0000,Excluded
12,16,421,16,4,12, 0.00000000000000E+0000, 0.00000000000000E+0000,Excluded
12,16,423,16,4,12, 0.00000000000000E+0000, 0.00000000000000E+0000,Excluded
12,16,424,16,6,10, 0.00000000000000E+0000, 0.00000000000000E+0000,Excluded
12,16,426,16,10,6, 0.00000000000000E+0000, 0.00000000000000E+0000,Excluded
12,16,43,16,6,10, 0.00000000000000E+0000, 0.00000000000000E+0000,Excluded
12,16,430,14,6,8, 0.00000000000000E+0000, 0.00000000000000E+0000,Excluded
12,16,435,16,6,10, 0.00000000000000E+0000, 0.00000000000000E+0000,Excluded
12,16,44,16,6,10, 0.00000000000000E+0000, 0.00000000000000E+0000,Excluded
12,16,461,16,5,11, 0.00000000000000E+0000, 0.00000000000000E+0000,Excluded
12,16,476,16,4,12, 0.00000000000000E+0000, 0.00000000000000E+0000,Excluded
12,16,478,16,6,10, 0.00000000000000E+0000, 0.00000000000000E+0000,Excluded
12,16,48,16,4,12, 0.00000000000000E+0000, 0.00000000000000E+0000,Excluded
12,16,484,16,5,11, 0.00000000000000E+0000, 0.00000000000000E+0000,Excluded
12,16,489,16,8,8, 0.00000000000000E+0000, 0.00000000000000E+0000,Excluded
12,16,492,13,3,10, 0.00000000000000E+0000, 0.00000000000000E+0000,Excluded
12,16,493,16,3,13, 0.00000000000000E+0000, 0.00000000000000E+0000,Excluded
12,16,494,16,2,14, 0.00000000000000E+0000, 0.00000000000000E+0000,Excluded
12,16,500,16,4,12, 0.00000000000000E+0000, 0.00000000000000E+0000,Excluded
12,16,504,16,3,13, 0.00000000000000E+0000, 0.00000000000000E+0000,Excluded
12,16,506,16,6,10, 0.00000000000000E+0000, 0.00000000000000E+0000,Excluded
12,16,52,16,5,11, 0.00000000000000E+0000, 0.00000000000000E+0000,Excluded
12,16,55,16,4,12, 0.00000000000000E+0000, 0.00000000000000E+0000,Excluded
12,16,57,16,6,10, 0.00000000000000E+0000, 0.00000000000000E+0000,Excluded
12,16,59,16,5,11, 0.00000000000000E+0000, 0.00000000000000E+0000,Excluded
12,16,6,16,4,12, 0.00000000000000E+0000, 0.00000000000000E+0000,Excluded
12,16,60,16,4,12, 0.00000000000000E+0000, 0.00000000000000E+0000,Excluded
12,16,61,16,4,12, 0.00000000000000E+0000, 0.00000000000000E+0000,Excluded
12,16,62,16,8,8, 0.00000000000000E+0000, 0.00000000000000E+0000,Excluded
12,16,65,16,4,12, 0.00000000000000E+0000, 0.00000000000000E+0000,Excluded
12,16,73,16,4,12, 0.00000000000000E+0000, 0.00000000000000E+0000,Excluded
12,16,75,16,1,15, 0.00000000000000E+0000, 0.00000000000000E+0000,Excluded
12,16,76,16,5,11, 0.00000000000000E+0000, 0.00000000000000E+0000,Excluded
12,16,77,16,5,11, 0.00000000000000E+0000, 0.00000000000000E+0000,Excluded
12,16,78,16,2,14, 0.00000000000000E+0000, 0.00000000000000E+0000,Excluded
12,16,79,16,1,15, 0.00000000000000E+0000, 0.00000000000000E+0000,Excluded
12,16,8,16,6,10, 0.00000000000000E+0000, 0.00000000000000E+0000,Excluded
12,16,84,16,8,8, 0.00000000000000E+0000, 0.00000000000000E+0000,Excluded
12,16,85,16,4,12, 0.00000000000000E+0000, 0.00000000000000E+0000,Excluded
12,16,86,16,2,14, 0.00000000000000E+0000, 0.00000000000000E+0000,Excluded
12,16,89,16,7,9, 0.00000000000000E+0000, 0.00000000000000E+0000,Excluded
12,16,94,16,8,8, 0.00000000000000E+0000, 0.00000000000000E+0000,Excluded
12,16,95,16,6,10, 0.00000000000000E+0000, 0.00000000000000E+0000,Excluded
12,16,96,16,5,11, 0.00000000000000E+0000, 0.00000000000000E+0000,Excluded
12,16,98,16,5,11, 0.00000000000000E+0000, 0.00000000000000E+0000,Excluded
129,16,132,16,4,12, 0.00000000000000E+0000, 0.00000000000000E+0000,Excluded
129,16,137,15,3,12, 0.00000000000000E+0000, 0.00000000000000E+0000,Excluded
129,16,139,16,2,14, 0.00000000000000E+0000, 0.00000000000000E+0000,Excluded
129,16,140,16,3,13, 0.00000000000000E+0000, 0.00000000000000E+0000,Excluded
129,16,142,16,3,13, 0.00000000000000E+0000, 0.00000000000000E+0000,Excluded
129,16,144,16,1,15, 0.00000000000000E+0000, 0.00000000000000E+0000,Excluded
129,16,145,16,3,13, 0.00000000000000E+0000, 0.00000000000000E+0000,Excluded
129,16,147,16,2,14, 0.00000000000000E+0000, 0.00000000000000E+0000,Excluded
129,16,157,16,2,14, 0.00000000000000E+0000, 0.00000000000000E+0000,Excluded
129,16,16,15,5,10, 0.00000000000000E+0000, 0.00000000000000E+0000,Excluded
129,16,160,16,7,9, 0.00000000000000E+0000, 0.00000000000000E+0000,Excluded
129,16,162,16,5,11, 0.00000000000000E+0000, 0.00000000000000E+0000,Excluded
129,16,166,16,4,12, 0.00000000000000E+0000, 0.00000000000000E+0000,Excluded
129,16,177,16,3,13, 0.00000000000000E+0000, 0.00000000000000E+0000,Excluded
129,16,178,16,2,14, 0.00000000000000E+0000, 0.00000000000000E+0000,Excluded
129,16,18,16,5,11, 0.00000000000000E+0000, 0.00000000000000E+0000,Excluded
129,16,186,16,4,12, 0.00000000000000E+0000, 0.00000000000000E+0000,Excluded
129,16,189,16,6,10, 0.00000000000000E+0000, 0.00000000000000E+0000,Excluded
129,16,19,16,5,11, 0.00000000000000E+0000, 0.00000000000000E+0000,Excluded
129,16,190,16,6,10, 0.00000000000000E+0000, 0.00000000000000E+0000,Excluded
129,16,191,16,5,11, 0.00000000000000E+0000, 0.00000000000000E+0000,Excluded
129,16,193,16,4,12, 0.00000000000000E+0000, 0.00000000000000E+0000,Excluded
129,16,204,16,9,7, 0.00000000000000E+0000, 0.00000000000000E+0000,Excluded
129,16,21,15,5,10, 0.00000000000000E+0000, 0.00000000000000E+0000,Excluded
129,16,211,16,4,12, 0.00000000000000E+0000, 0.00000000000000E+0000,Excluded
129,16,216,16,2,14, 0.00000000000000E+0000, 0.00000000000000E+0000,Excluded
129,16,222,16,4,12, 0.00000000000000E+0000, 0.00000000000000E+0000,Excluded
129,16,224,16,6,10, 0.00000000000000E+0000, 0.00000000000000E+0000,Excluded
129,16,226,16,5,11, 0.00000000000000E+0000, 0.00000000000000E+0000,Excluded
129,16,23,15,3,12, 0.00000000000000E+0000, 0.00000000000000E+0000,Excluded
129,16,230,16,4,12, 0.00000000000000E+0000, 0.00000000000000E+0000,Excluded
129,16,232,16,4,12, 0.00000000000000E+0000, 0.00000000000000E+0000,Excluded
129,16,238,16,5,11, 0.00000000000000E+0000, 0.00000000000000E+0000,Excluded
129,16,24,15,4,11, 0.00000000000000E+0000, 0.00000000000000E+0000,Excluded
129,16,242,16,2,14, 0.00000000000000E+0000, 0.00000000000000E+0000,Excluded
129,16,243,16,2,14, 0.00000000000000E+0000, 0.00000000000000E+0000,Excluded
129,16,244,16,3,13, 0.00000000000000E+0000, 0.00000000000000E+0000,Excluded
129,16,25,15,3,12, 0.00000000000000E+0000, 0.00000000000000E+0000,Excluded
129,16,251,16,4,12, 0.00000000000000E+0000, 0.00000000000000E+0000,Excluded
129,16,26,16,10,6, 0.00000000000000E+0000, 0.00000000000000E+0000,Excluded
129,16,266,16,2,14, 0.00000000000000E+0000, 0.00000000000000E+0000,Excluded
129,16,267,16,6,10, 0.00000000000000E+0000, 0.00000000000000E+0000,Excluded
129,16,268,16,2,14, 0.00000000000000E+0000, 0.00000000000000E+0000,Excluded
129,16,270,16,6,10, 0.00000000000000E+0000, 0.00000000000000E+0000,Excluded
129,16,276,16,5,11, 0.00000000000000E+0000, 0.00000000000000E+0000,Excluded
129,16,28,16,7,9, 0.00000000000000E+0000, 0.00000000000000E+0000,Excluded
129,16,29,16,6,10, 0.00000000000000E+0000, 0.00000000000000E+0000,Excluded
129,16,298,15,1,14, 0.00000000000000E+0000, 0.00000000000000E+0000,Excluded
129,16,3,16,6,10, 0.00000000000000E+0000, 0.00000000000000E+0000,Excluded
129,16,30,16,7,9, 0.00000000000000E+0000, 0.00000000000000E+0000,Excluded
129,16,306,16,2,14, 0.00000000000000E+0000, 0.00000000000000E+0000,Excluded
129,16,308,16,3,13, 0.00000000000000E+0000, 0.00000000000000E+0000,Excluded
129,16,311,15,2,13, 0.00000000000000E+0000, 0.00000000000000E+0000,Excluded
129,16,323,16,8,8, 0.00000000000000E+0000, 0.00000000000000E+0000,Excluded
129,16,327,16,5,11, 0.00000000000000E+0000, 0.00000000000000E+0000,Excluded
129,16,33,16,3,13, 0.00000000000000E+0000, 0.00000000000000E+0000,Excluded
129,16,334,16,3,13, 0.00000000000000E+0000, 0.00000000000000E+0000,Excluded
129,16,338,16,6,10, 0.00000000000000E+0000, 0.00000000000000E+0000,Excluded
129,16,341,16,6,10, 0.00000000000000E+0000, 0.00000000000000E+0000,Excluded
129,16,346,16,3,13, 0.00000000000000E+0000, 0.00000000000000E+0000,Excluded
129,16,348,16,3,13, 0.00000000000000E+0000, 0.00000000000000E+0000,Excluded
129,16,351,16,6,10, 0.00000000000000E+0000, 0.00000000000000E+0000,Excluded
129,16,362,16,9,7, 0.00000000000000E+0000, 0.00000000000000E+0000,Excluded
129,16,364,16,3,13, 0.00000000000000E+0000, 0.00000000000000E+0000,Excluded
129,16,366,16,4,12, 0.00000000000000E+0000, 0.00000000000000E+0000,Excluded
129,16,37,16,5,11, 0.00000000000000E+0000, 0.00000000000000E+0000,Excluded
129,16,376,16,5,11, 0.00000000000000E+0000, 0.00000000000000E+0000,Excluded
129,16,377,15,4,11, 0.00000000000000E+0000, 0.00000000000000E+0000,Excluded
129,16,378,16,4,12, 0.00000000000000E+0000, 0.00000000000000E+0000,Excluded
129,16,38,16,5,11, 0.00000000000000E+0000, 0.00000000000000E+0000,Excluded
129,16,388,16,3,13, 0.00000000000000E+0000, 0.00000000000000E+0000,Excluded
129,16,391,16,3,13, 0.00000000000000E+0000, 0.00000000000000E+0000,Excluded
129,16,396,13,6,7, 0.00000000000000E+0000, 0.00000000000000E+0000,Excluded
129,16,4,16,6,10, 0.00000000000000E+0000, 0.00000000000000E+0000,Excluded
129,16,400,13,3,10, 0.00000000000000E+0000, 0.00000000000000E+0000,Excluded
129,16,401,16,5,11, 0.00000000000000E+0000, 0.00000000000000E+0000,Excluded
129,16,406,16,5,11, 0.00000000000000E+0000, 0.00000000000000E+0000,Excluded
129,16,412,15,5,10, 0.00000000000000E+0000, 0.00000000000000E+0000,Excluded
129,16,413,16,3,13, 0.00000000000000E+0000, 0.00000000000000E+0000,Excluded
129,16,421,16,3,13, 0.00000000000000E+0000, 0.00000000000000E+0000,Excluded
129,16,423,16,4,12, 0.00000000000000E+0000, 0.00000000000000E+0000,Excluded
129,16,424,16,5,11, 0.00000000000000E+0000, 0.00000000000000E+0000,Excluded
129,16,426,16,5,11, 0.00000000000000E+0000, 0.00000000000000E+0000,Excluded
129,16,43,16,7,9, 0.00000000000000E+0000, 0.00000000000000E+0000,Excluded
129,16,430,14,6,8, 0.00000000000000E+0000, 0.00000000000000E+0000,Excluded
129,16,435,16,2,14, 0.00000000000000E+0000, 0.00000000000000E+0000,Excluded
129,16,44,16,5,11, 0.00000000000000E+0000, 0.00000000000000E+0000,Excluded
129,16,461,16,3,13, 0.00000000000000E+0000, 0.00000000000000E+0000,Excluded
129,16,476,16,4,12, 0.00000000000000E+0000, 0.00000000000000E+0000,Excluded
129,16,478,16,5,11, 0.00000000000000E+0000, 0.00000000000000E+0000,Excluded
129,16,48,16,7,9, 0.00000000000000E+0000, 0.00000000000000E+0000,Excluded
129,16,484,16,2,14, 0.00000000000000E+0000, 0.00000000000000E+0000,Excluded
129,16,489,16,5,11, 0.00000000000000E+0000, 0.00000000000000E+0000,Excluded
129,16,492,13,2,11, 0.00000000000000E+0000, 0.00000000000000E+0000,Excluded
129,16,493,16,5,11, 0.00000000000000E+0000, 0.00000000000000E+0000,Excluded
129,16,494,16,2,14, 0.00000000000000E+0000, 0.00000000000000E+0000,Excluded
129,16,500,16,5,11, 0.00000000000000E+0000, 0.00000000000000E+0000,Excluded
129,16,504,16,5,11, 0.00000000000000E+0000, 0.00000000000000E+0000,Excluded
129,16,506,16,4,12, 0.00000000000000E+0000, 0.00000000000000E+0000,Excluded
129,16,52,16,4,12, 0.00000000000000E+0000, 0.00000000000000E+0000,Excluded
129,16,55,16,6,10, 0.00000000000000E+0000, 0.00000000000000E+0000,Excluded
129,16,57,16,6,10, 0.00000000000000E+0000, 0.00000000000000E+0000,Excluded
129,16,59,16,5,11, 0.00000000000000E+0000, 0.00000000000000E+0000,Excluded
129,16,6,16,7,9, 0.00000000000000E+0000, 0.00000000000000E+0000,Excluded
129,16,60,16,3,13, 0.00000000000000E+0000, 0.00000000000000E+0000,Excluded
129,16,61,16,4,12, 0.00000000000000E+0000, 0.00000000000000E+0000,Excluded
129,16,62,16,3,13, 0.00000000000000E+0000, 0.00000000000000E+0000,Excluded
129,16,65,16,4,12, 0.00000000000000E+0000, 0.00000000000000E+0000,Excluded
129,16,73,16,3,13, 0.00000000000000E+0000, 0.00000000000000E+0000,Excluded
129,16,75,16,1,15, 0.00000000000000E+0000, 0.00000000000000E+0000,Excluded
129,16,76,16,2,14, 0.00000000000000E+0000, 0.00000000000000E+0000,Excluded
129,16,77,16,2,14, 0.00000000000000E+0000, 0.00000000000000E+0000,Excluded
129,16,78,16,4,12, 0.00000000000000E+0000, 0.00000000000000E+0000,Excluded
129,16,79,16,1,15, 0.00000000000000E+0000, 0.00000000000000E+0000,Excluded
129,16,8,16,6,10, 0.00000000000000E+0000, 0.00000000000000E+0000,Excluded
129,16,84,16,6,10, 0.00000000000000E+0000, 0.00000000000000E+0000,Excluded
129,16,85,16,6,10, 0.00000000000000E+0000, 0.00000000000000E+0000,Excluded
129,16,86,16,6,10, 0.00000000000000E+0000, 0.00000000000000E+0000,Excluded
129,16,89,16,5,11, 0.00000000000000E+0000, 0.00000000000000E+0000,Excluded
129,16,94,16,8,8, 0.00000000000000E+0000, 0.00000000000000E+0000,Excluded
129,16,95,16,5,11, 0.00000000000000E+0000, 0.00000000000000E+0000,Excluded
129,16,96,16,5,11, 0.00000000000000E+0000, 0.00000000000000E+0000,Excluded
129,16,98,16,3,13, 0.00000000000000E+0000, 0.00000000000000E+0000,Excluded
132,16,137,15,3,12, 0.00000000000000E+0000, 0.00000000000000E+0000,Excluded
132,16,139,16,2,14, 0.00000000000000E+0000, 0.00000000000000E+0000,Excluded
132,16,140,16,3,13, 0.00000000000000E+0000, 0.00000000000000E+0000,Excluded
132,16,142,16,3,13, 0.00000000000000E+0000, 0.00000000000000E+0000,Excluded
132,16,144,16,3,13, 0.00000000000000E+0000, 0.00000000000000E+0000,Excluded
132,16,145,16,2,14, 0.00000000000000E+0000, 0.00000000000000E+0000,Excluded
132,16,147,16,1,15, 0.00000000000000E+0000, 0.00000000000000E+0000,Excluded
132,16,157,16,4,12, 0.00000000000000E+0000, 0.00000000000000E+0000,Excluded
132,16,16,15,4,11, 0.00000000000000E+0000, 0.00000000000000E+0000,Excluded
132,16,160,16,5,11, 0.00000000000000E+0000, 0.00000000000000E+0000,Excluded
132,16,162,16,3,13, 0.00000000000000E+0000, 0.00000000000000E+0000,Excluded
132,16,166,16,7,9, 0.00000000000000E+0000, 0.00000000000000E+0000,Excluded
132,16,177,16,3,13, 0.00000000000000E+0000, 0.00000000000000E+0000,Excluded
132,16,178,16,4,12, 0.00000000000000E+0000, 0.00000000000000E+0000,Excluded
132,16,18,16,3,13, 0.00000000000000E+0000, 0.00000000000000E+0000,Excluded
132,16,186,16,5,11, 0.00000000000000E+0000, 0.00000000000000E+0000,Excluded
132,16,189,16,3,13, 0.00000000000000E+0000, 0.00000000000000E+0000,Excluded
132,16,19,16,2,14, 0.00000000000000E+0000, 0.00000000000000E+0000,Excluded
132,16,190,16,5,11, 0.00000000000000E+0000, 0.00000000000000E+0000,Excluded
132,16,191,16,2,14, 0.00000000000000E+0000, 0.00000000000000E+0000,Excluded
132,16,193,16,4,12, 0.00000000000000E+0000, 0.00000000000000E+0000,Excluded
132,16,204,16,4,12, 0.00000000000000E+0000, 0.00000000000000E+0000,Excluded
132,16,21,15,4,11, 0.00000000000000E+0000, 0.00000000000000E+0000,Excluded
132,16,211,16,8,8, 0.00000000000000E+0000, 0.00000000000000E+0000,Excluded
132,16,216,16,5,11, 0.00000000000000E+0000, 0.00000000000000E+0000,Excluded
132,16,222,16,2,14, 0.00000000000000E+0000, 0.00000000000000E+0000,Excluded
132,16,224,16,4,12, 0.00000000000000E+0000, 0.00000000000000E+0000,Excluded
132,16,226,16,4,12, 0.00000000000000E+0000, 0.00000000000000E+0000,Excluded
132,16,23,15,4,11, 0.00000000000000E+0000, 0.00000000000000E+0000,Excluded
132,16,230,16,1,15, 0.00000000000000E+0000, 0.00000000000000E+0000,Excluded
132,16,232,16,1,15, 0.00000000000000E+0000, 0.00000000000000E+0000,Excluded
132,16,238,16,1,15, 0.00000000000000E+0000, 0.00000000000000E+0000,Excluded
132,16,24,15,3,12, 0.00000000000000E+0000, 0.00000000000000E+0000,Excluded
132,16,242,16,5,11, 0.00000000000000E+0000, 0.00000000000000E+0000,Excluded
132,16,243,16,3,13, 0.00000000000000E+0000, 0.00000000000000E+0000,Excluded
132,16,244,16,2,14, 0.00000000000000E+0000, 0.00000000000000E+0000,Excluded
132,16,25,15,4,11, 0.00000000000000E+0000, 0.00000000000000E+0000,Excluded
132,16,251,16,6,10, 0.00000000000000E+0000, 0.00000000000000E+0000,Excluded
132,16,26,16,5,11, 0.00000000000000E+0000, 0.00000000000000E+0000,Excluded
132,16,266,16,3,13, 0.00000000000000E+0000, 0.00000000000000E+0000,Excluded
132,16,267,16,2,14, 0.00000000000000E+0000, 0.00000000000000E+0000,Excluded
132,16,268,16,7,9, 0.00000000000000E+0000, 0.00000000000000E+0000,Excluded
132,16,270,16,3,13, 0.00000000000000E+0000, 0.00000000000000E+0000,Excluded
132,16,276,16,4,12, 0.00000000000000E+0000, 0.00000000000000E+0000,Excluded
132,16,28,16,4,12, 0.00000000000000E+0000, 0.00000000000000E+0000,Excluded
132,16,29,16,3,13, 0.00000000000000E+0000, 0.00000000000000E+0000,Excluded
132,16,298,15,4,11, 0.00000000000000E+0000, 0.00000000000000E+0000,Excluded
132,16,3,16,4,12, 0.00000000000000E+0000, 0.00000000000000E+0000,Excluded
132,16,30,16,3,13, 0.00000000000000E+0000, 0.00000000000000E+0000,Excluded
132,16,306,16,4,12, 0.00000000000000E+0000, 0.00000000000000E+0000,Excluded
132,16,308,16,3,13, 0.00000000000000E+0000, 0.00000000000000E+0000,Excluded
132,16,311,15,2,13, 0.00000000000000E+0000, 0.00000000000000E+0000,Excluded
132,16,323,16,5,11, 0.00000000000000E+0000, 0.00000000000000E+0000,Excluded
132,16,327,16,5,11, 0.00000000000000E+0000, 0.00000000000000E+0000,Excluded
132,16,33,16,2,14, 0.00000000000000E+0000, 0.00000000000000E+0000,Excluded
132,16,334,16,4,12, 0.00000000000000E+0000, 0.00000000000000E+0000,Excluded
132,16,338,16,4,12, 0.00000000000000E+0000, 0.00000000000000E+0000,Excluded
132,16,341,16,6,10, 0.00000000000000E+0000, 0.00000000000000E+0000,Excluded
132,16,346,16,5,11, 0.00000000000000E+0000, 0.00000000000000E+0000,Excluded
132,16,348,16,2,14, 0.00000000000000E+0000, 0.00000000000000E+0000,Excluded
132,16,351,16,6,10, 0.00000000000000E+0000, 0.00000000000000E+0000,Excluded
132,16,362,16,4,12, 0.00000000000000E+0000, 0.00000000000000E+0000,Excluded
132,16,364,16,2,14, 0.00000000000000E+0000, 0.00000000000000E+0000,Excluded
132,16,366,16,1,15, 0.00000000000000E+0000, 0.00000000000000E+0000,Excluded
132,16,37,16,5,11, 0.00000000000000E+0000, 0.00000000000000E+0000,Excluded
132,16,376,16,3,13, 0.00000000000000E+0000, 0.00000000000000E+0000,Excluded
132,16,377,15,4,11, 0.00000000000000E+0000, 0.00000000000000E+0000,Excluded
132,16,378,16,5,11, 0.00000000000000E+0000, 0.00000000000000E+0000,Excluded
132,16,38,16,3,13, 0.00000000000000E+0000, 0.00000000000000E+0000,Excluded
132,16,388,16,4,12, 0.00000000000000E+0000, 0.00000000000000E+0000,Excluded
132,16,391,16,5,11, 0.00000000000000E+0000, 0.00000000000000E+0000,Excluded
132,16,396,13,4,9, 0.00000000000000E+0000, 0.00000000000000E+0000,Excluded
132,16,4,16,5,11, 0.00000000000000E+0000, 0.00000000000000E+0000,Excluded
132,16,400,13,1,12, 0.00000000000000E+0000, 0.00000000000000E+0000,Excluded
132,16,401,16,3,13, 0.00000000000000E+0000, 0.00000000000000E+0000,Excluded
132,16,406,16,6,10, 0.00000000000000E+0000, 0.00000000000000E+0000,Excluded
132,16,412,15,6,9, 0.00000000000000E+0000, 0.00000000000000E+0000,Excluded
132,16,413,16,1,15, 0.00000000000000E+0000, 0.00000000000000E+0000,Excluded
132,16,421,16,3,13, 0.00000000000000E+0000, 0.00000000000000E+0000,Excluded
132,16,423,16,4,12, 0.00000000000000E+0000, 0.00000000000000E+0000,Excluded
132,16,424,16,3,13, 0.00000000000000E+0000, 0.00000000000000E+0000,Excluded
132,16,426,16,5,11, 0.00000000000000E+0000, 0.00000000000000E+0000,Excluded
132,16,43,16,4,12, 0.00000000000000E+0000, 0.00000000000000E+0000,Excluded
132,16,430,14,5,9, 0.00000000000000E+0000, 0.00000000000000E+0000,Excluded
132,16,435,16,2,14, 0.00000000000000E+0000, 0.00000000000000E+0000,Excluded
132,16,44,16,6,10, 0.00000000000000E+0000, 0.00000000000000E+0000,Excluded
132,16,461,16,4,12, 0.00000000000000E+0000, 0.00000000000000E+0000,Excluded
132,16,476,16,5,11, 0.00000000000000E+0000, 0.00000000000000E+0000,Excluded
132,16,478,16,3,13, 0.00000000000000E+0000, 0.00000000000000E+0000,Excluded
132,16,48,16,5,11, 0.00000000000000E+0000, 0.00000000000000E+0000,Excluded
132,16,484,16,4,12, 0.00000000000000E+0000, 0.00000000000000E+0000,Excluded
132,16,489,16,5,11, 0.00000000000000E+0000, 0.00000000000000E+0000,Excluded
132,16,492,13,4,9, 0.00000000000000E+0000, 0.00000000000000E+0000,Excluded
132,16,493,16,4,12, 0.00000000000000E+0000, 0.00000000000000E+0000,Excluded
132,16,494,16,2,14, 0.00000000000000E+0000, 0.00000000000000E+0000,Excluded
132,16,500,16,1,15, 0.00000000000000E+0000, 0.00000000000000E+0000,Excluded
132,16,504,16,3,13, 0.00000000000000E+0000, 0.00000000000000E+0000,Excluded
132,16,506,16,4,12, 0.00000000000000E+0000, 0.00000000000000E+0000,Excluded
132,16,52,16,3,13, 0.00000000000000E+0000, 0.00000000000000E+0000,Excluded
132,16,55,16,6,10, 0.00000000000000E+0000, 0.00000000000000E+0000,Excluded
132,16,57,16,4,12, 0.00000000000000E+0000, 0.00000000000000E+0000,Excluded
132,16,59,16,3,13, 0.00000000000000E+0000, 0.00000000000000E+0000,Excluded
132,16,6,16,3,13, 0.00000000000000E+0000, 0.00000000000000E+0000,Excluded
132,16,60,16,6,10, 0.00000000000000E+0000, 0.00000000000000E+0000,Excluded
132,16,61,16,6,10, 0.00000000000000E+0000, 0.00000000000000E+0000,Excluded
132,16,62,16,5,11, 0.00000000000000E+0000, 0.00000000000000E+0000,Excluded
132,16,65,16,4,12, 0.00000000000000E+0000, 0.00000000000000E+0000,Excluded
132,16,73,16,2,14, 0.00000000000000E+0000, 0.00000000000000E+0000,Excluded
132,16,75,16,1,15, 0.00000000000000E+0000, 0.00000000000000E+0000,Excluded
132,16,76,16,3,13, 0.00000000000000E+0000, 0.00000000000000E+0000,Excluded
132,16,77,16,4,12, 0.00000000000000E+0000, 0.00000000000000E+0000,Excluded
132,16,78,16,1,15, 0.00000000000000E+0000, 0.00000000000000E+0000,Excluded
132,16,79,16,0,16, 0.00000000000000E+0000, 0.00000000000000E+0000,Excluded
132,16,8,16,3,13, 0.00000000000000E+0000, 0.00000000000000E+0000,Excluded
132,16,84,16,5,11, 0.00000000000000E+0000, 0.00000000000000E+0000,Excluded
132,16,85,16,4,12, 0.00000000000000E+0000, 0.00000000000000E+0000,Excluded
132,16,86,16,3,13, 0.00000000000000E+0000, 0.00000000000000E+0000,Excluded
132,16,89,16,5,11, 0.00000000000000E+0000, 0.00000000000000E+0000,Excluded
132,16,94,16,3,13, 0.00000000000000E+0000, 0.00000000000000E+0000,Excluded
132,16,95,16,4,12, 0.00000000000000E+0000, 0.00000000000000E+0000,Excluded
132,16,96,16,3,13, 0.00000000000000E+0000, 0.00000000000000E+0000,Excluded
132,16,98,16,5,11, 0.00000000000000E+0000, 0.00000000000000E+0000,Excluded
137,15,139,16,4,11, 0.00000000000000E+0000, 0.00000000000000E+0000,Excluded
137,15,140,16,3,12, 0.00000000000000E+0000, 0.00000000000000E+0000,Excluded
137,15,142,16,6,9, 0.00000000000000E+0000, 0.00000000000000E+0000,Excluded
137,15,144,16,2,13, 0.00000000000000E+0000, 0.00000000000000E+0000,Excluded
137,15,145,16,4,11, 0.00000000000000E+0000, 0.00000000000000E+0000,Excluded
137,15,147,16,3,12, 0.00000000000000E+0000, 0.00000000000000E+0000,Excluded
137,15,157,16,2,13, 0.00000000000000E+0000, 0.00000000000000E+0000,Excluded
137,15,16,15,2,13, 0.00000000000000E+0000, 0.00000000000000E+0000,Excluded
137,15,160,16,3,12, 0.00000000000000E+0000, 0.00000000000000E+0000,Excluded
137,15,162,16,4,11, 0.00000000000000E+0000, 0.00000000000000E+0000,Excluded
137,15,166,16,6,9, 0.00000000000000E+0000, 0.00000000000000E+0000,Excluded
137,15,177,16,5,10, 0.00000000000000E+0000, 0.00000000000000E+0000,Excluded
137,15,178,16,2,13, 0.00000000000000E+0000, 0.00000000000000E+0000,Excluded
137,15,18,16,4,11, 0.00000000000000E+0000, 0.00000000000000E+0000,Excluded
137,15,186,16,3,12, 0.00000000000000E+0000, 0.00000000000000E+0000,Excluded
137,15,189,16,5,10, 0.00000000000000E+0000, 0.00000000000000E+0000,Excluded
137,15,19,16,4,11, 0.00000000000000E+0000, 0.00000000000000E+0000,Excluded
137,15,190,16,3,12, 0.00000000000000E+0000, 0.00000000000000E+0000,Excluded
137,15,191,16,5,10, 0.00000000000000E+0000, 0.00000000000000E+0000,Excluded
137,15,193,16,3,12, 0.00000000000000E+0000, 0.00000000000000E+0000,Excluded
137,15,204,16,4,11, 0.00000000000000E+0000, 0.00000000000000E+0000,Excluded
137,15,21,15,3,12, 0.00000000000000E+0000, 0.00000000000000E+0000,Excluded
137,15,211,16,2,13, 0.00000000000000E+0000, 0.00000000000000E+0000,Excluded
137,15,216,16,3,12, 0.00000000000000E+0000, 0.00000000000000E+0000,Excluded
137,15,222,16,3,12, 0.00000000000000E+0000, 0.00000000000000E+0000,Excluded
137,15,224,16,5,10, 0.00000000000000E+0000, 0.00000000000000E+0000,Excluded
137,15,226,16,3,12, 0.00000000000000E+0000, 0.00000000000000E+0000,Excluded
137,15,23,15,3,12, 0.00000000000000E+0000, 0.00000000000000E+0000,Excluded
137,15,230,16,3,12, 0.00000000000000E+0000, 0.00000000000000E+0000,Excluded
137,15,232,16,3,12, 0.00000000000000E+0000, 0.00000000000000E+0000,Excluded
137,15,238,16,2,13, 0.00000000000000E+0000, 0.00000000000000E+0000,Excluded
137,15,24,15,2,13, 0.00000000000000E+0000, 0.00000000000000E+0000,Excluded
137,15,242,16,1,14, 0.00000000000000E+0000, 0.00000000000000E+0000,Excluded
137,15,243,16,2,13, 0.00000000000000E+0000, 0.00000000000000E+0000,Excluded
137,15,244,16,4,11, 0.00000000000000E+0000, 0.00000000000000E+0000,Excluded
137,15,25,15,2,13, 0.00000000000000E+0000, 0.00000000000000E+0000,Excluded
137,15,251,16,4,11, 0.00000000000000E+0000, 0.00000000000000E+0000,Excluded
137,15,26,16,3,12, 0.00000000000000E+0000, 0.00000000000000E+0000,Excluded
137,15,266,16,2,13, 0.00000000000000E+0000, 0.00000000000000E+0000,Excluded
137,15,267,16,1,14, 0.00000000000000E+0000, 0.00000000000000E+0000,Excluded
137,15,268,16,4,11, 0.00000000000000E+0000, 0.00000000000000E+0000,Excluded
137,15,270,16,5,10, 0.00000000000000E+0000, 0.00000000000000E+0000,Excluded
137,15,276,16,5,10, 0.00000000000000E+0000, 0.00000000000000E+0000,Excluded
137,15,28,16,5,10, 0.00000000000000E+0000, 0.00000000000000E+0000,Excluded
137,15,29,16,3,12, 0.00000000000000E+0000, 0.00000000000000E+0000,Excluded
137,15,298,15,4,10, 0.00000000000000E+0000, 0.00000000000000E+0000,Excluded
137,15,3,16,3,12, 0.00000000000000E+0000, 0.00000000000000E+0000,Excluded
137,15,30,16,3,12, 0.00000000000000E+0000, 0.00000000000000E+0000,Excluded
137,15,306,16,2,13, 0.00000000000000E+0000, 0.00000000000000E+0000,Excluded
137,15,308,16,3,12, 0.00000000000000E+0000, 0.00000000000000E+0000,Excluded
137,15,311,15,4,10, 0.00000000000000E+0000, 0.00000000000000E+0000,Excluded
137,15,323,16,4,11, 0.00000000000000E+0000, 0.00000000000000E+0000,Excluded
137,15,327,16,3,12, 0.00000000000000E+0000, 0.00000000000000E+0000,Excluded
137,15,33,16,2,13, 0.00000000000000E+0000, 0.00000000000000E+0000,Excluded
137,15,334,16,3,12, 0.00000000000000E+0000, 0.00000000000000E+0000,Excluded
137,15,338,16,3,12, 0.00000000000000E+0000, 0.00000000000000E+0000,Excluded
137,15,341,16,3,12, 0.00000000000000E+0000, 0.00000000000000E+0000,Excluded
137,15,346,16,6,9, 0.00000000000000E+0000, 0.00000000000000E+0000,Excluded
137,15,348,16,3,12, 0.00000000000000E+0000, 0.00000000000000E+0000,Excluded
137,15,351,16,4,11, 0.00000000000000E+0000, 0.00000000000000E+0000,Excluded
137,15,362,16,3,12, 0.00000000000000E+0000, 0.00000000000000E+0000,Excluded
137,15,364,16,4,11, 0.00000000000000E+0000, 0.00000000000000E+0000,Excluded
137,15,366,16,2,13, 0.00000000000000E+0000, 0.00000000000000E+0000,Excluded
137,15,37,16,3,12, 0.00000000000000E+0000, 0.00000000000000E+0000,Excluded
137,15,376,16,3,12, 0.00000000000000E+0000, 0.00000000000000E+0000,Excluded
137,15,377,15,3,11, 0.00000000000000E+0000, 0.00000000000000E+0000,Excluded
137,15,378,16,4,11, 0.00000000000000E+0000, 0.00000000000000E+0000,Excluded
137,15,38,16,2,13, 0.00000000000000E+0000, 0.00000000000000E+0000,Excluded
137,15,388,16,4,11, 0.00000000000000E+0000, 0.00000000000000E+0000,Excluded
137,15,391,16,2,13, 0.00000000000000E+0000, 0.00000000000000E+0000,Excluded
137,15,396,13,2,10, 0.00000000000000E+0000, 0.00000000000000E+0000,Excluded
137,15,4,16,4,11, 0.00000000000000E+0000, 0.00000000000000E+0000,Excluded
137,15,400,13,2,10, 0.00000000000000E+0000, 0.00000000000000E+0000,Excluded
137,15,401,16,2,13, 0.00000000000000E+0000, 0.00000000000000E+0000,Excluded
137,15,406,16,2,13, 0.00000000000000E+0000, 0.00000000000000E+0000,Excluded
137,15,412,15,3,11, 0.00000000000000E+0000, 0.00000000000000E+0000,Excluded
137,15,413,16,3,12, 0.00000000000000E+0000, 0.00000000000000E+0000,Excluded
137,15,421,16,4,11, 0.00000000000000E+0000, 0.00000000000000E+0000,Excluded
137,15,423,16,3,12, 0.00000000000000E+0000, 0.00000000000000E+0000,Excluded
137,15,424,16,2,13, 0.00000000000000E+0000, 0.00000000000000E+0000,Excluded
137,15,426,16,4,11, 0.00000000000000E+0000, 0.00000000000000E+0000,Excluded
137,15,43,16,6,9, 0.00000000000000E+0000, 0.00000000000000E+0000,Excluded
137,15,430,14,4,9, 0.00000000000000E+0000, 0.00000000000000E+0000,Excluded
137,15,435,16,4,11, 0.00000000000000E+0000, 0.00000000000000E+0000,Excluded
137,15,44,16,2,13, 0.00000000000000E+0000, 0.00000000000000E+0000,Excluded
137,15,461,16,4,11, 0.00000000000000E+0000, 0.00000000000000E+0000,Excluded
137,15,476,16,2,13, 0.00000000000000E+0000, 0.00000000000000E+0000,Excluded
137,15,478,16,6,9, 0.00000000000000E+0000, 0.00000000000000E+0000,Excluded
137,15,48,16,4,11, 0.00000000000000E+0000, 0.00000000000000E+0000,Excluded
137,15,484,16,3,12, 0.00000000000000E+0000, 0.00000000000000E+0000,Excluded
137,15,489,16,3,12, 0.00000000000000E+0000, 0.00000000000000E+0000,Excluded
137,15,492,13,3,9, 0.00000000000000E+0000, 0.00000000000000E+0000,Excluded
137,15,493,16,2,13, 0.00000000000000E+0000, 0.00000000000000E+0000,Excluded
137,15,494,16,5,10, 0.00000000000000E+0000, 0.00000000000000E+0000,Excluded
137,15,500,16,2,13, 0.00000000000000E+0000, 0.00000000000000E+0000,Excluded
137,15,504,16,3,12, 0.00000000000000E+0000, 0.00000000000000E+0000,Excluded
137,15,506,16,1,14, 0.00000000000000E+0000, 0.00000000000000E+0000,Excluded
137,15,52,16,5,10, 0.00000000000000E+0000, 0.00000000000000E+0000,Excluded
137,15,55,16,3,12, 0.00000000000000E+0000, 0.00000000000000E+0000,Excluded
137,15,57,16,3,12, 0.00000000000000E+0000, 0.00000000000000E+0000,Excluded
137,15,59,16,2,13, 0.00000000000000E+0000, 0.00000000000000E+0000,Excluded
137,15,6,16,3,12, 0.00000000000000E+0000, 0.00000000000000E+0000,Excluded
137,15,60,16,7,8, 0.00000000000000E+0000, 0.00000000000000E+0000,Excluded
137,15,61,16,6,9, 0.00000000000000E+0000, 0.00000000000000E+0000,Excluded
137,15,62,16,5,10, 0.00000000000000E+0000, 0.00000000000000E+0000,Excluded
137,15,65,16,2,13, 0.00000000000000E+0000, 0.00000000000000E+0000,Excluded
137,15,73,16,2,13, 0.00000000000000E+0000, 0.00000000000000E+0000,Excluded
137,15,75,16,2,13, 0.00000000000000E+0000, 0.00000000000000E+0000,Excluded
137,15,76,16,4,11, 0.00000000000000E+0000, 0.00000000000000E+0000,Excluded
137,15,77,16,7,8, 0.00000000000000E+0000, 0.00000000000000E+0000,Excluded
137,15,78,16,3,12, 0.00000000000000E+0000, 0.00000000000000E+0000,Excluded
137,15,79,16,3,12, 0.00000000000000E+0000, 0.00000000000000E+0000,Excluded
137,15,8,16,3,12, 0.00000000000000E+0000, 0.00000000000000E+0000,Excluded
137,15,84,16,3,12, 0.00000000000000E+0000, 0.00000000000000E+0000,Excluded
137,15,85,16,5,10, 0.00000000000000E+0000, 0.00000000000000E+0000,Excluded
137,15,86,16,4,11, 0.00000000000000E+0000, 0.00000000000000E+0000,Excluded
137,15,89,16,4,11, 0.00000000000000E+0000, 0.00000000000000E+0000,Excluded
137,15,94,16,5,10, 0.00000000000000E+0000, 0.00000000000000E+0000,Excluded
137,15,95,16,5,10, 0.00000000000000E+0000, 0.00000000000000E+0000,Excluded
137,15,96,16,4,11, 0.00000000000000E+0000, 0.00000000000000E+0000,Excluded
137,15,98,16,4,11, 0.00000000000000E+0000, 0.00000000000000E+0000,Excluded
139,16,140,16,5,11, 0.00000000000000E+0000, 0.00000000000000E+0000,Excluded
139,16,142,16,3,13, 0.00000000000000E+0000, 0.00000000000000E+0000,Excluded
139,16,144,16,4,12, 0.00000000000000E+0000, 0.00000000000000E+0000,Excluded
139,16,145,16,4,12, 0.00000000000000E+0000, 0.00000000000000E+0000,Excluded
139,16,147,16,4,12, 0.00000000000000E+0000, 0.00000000000000E+0000,Excluded
139,16,157,16,3,13, 0.00000000000000E+0000, 0.00000000000000E+0000,Excluded
139,16,16,15,1,14, 0.00000000000000E+0000, 0.00000000000000E+0000,Excluded
139,16,160,16,1,15, 0.00000000000000E+0000, 0.00000000000000E+0000,Excluded
139,16,162,16,5,11, 0.00000000000000E+0000, 0.00000000000000E+0000,Excluded
139,16,166,16,4,12, 0.00000000000000E+0000, 0.00000000000000E+0000,Excluded
139,16,177,16,6,10, 0.00000000000000E+0000, 0.00000000000000E+0000,Excluded
139,16,178,16,2,14, 0.00000000000000E+0000, 0.00000000000000E+0000,Excluded
139,16,18,16,4,12, 0.00000000000000E+0000, 0.00000000000000E+0000,Excluded
139,16,186,16,1,15, 0.00000000000000E+0000, 0.00000000000000E+0000,Excluded
139,16,189,16,3,13, 0.00000000000000E+0000, 0.00000000000000E+0000,Excluded
139,16,19,16,4,12, 0.00000000000000E+0000, 0.00000000000000E+0000,Excluded
139,16,190,16,4,12, 0.00000000000000E+0000, 0.00000000000000E+0000,Excluded
139,16,191,16,5,11, 0.00000000000000E+0000, 0.00000000000000E+0000,Excluded
139,16,193,16,4,12, 0.00000000000000E+0000, 0.00000000000000E+0000,Excluded
139,16,204,16,3,13, 0.00000000000000E+0000, 0.00000000000000E+0000,Excluded
139,16,21,15,2,13, 0.00000000000000E+0000, 0.00000000000000E+0000,Excluded
139,16,211,16,3,13, 0.00000000000000E+0000, 0.00000000000000E+0000,Excluded
139,16,216,16,1,15, 0.00000000000000E+0000, 0.00000000000000E+0000,Excluded
139,16,222,16,2,14, 0.00000000000000E+0000, 0.00000000000000E+0000,Excluded
139,16,224,16,3,13, 0.00000000000000E+0000, 0.00000000000000E+0000,Excluded
139,16,226,16,1,15, 0.00000000000000E+0000, 0.00000000000000E+0000,Excluded
139,16,23,15,3,12, 0.00000000000000E+0000, 0.00000000000000E+0000,Excluded
139,16,230,16,1,15, 0.00000000000000E+0000, 0.00000000000000E+0000,Excluded
139,16,232,16,2,14, 0.00000000000000E+0000, 0.00000000000000E+0000,Excluded
139,16,238,16,1,15, 0.00000000000000E+0000, 0.00000000000000E+0000,Excluded
139,16,24,15,3,12, 0.00000000000000E+0000, 0.00000000000000E+0000,Excluded
139,16,242,16,0,16, 0.00000000000000E+0000, 0.00000000000000E+0000,Excluded
139,16,243,16,2,14, 0.00000000000000E+0000, 0.00000000000000E+0000,Excluded
139,16,244,16,3,13, 0.00000000000000E+0000, 0.00000000000000E+0000,Excluded
139,16,25,15,0,15, 0.00000000000000E+0000, 0.00000000000000E+0000,Excluded
139,16,251,16,4,12, 0.00000000000000E+0000, 0.00000000000000E+0000,Excluded
139,16,26,16,2,14, 0.00000000000000E+0000, 0.00000000000000E+0000,Excluded
139,16,266,16,3,13, 0.00000000000000E+0000, 0.00000000000000E+0000,Excluded
139,16,267,16,2,14, 0.00000000000000E+0000, 0.00000000000000E+0000,Excluded
139,16,268,16,2,14, 0.00000000000000E+0000, 0.00000000000000E+0000,Excluded
139,16,270,16,2,14, 0.00000000000000E+0000, 0.00000000000000E+0000,Excluded
139,16,276,16,2,14, 0.00000000000000E+0000, 0.00000000000000E+0000,Excluded
139,16,28,16,2,14, 0.00000000000000E+0000, 0.00000000000000E+0000,Excluded
139,16,29,16,3,13, 0.00000000000000E+0000, 0.00000000000000E+0000,Excluded
139,16,298,15,3,12, 0.00000000000000E+0000, 0.00000000000000E+0000,Excluded
139,16,3,16,3,13, 0.00000000000000E+0000, 0.00000000000000E+0000,Excluded
139,16,30,16,3,13, 0.00000000000000E+0000, 0.00000000000000E+0000,Excluded
139,16,306,16,0,16, 0.00000000000000E+0000, 0.00000000000000E+0000,Excluded
139,16,308,16,4,12, 0.00000000000000E+0000, 0.00000000000000E+0000,Excluded
139,16,311,15,3,12, 0.00000000000000E+0000, 0.00000000000000E+0000,Excluded
139,16,323,16,2,14, 0.00000000000000E+0000, 0.00000000000000E+0000,Excluded
139,16,327,16,4,12, 0.00000000000000E+0000, 0.00000000000000E+0000,Excluded
139,16,33,16,3,13, 0.00000000000000E+0000, 0.00000000000000E+0000,Excluded
139,16,334,16,2,14, 0.00000000000000E+0000, 0.00000000000000E+0000,Excluded
139,16,338,16,3,13, 0.00000000000000E+0000, 0.00000000000000E+0000,Excluded
139,16,341,16,1,15, 0.00000000000000E+0000, 0.00000000000000E+0000,Excluded
139,16,346,16,3,13, 0.00000000000000E+0000, 0.00000000000000E+0000,Excluded
139,16,348,16,4,12, 0.00000000000000E+0000, 0.00000000000000E+0000,Excluded
139,16,351,16,2,14, 0.00000000000000E+0000, 0.00000000000000E+0000,Excluded
139,16,362,16,2,14, 0.00000000000000E+0000, 0.00000000000000E+0000,Excluded
139,16,364,16,0,16, 0.00000000000000E+0000, 0.00000000000000E+0000,Excluded
139,16,366,16,2,14, 0.00000000000000E+0000, 0.00000000000000E+0000,Excluded
139,16,37,16,4,12, 0.00000000000000E+0000, 0.00000000000000E+0000,Excluded
139,16,376,16,1,15, 0.00000000000000E+0000, 0.00000000000000E+0000,Excluded
139,16,377,15,3,12, 0.00000000000000E+0000, 0.00000000000000E+0000,Excluded
139,16,378,16,3,13, 0.00000000000000E+0000, 0.00000000000000E+0000,Excluded
139,16,38,16,3,13, 0.00000000000000E+0000, 0.00000000000000E+0000,Excluded
139,16,388,16,2,14, 0.00000000000000E+0000, 0.00000000000000E+0000,Excluded
139,16,391,16,1,15, 0.00000000000000E+0000, 0.00000000000000E+0000,Excluded
139,16,396,13,0,13, 0.00000000000000E+0000, 0.00000000000000E+0000,Excluded
139,16,4,16,2,14, 0.00000000000000E+0000, 0.00000000000000E+0000,Excluded
139,16,400,13,2,11, 0.00000000000000E+0000, 0.00000000000000E+0000,Excluded
139,16,401,16,3,13, 0.00000000000000E+0000, 0.00000000000000E+0000,Excluded
139,16,406,16,2,14, 0.00000000000000E+0000, 0.00000000000000E+0000,Excluded
139,16,412,15,1,14, 0.00000000000000E+0000, 0.00000000000000E+0000,Excluded
139,16,413,16,3,13, 0.00000000000000E+0000, 0.00000000000000E+0000,Excluded
139,16,421,16,2,14, 0.00000000000000E+0000, 0.00000000000000E+0000,Excluded
139,16,423,16,3,13, 0.00000000000000E+0000, 0.00000000000000E+0000,Excluded
139,16,424,16,1,15, 0.00000000000000E+0000, 0.00000000000000E+0000,Excluded
139,16,426,16,5,11, 0.00000000000000E+0000, 0.00000000000000E+0000,Excluded
139,16,43,16,3,13, 0.00000000000000E+0000, 0.00000000000000E+0000,Excluded
139,16,430,14,3,11, 0.00000000000000E+0000, 0.00000000000000E+0000,Excluded
139,16,435,16,0,16, 0.00000000000000E+0000, 0.00000000000000E+0000,Excluded
139,16,44,16,2,14, 0.00000000000000E+0000, 0.00000000000000E+0000,Excluded
139,16,461,16,5,11, 0.00000000000000E+0000, 0.00000000000000E+0000,Excluded
139,16,476,16,3,13, 0.00000000000000E+0000, 0.00000000000000E+0000,Excluded
139,16,478,16,2,14, 0.00000000000000E+0000, 0.00000000000000E+0000,Excluded
139,16,48,16,3,13, 0.00000000000000E+0000, 0.00000000000000E+0000,Excluded
139,16,484,16,3,13, 0.00000000000000E+0000, 0.00000000000000E+0000,Excluded
139,16,489,16,2,14, 0.00000000000000E+0000, 0.00000000000000E+0000,Excluded
139,16,492,13,2,11, 0.00000000000000E+0000, 0.00000000000000E+0000,Excluded
139,16,493,16,2,14, 0.00000000000000E+0000, 0.00000000000000E+0000,Excluded
139,16,494,16,3,13, 0.00000000000000E+0000, 0.00000000000000E+0000,Excluded
139,16,500,16,1,15, 0.00000000000000E+0000, 0.00000000000000E+0000,Excluded
139,16,504,16,4,12, 0.00000000000000E+0000, 0.00000000000000E+0000,Excluded
139,16,506,16,3,13, 0.00000000000000E+0000, 0.00000000000000E+0000,Excluded
139,16,52,16,4,12, 0.00000000000000E+0000, 0.00000000000000E+0000,Excluded
139,16,55,16,2,14, 0.00000000000000E+0000, 0.00000000000000E+0000,Excluded
139,16,57,16,3,13, 0.00000000000000E+0000, 0.00000000000000E+0000,Excluded
139,16,59,16,2,14, 0.00000000000000E+0000, 0.00000000000000E+0000,Excluded
139,16,6,16,2,14, 0.00000000000000E+0000, 0.00000000000000E+0000,Excluded
139,16,60,16,1,15, 0.00000000000000E+0000, 0.00000000000000E+0000,Excluded
139,16,61,16,3,13, 0.00000000000000E+0000, 0.00000000000000E+0000,Excluded
139,16,62,16,3,13, 0.00000000000000E+0000, 0.00000000000000E+0000,Excluded
139,16,65,16,2,14, 0.00000000000000E+0000, 0.00000000000000E+0000,Excluded
139,16,73,16,2,14, 0.00000000000000E+0000, 0.00000000000000E+0000,Excluded
139,16,75,16,13,3, 0.00000000000000E+0000, 0.00000000000000E+0000,Fuzzy match
139,16,76,16,1,15, 0.00000000000000E+0000, 0.00000000000000E+0000,Excluded
139,16,77,16,5,11, 0.00000000000000E+0000, 0.00000000000000E+0000,Excluded
139,16,78,16,2,14, 0.00000000000000E+0000, 0.00000000000000E+0000,Excluded
139,16,79,16,1,15, 0.00000000000000E+0000, 0.00000000000000E+0000,Excluded
139,16,8,16,2,14, 0.00000000000000E+0000, 0.00000000000000E+0000,Excluded
139,16,84,16,2,14, 0.00000000000000E+0000, 0.00000000000000E+0000,Excluded
139,16,85,16,3,13, 0.00000000000000E+0000, 0.00000000000000E+0000,Excluded
139,16,86,16,3,13, 0.00000000000000E+0000, 0.00000000000000E+0000,Excluded
139,16,89,16,4,12, 0.00000000000000E+0000, 0.00000000000000E+0000,Excluded
139,16,94,16,2,14, 0.00000000000000E+0000, 0.00000000000000E+0000,Excluded
139,16,95,16,2,14, 0.00000000000000E+0000, 0.00000000000000E+0000,Excluded
139,16,96,16,5,11, 0.00000000000000E+0000, 0.00000000000000E+0000,Excluded
139,16,98,16,2,14, 0.00000000000000E+0000, 0.00000000000000E+0000,Excluded
140,16,142,16,3,13, 0.00000000000000E+0000, 0.00000000000000E+0000,Excluded
140,16,144,16,5,11, 0.00000000000000E+0000, 0.00000000000000E+0000,Excluded
140,16,145,16,6,10, 0.00000000000000E+0000, 0.00000000000000E+0000,Excluded
140,16,147,16,3,13, 0.00000000000000E+0000, 0.00000000000000E+0000,Excluded
140,16,157,16,2,14, 0.00000000000000E+0000, 0.00000000000000E+0000,Excluded
140,16,16,15,2,13, 0.00000000000000E+0000, 0.00000000000000E+0000,Excluded
140,16,160,16,3,13, 0.00000000000000E+0000, 0.00000000000000E+0000,Excluded
140,16,162,16,6,10, 0.00000000000000E+0000, 0.00000000000000E+0000,Excluded
140,16,166,16,7,9, 0.00000000000000E+0000, 0.00000000000000E+0000,Excluded
140,16,177,16,2,14, 0.00000000000000E+0000, 0.00000000000000E+0000,Excluded
140,16,178,16,4,12, 0.00000000000000E+0000, 0.00000000000000E+0000,Excluded
140,16,18,16,3,13, 0.00000000000000E+0000, 0.00000000000000E+0000,Excluded
140,16,186,16,4,12, 0.00000000000000E+0000, 0.00000000000000E+0000,Excluded
140,16,189,16,3,13, 0.00000000000000E+0000, 0.00000000000000E+0000,Excluded
140,16,19,16,7,9, 0.00000000000000E+0000, 0.00000000000000E+0000,Excluded
140,16,190,16,4,12, 0.00000000000000E+0000, 0.00000000000000E+0000,Excluded
140,16,191,16,6,10, 0.00000000000000E+0000, 0.00000000000000E+0000,Excluded
140,16,193,16,5,11, 0.00000000000000E+0000, 0.00000000000000E+0000,Excluded
140,16,204,16,5,11, 0.00000000000000E+0000, 0.00000000000000E+0000,Excluded
140,16,21,15,3,12, 0.00000000000000E+0000, 0.00000000000000E+0000,Excluded
140,16,211,16,4,12, 0.00000000000000E+0000, 0.00000000000000E+0000,Excluded
140,16,216,16,3,13, 0.00000000000000E+0000, 0.00000000000000E+0000,Excluded
140,16,222,16,3,13, 0.00000000000000E+0000, 0.00000000000000E+0000,Excluded
140,16,224,16,4,12, 0.00000000000000E+0000, 0.00000000000000E+0000,Excluded
140,16,226,16,4,12, 0.00000000000000E+0000, 0.00000000000000E+0000,Excluded
140,16,23,15,3,12, 0.00000000000000E+0000, 0.00000000000000E+0000,Excluded
140,16,230,16,3,13, 0.00000000000000E+0000, 0.00000000000000E+0000,Excluded
140,16,232,16,3,13, 0.00000000000000E+0000, 0.00000000000000E+0000,Excluded
140,16,238,16,1,15, 0.00000000000000E+0000, 0.00000000000000E+0000,Excluded
140,16,24,15,2,13, 0.00000000000000E+0000, 0.00000000000000E+0000,Excluded
140,16,242,16,2,14, 0.00000000000000E+0000, 0.00000000000000E+0000,Excluded
140,16,243,16,3,13, 0.00000000000000E+0000, 0.00000000000000E+0000,Excluded
140,16,244,16,2,14, 0.00000000000000E+0000, 0.00000000000000E+0000,Excluded
140,16,25,15,1,14, 0.00000000000000E+0000, 0.00000000000000E+0000,Excluded
140,16,251,16,3,13, 0.00000000000000E+0000, 0.00000000000000E+0000,Excluded
140,16,26,16,3,13, 0.00000000000000E+0000, 0.00000000000000E+0000,Excluded
140,16,266,16,3,13, 0.00000000000000E+0000, 0.00000000000000E+0000,Excluded
140,16,267,16,3,13, 0.00000000000000E+0000, 0.00000000000000E+0000,Excluded
140,16,268,16,2,14, 0.00000000000000E+0000, 0.00000000000000E+0000,Excluded
140,16,270,16,3,13, 0.00000000000000E+0000, 0.00000000000000E+0000,Excluded
140,16,276,16,6,10, 0.00000000000000E+0000, 0.00000000000000E+0000,Excluded
140,16,28,16,2,14, 0.00000000000000E+0000, 0.00000000000000E+0000,Excluded
140,16,29,16,3,13, 0.00000000000000E+0000, 0.00000000000000E+0000,Excluded
140,16,298,15,4,11, 0.00000000000000E+0000, 0.00000000000000E+0000,Excluded
140,16,3,16,6,10, 0.00000000000000E+0000, 0.00000000000000E+0000,Excluded
140,16,30,16,4,12, 0.00000000000000E+0000, 0.00000000000000E+0000,Excluded
140,16,306,16,1,15, 0.00000000000000E+0000, 0.00000000000000E+0000,Excluded
140,16,308,16,2,14, 0.00000000000000E+0000, 0.00000000000000E+0000,Excluded
140,16,311,15,4,11, 0.00000000000000E+0000, 0.00000000000000E+0000,Excluded
140,16,323,16,5,11, 0.00000000000000E+0000, 0.00000000000000E+0000,Excluded
140,16,327,16,4,12, 0.00000000000000E+0000, 0.00000000000000E+0000,Excluded
140,16,33,16,1,15, 0.00000000000000E+0000, 0.00000000000000E+0000,Excluded
140,16,334,16,3,13, 0.00000000000000E+0000, 0.00000000000000E+0000,Excluded
140,16,338,16,8,8, 0.00000000000000E+0000, 0.00000000000000E+0000,Excluded
140,16,341,16,4,12, 0.00000000000000E+0000, 0.00000000000000E+0000,Excluded
140,16,346,16,5,11, 0.00000000000000E+0000, 0.00000000000000E+0000,Excluded
140,16,348,16,5,11, 0.00000000000000E+0000, 0.00000000000000E+0000,Excluded
140,16,351,16,3,13, 0.00000000000000E+0000, 0.00000000000000E+0000,Excluded
140,16,362,16,5,11, 0.00000000000000E+0000, 0.00000000000000E+0000,Excluded
140,16,364,16,0,16, 0.00000000000000E+0000, 0.00000000000000E+0000,Excluded
140,16,366,16,4,12, 0.00000000000000E+0000, 0.00000000000000E+0000,Excluded
140,16,37,16,4,12, 0.00000000000000E+0000, 0.00000000000000E+0000,Excluded
140,16,376,16,4,12, 0.00000000000000E+0000, 0.00000000000000E+0000,Excluded
140,16,377,15,3,12, 0.00000000000000E+0000, 0.00000000000000E+0000,Excluded
140,16,378,16,4,12, 0.00000000000000E+0000, 0.00000000000000E+0000,Excluded
140,16,38,16,2,14, 0.00000000000000E+0000, 0.00000000000000E+0000,Excluded
140,16,388,16,4,12, 0.00000000000000E+0000, 0.00000000000000E+0000,Excluded
140,16,391,16,2,14, 0.00000000000000E+0000, 0.00000000000000E+0000,Excluded
140,16,396,13,2,11, 0.00000000000000E+0000, 0.00000000000000E+0000,Excluded
140,16,4,16,4,12, 0.00000000000000E+0000, 0.00000000000000E+0000,Excluded
140,16,400,13,2,11, 0.00000000000000E+0000, 0.00000000000000E+0000,Excluded
140,16,401,16,4,12, 0.00000000000000E+0000, 0.00000000000000E+0000,Excluded
140,16,406,16,4,12, 0.00000000000000E+0000, 0.00000000000000E+0000,Excluded
140,16,412,15,5,10, 0.00000000000000E+0000, 0.00000000000000E+0000,Excluded
140,16,413,16,4,12, 0.00000000000000E+0000, 0.00000000000000E+0000,Excluded
140,16,421,16,4,12, 0.00000000000000E+0000, 0.00000000000000E+0000,Excluded
140,16,423,16,4,12, 0.00000000000000E+0000, 0.00000000000000E+0000,Excluded
140,16,424,16,4,12, 0.00000000000000E+0000, 0.00000000000000E+0000,Excluded
140,16,426,16,3,13, 0.00000000000000E+0000, 0.00000000000000E+0000,Excluded
140,16,43,16,3,13, 0.00000000000000E+0000, 0.00000000000000E+0000,Excluded
140,16,430,14,4,10, 0.00000000000000E+0000, 0.00000000000000E+0000,Excluded
140,16,435,16,2,14, 0.00000000000000E+0000, 0.00000000000000E+0000,Excluded
140,16,44,16,4,12, 0.00000000000000E+0000, 0.00000000000000E+0000,Excluded
140,16,461,16,3,13, 0.00000000000000E+0000, 0.00000000000000E+0000,Excluded
140,16,476,16,6,10, 0.00000000000000E+0000, 0.00000000000000E+0000,Excluded
140,16,478,16,2,14, 0.00000000000000E+0000, 0.00000000000000E+0000,Excluded
140,16,48,16,3,13, 0.00000000000000E+0000, 0.00000000000000E+0000,Excluded
140,16,484,16,0,16, 0.00000000000000E+0000, 0.00000000000000E+0000,Excluded
140,16,489,16,4,12, 0.00000000000000E+0000, 0.00000000000000E+0000,Excluded
140,16,492,13,2,11, 0.00000000000000E+0000, 0.00000000000000E+0000,Excluded
140,16,493,16,2,14, 0.00000000000000E+0000, 0.00000000000000E+0000,Excluded
140,16,494,16,3,13, 0.00000000000000E+0000, 0.00000000000000E+0000,Excluded
140,16,500,16,3,13, 0.00000000000000E+0000, 0.00000000000000E+0000,Excluded
140,16,504,16,4,12, 0.00000000000000E+0000, 0.00000000000000E+0000,Excluded
140,16,506,16,5,11, 0.00000000000000E+0000, 0.00000000000000E+0000,Excluded
140,16,52,16,4,12, 0.00000000000000E+0000, 0.00000000000000E+0000,Excluded
140,16,55,16,4,12, 0.00000000000000E+0000, 0.00000000000000E+0000,Excluded
140,16,57,16,5,11, 0.00000000000000E+0000, 0.00000000000000E+0000,Excluded
140,16,59,16,4,12, 0.00000000000000E+0000, 0.00000000000000E+0000,Excluded
140,16,6,16,5,11, 0.00000000000000E+0000, 0.00000000000000E+0000,Excluded
140,16,60,16,2,14, 0.00000000000000E+0000, 0.00000000000000E+0000,Excluded
140,16,61,16,3,13, 0.00000000000000E+0000, 0.00000000000000E+0000,Excluded
140,16,62,16,4,12, 0.00000000000000E+0000, 0.00000000000000E+0000,Excluded
140,16,65,16,2,14, 0.00000000000000E+0000, 0.00000000000000E+0000,Excluded
140,16,73,16,5,11, 0.00000000000000E+0000, 0.00000000000000E+0000,Excluded
140,16,75,16,4,12, 0.00000000000000E+0000, 0.00000000000000E+0000,Excluded
140,16,76,16,3,13, 0.00000000000000E+0000, 0.00000000000000E+0000,Excluded
140,16,77,16,4,12, 0.00000000000000E+0000, 0.00000000000000E+0000,Excluded
140,16,78,16,4,12, 0.00000000000000E+0000, 0.00000000000000E+0000,Excluded
140,16,79,16,2,14, 0.00000000000000E+0000, 0.00000000000000E+0000,Excluded
140,16,8,16,5,11, 0.00000000000000E+0000, 0.00000000000000E+0000,Excluded
140,16,84,16,3,13, 0.00000000000000E+0000, 0.00000000000000E+0000,Excluded
140,16,85,16,2,14, 0.00000000000000E+0000, 0.00000000000000E+0000,Excluded
140,16,86,16,2,14, 0.00000000000000E+0000, 0.00000000000000E+0000,Excluded
140,16,89,16,3,13, 0.00000000000000E+0000, 0.00000000000000E+0000,Excluded
140,16,94,16,3,13, 0.00000000000000E+0000, 0.00000000000000E+0000,Excluded
140,16,95,16,4,12, 0.00000000000000E+0000, 0.00000000000000E+0000,Excluded
140,16,96,16,6,10, 0.00000000000000E+0000, 0.00000000000000E+0000,Excluded
140,16,98,16,2,14, 0.00000000000000E+0000, 0.00000000000000E+0000,Excluded
142,16,144,16,1,15, 0.00000000000000E+0000, 0.00000000000000E+0000,Excluded
142,16,145,16,5,11, 0.00000000000000E+0000, 0.00000000000000E+0000,Excluded
142,16,147,16,5,11, 0.00000000000000E+0000, 0.00000000000000E+0000,Excluded
142,16,157,16,3,13, 0.00000000000000E+0000, 0.00000000000000E+0000,Excluded
142,16,16,15,3,12, 0.00000000000000E+0000, 0.00000000000000E+0000,Excluded
142,16,160,16,6,10, 0.00000000000000E+0000, 0.00000000000000E+0000,Excluded
142,16,162,16,3,13, 0.00000000000000E+0000, 0.00000000000000E+0000,Excluded
142,16,166,16,2,14, 0.00000000000000E+0000, 0.00000000000000E+0000,Excluded
142,16,177,16,4,12, 0.00000000000000E+0000, 0.00000000000000E+0000,Excluded
142,16,178,16,3,13, 0.00000000000000E+0000, 0.00000000000000E+0000,Excluded
142,16,18,16,2,14, 0.00000000000000E+0000, 0.00000000000000E+0000,Excluded
142,16,186,16,3,13, 0.00000000000000E+0000, 0.00000000000000E+0000,Excluded
142,16,189,16,5,11, 0.00000000000000E+0000, 0.00000000000000E+0000,Excluded
142,16,19,16,5,11, 0.00000000000000E+0000, 0.00000000000000E+0000,Excluded
142,16,190,16,4,12, 0.00000000000000E+0000, 0.00000000000000E+0000,Excluded
142,16,191,16,2,14, 0.00000000000000E+0000, 0.00000000000000E+0000,Excluded
142,16,193,16,7,9, 0.00000000000000E+0000, 0.00000000000000E+0000,Excluded
142,16,204,16,3,13, 0.00000000000000E+0000, 0.00000000000000E+0000,Excluded
142,16,21,15,2,13, 0.00000000000000E+0000, 0.00000000000000E+0000,Excluded
142,16,211,16,3,13, 0.00000000000000E+0000, 0.00000000000000E+0000,Excluded
142,16,216,16,2,14, 0.00000000000000E+0000, 0.00000000000000E+0000,Excluded
142,16,222,16,1,15, 0.00000000000000E+0000, 0.00000000000000E+0000,Excluded
142,16,224,16,3,13, 0.00000000000000E+0000, 0.00000000000000E+0000,Excluded
142,16,226,16,4,12, 0.00000000000000E+0000, 0.00000000000000E+0000,Excluded
142,16,23,15,1,14, 0.00000000000000E+0000, 0.00000000000000E+0000,Excluded
142,16,230,16,3,13, 0.00000000000000E+0000, 0.00000000000000E+0000,Excluded
142,16,232,16,7,9, 0.00000000000000E+0000, 0.00000000000000E+0000,Excluded
142,16,238,16,3,13, 0.00000000000000E+0000, 0.00000000000000E+0000,Excluded
142,16,24,15,3,12, 0.00000000000000E+0000, 0.00000000000000E+0000,Excluded
142,16,242,16,3,13, 0.00000000000000E+0000, 0.00000000000000E+0000,Excluded
142,16,243,16,3,13, 0.00000000000000E+0000, 0.00000000000000E+0000,Excluded
142,16,244,16,4,12, 0.00000000000000E+0000, 0.00000000000000E+0000,Excluded
142,16,25,15,2,13, 0.00000000000000E+0000, 0.00000000000000E+0000,Excluded
142,16,251,16,6,10, 0.00000000000000E+0000, 0.00000000000000E+0000,Excluded
142,16,26,16,3,13, 0.00000000000000E+0000, 0.00000000000000E+0000,Excluded
142,16,266,16,1,15, 0.00000000000000E+0000, 0.00000000000000E+0000,Excluded
142,16,267,16,3,13, 0.00000000000000E+0000, 0.00000000000000E+0000,Excluded
142,16,268,16,3,13, 0.00000000000000E+0000, 0.00000000000000E+0000,Excluded
142,16,270,16,5,11, 0.00000000000000E+0000, 0.00000000000000E+0000,Excluded
142,16,276,16,5,11, 0.00000000000000E+0000, 0.00000000000000E+0000,Excluded
142,16,28,16,4,12, 0.00000000000000E+0000, 0.00000000000000E+0000,Excluded
142,16,29,16,3,13, 0.00000000000000E+0000, 0.00000000000000E+0000,Excluded
142,16,298,15,4,11, 0.00000000000000E+0000, 0.00000000000000E+0000,Excluded
142,16,3,16,4,12, 0.00000000000000E+0000, 0.00000000000000E+0000,Excluded
142,16,30,16,3,13, 0.00000000000000E+0000, 0.00000000000000E+0000,Excluded
142,16,306,16,5,11, 0.00000000000000E+0000, 0.00000000000000E+0000,Excluded
142,16,308,16,4,12, 0.00000000000000E+0000, 0.00000000000000E+0000,Excluded
142,16,311,15,3,12, 0.00000000000000E+0000, 0.00000000000000E+0000,Excluded
142,16,323,16,3,13, 0.00000000000000E+0000, 0.00000000000000E+0000,Excluded
142,16,327,16,4,12, 0.00000000000000E+0000, 0.00000000000000E+0000,Excluded
142,16,33,16,3,13, 0.00000000000000E+0000, 0.00000000000000E+0000,Excluded
142,16,334,16,1,15, 0.00000000000000E+0000, 0.00000000000000E+0000,Excluded
142,16,338,16,4,12, 0.00000000000000E+0000, 0.00000000000000E+0000,Excluded
142,16,341,16,4,12, 0.00000000000000E+0000, 0.00000000000000E+0000,Excluded
142,16,346,16,7,9, 0.00000000000000E+0000, 0.00000000000000E+0000,Excluded
142,16,348,16,4,12, 0.00000000000000E+0000, 0.00000000000000E+0000,Excluded
142,16,351,16,5,11, 0.00000000000000E+0000, 0.00000000000000E+0000,Excluded
142,16,362,16,3,13, 0.00000000000000E+0000, 0.00000000000000E+0000,Excluded
142,16,364,16,6,10, 0.00000000000000E+0000, 0.00000000000000E+0000,Excluded
142,16,366,16,2,14, 0.00000000000000E+0000, 0.00000000000000E+0000,Excluded
142,16,37,16,4,12, 0.00000000000000E+0000, 0.00000000000000E+0000,Excluded
142,16,376,16,4,12, 0.00000000000000E+0000, 0.00000000000000E+0000,Excluded
142,16,377,15,5,10, 0.00000000000000E+0000, 0.00000000000000E+0000,Excluded
142,16,378,16,5,11, 0.00000000000000E+0000, 0.00000000000000E+0000,Excluded
142,16,38,16,2,14, 0.00000000000000E+0000, 0.00000000000000E+0000,Excluded
142,16,388,16,2,14, 0.00000000000000E+0000, 0.00000000000000E+0000,Excluded
142,16,391,16,4,12, 0.00000000000000E+0000, 0.00000000000000E+0000,Excluded
142,16,396,13,5,8, 0.00000000000000E+0000, 0.00000000000000E+0000,Excluded
142,16,4,16,4,12, 0.00000000000000E+0000, 0.00000000000000E+0000,Excluded
142,16,400,13,1,12, 0.00000000000000E+0000, 0.00000000000000E+0000,Excluded
142,16,401,16,4,12, 0.00000000000000E+0000, 0.00000000000000E+0000,Excluded
142,16,406,16,7,9, 0.00000000000000E+0000, 0.00000000000000E+0000,Excluded
142,16,412,15,7,8, 0.00000000000000E+0000, 0.00000000000000E+0000,Excluded
142,16,413,16,3,13, 0.00000000000000E+0000, 0.00000000000000E+0000,Excluded
142,16,421,16,5,11, 0.00000000000000E+0000, 0.00000000000000E+0000,Excluded
142,16,423,16,4,12, 0.00000000000000E+0000, 0.00000000000000E+0000,Excluded
142,16,424,16,5,11, 0.00000000000000E+0000, 0.00000000000000E+0000,Excluded
142,16,426,16,3,13, 0.00000000000000E+0000, 0.00000000000000E+0000,Excluded
142,16,43,16,2,14, 0.00000000000000E+0000, 0.00000000000000E+0000,Excluded
142,16,430,14,4,10, 0.00000000000000E+0000, 0.00000000000000E+0000,Excluded
142,16,435,16,9,7, 0.00000000000000E+0000, 0.00000000000000E+0000,Excluded
142,16,44,16,3,13, 0.00000000000000E+0000, 0.00000000000000E+0000,Excluded
142,16,461,16,6,10, 0.00000000000000E+0000, 0.00000000000000E+0000,Excluded
142,16,476,16,2,14, 0.00000000000000E+0000, 0.00000000000000E+0000,Excluded
142,16,478,16,5,11, 0.00000000000000E+0000, 0.00000000000000E+0000,Excluded
142,16,48,16,2,14, 0.00000000000000E+0000, 0.00000000000000E+0000,Excluded
142,16,484,16,3,13, 0.00000000000000E+0000, 0.00000000000000E+0000,Excluded
142,16,489,16,7,9, 0.00000000000000E+0000, 0.00000000000000E+0000,Excluded
142,16,492,13,0,13, 0.00000000000000E+0000, 0.00000000000000E+0000,Excluded
142,16,493,16,1,15, 0.00000000000000E+0000, 0.00000000000000E+0000,Excluded
142,16,494,16,5,11, 0.00000000000000E+0000, 0.00000000000000E+0000,Excluded
142,16,500,16,4,12, 0.00000000000000E+0000, 0.00000000000000E+0000,Excluded
142,16,504,16,5,11, 0.00000000000000E+0000, 0.00000000000000E+0000,Excluded
142,16,506,16,2,14, 0.00000000000000E+0000, 0.00000000000000E+0000,Excluded
142,16,52,16,4,12, 0.00000000000000E+0000, 0.00000000000000E+0000,Excluded
142,16,55,16,3,13, 0.00000000000000E+0000, 0.00000000000000E+0000,Excluded
142,16,57,16,4,12, 0.00000000000000E+0000, 0.00000000000000E+0000,Excluded
142,16,59,16,3,13, 0.00000000000000E+0000, 0.00000000000000E+0000,Excluded
142,16,6,16,4,12, 0.00000000000000E+0000, 0.00000000000000E+0000,Excluded
142,16,60,16,3,13, 0.00000000000000E+0000, 0.00000000000000E+0000,Excluded
142,16,61,16,6,10, 0.00000000000000E+0000, 0.00000000000000E+0000,Excluded
142,16,62,16,5,11, 0.00000000000000E+0000, 0.00000000000000E+0000,Excluded
142,16,65,16,3,13, 0.00000000000000E+0000, 0.00000000000000E+0000,Excluded
142,16,73,16,4,12, 0.00000000000000E+0000, 0.00000000000000E+0000,Excluded
142,16,75,16,2,14, 0.00000000000000E+0000, 0.00000000000000E+0000,Excluded
142,16,76,16,6,10, 0.00000000000000E+0000, 0.00000000000000E+0000,Excluded
142,16,77,16,5,11, 0.00000000000000E+0000, 0.00000000000000E+0000,Excluded
142,16,78,16,4,12, 0.00000000000000E+0000, 0.00000000000000E+0000,Excluded
142,16,79,16,6,10, 0.00000000000000E+0000, 0.00000000000000E+0000,Excluded
142,16,8,16,3,13, 0.00000000000000E+0000, 0.00000000000000E+0000,Excluded
142,16,84,16,5,11, 0.00000000000000E+0000, 0.00000000000000E+0000,Excluded
142,16,85,16,4,12, 0.00000000000000E+0000, 0.00000000000000E+0000,Excluded
142,16,86,16,3,13, 0.00000000000000E+0000, 0.00000000000000E+0000,Excluded
142,16,89,16,6,10, 0.00000000000000E+0000, 0.00000000000000E+0000,Excluded
142,16,94,16,5,11, 0.00000000000000E+0000, 0.00000000000000E+0000,Excluded
142,16,95,16,5,11, 0.00000000000000E+0000, 0.00000000000000E+0000,Excluded
142,16,96,16,3,13, 0.00000000000000E+0000, 0.00000000000000E+0000,Excluded
142,16,98,16,5,11, 0.00000000000000E+0000, 0.00000000000000E+0000,Excluded
144,16,145,16,4,12, 0.00000000000000E+0000, 0.00000000000000E+0000,Excluded
144,16,147,16,8,8, 0.00000000000000E+0000, 0.00000000000000E+0000,Excluded
144,16,157,16,3,13, 0.00000000000000E+0000, 0.00000000000000E+0000,Excluded
144,16,16,15,1,14, 0.00000000000000E+0000, 0.00000000000000E+0000,Excluded
144,16,160,16,1,15, 0.00000000000000E+0000, 0.00000000000000E+0000,Excluded
144,16,162,16,4,12, 0.00000000000000E+0000, 0.00000000000000E+0000,Excluded
144,16,166,16,6,10, 0.00000000000000E+0000, 0.00000000000000E+0000,Excluded
144,16,177,16,2,14, 0.00000000000000E+0000, 0.00000000000000E+0000,Excluded
144,16,178,16,2,14, 0.00000000000000E+0000, 0.00000000000000E+0000,Excluded
144,16,18,16,4,12, 0.00000000000000E+0000, 0.00000000000000E+0000,Excluded
144,16,186,16,4,12, 0.00000000000000E+0000, 0.00000000000000E+0000,Excluded
144,16,189,16,3,13, 0.00000000000000E+0000, 0.00000000000000E+0000,Excluded
144,16,19,16,1,15, 0.00000000000000E+0000, 0.00000000000000E+0000,Excluded
144,16,190,16,3,13, 0.00000000000000E+0000, 0.00000000000000E+0000,Excluded
144,16,191,16,3,13, 0.00000000000000E+0000, 0.00000000000000E+0000,Excluded
144,16,193,16,3,13, 0.00000000000000E+0000, 0.00000000000000E+0000,Excluded
144,16,204,16,2,14, 0.00000000000000E+0000, 0.00000000000000E+0000,Excluded
144,16,21,15,4,11, 0.00000000000000E+0000, 0.00000000000000E+0000,Excluded
144,16,211,16,5,11, 0.00000000000000E+0000, 0.00000000000000E+0000,Excluded
144,16,216,16,6,10, 0.00000000000000E+0000, 0.00000000000000E+0000,Excluded
144,16,222,16,4,12, 0.00000000000000E+0000, 0.00000000000000E+0000,Excluded
144,16,224,16,3,13, 0.00000000000000E+0000, 0.00000000000000E+0000,Excluded
144,16,226,16,2,14, 0.00000000000000E+0000, 0.00000000000000E+0000,Excluded
144,16,23,15,3,12, 0.00000000000000E+0000, 0.00000000000000E+0000,Excluded
144,16,230,16,1,15, 0.00000000000000E+0000, 0.00000000000000E+0000,Excluded
144,16,232,16,2,14, 0.00000000000000E+0000, 0.00000000000000E+0000,Excluded
144,16,238,16,0,16, 0.00000000000000E+0000, 0.00000000000000E+0000,Excluded
144,16,24,15,2,13, 0.00000000000000E+0000, 0.00000000000000E+0000,Excluded
144,16,242,16,0,16, 0.00000000000000E+0000, 0.00000000000000E+0000,Excluded
144,16,243,16,4,12, 0.00000000000000E+0000, 0.00000000000000E+0000,Excluded
144,16,244,16,2,14, 0.00000000000000E+0000, 0.00000000000000E+0000,Excluded
144,16,25,15,1,14, 0.00000000000000E+0000, 0.00000000000000E+0000,Excluded
144,16,251,16,3,13, 0.00000000000000E+0000, 0.00000000000000E+0000,Excluded
144,16,26,16,1,15, 0.00000000000000E+0000, 0.00000000000000E+0000,Excluded
144,16,266,16,2,14, 0.00000000000000E+0000, 0.00000000000000E+0000,Excluded
144,16,267,16,4,12, 0.00000000000000E+0000, 0.00000000000000E+0000,Excluded
144,16,268,16,4,12, 0.00000000000000E+0000, 0.00000000000000E+0000,Excluded
144,16,270,16,1,15, 0.00000000000000E+0000, 0.00000000000000E+0000,Excluded
144,16,276,16,3,13, 0.00000000000000E+0000, 0.00000000000000E+0000,Excluded
144,16,28,16,3,13, 0.00000000000000E+0000, 0.00000000000000E+0000,Excluded
144,16,29,16,3,13, 0.00000000000000E+0000, 0.00000000000000E+0000,Excluded
144,16,298,15,5,10, 0.00000000000000E+0000, 0.00000000000000E+0000,Excluded
144,16,3,16,4,12, 0.00000000000000E+0000, 0.00000000000000E+0000,Excluded
144,16,30,16,3,13, 0.00000000000000E+0000, 0.00000000000000E+0000,Excluded
144,16,306,16,2,14, 0.00000000000000E+0000, 0.00000000000000E+0000,Excluded
144,16,308,16,4,12, 0.00000000000000E+0000, 0.00000000000000E+0000,Excluded
144,16,311,15,3,12, 0.00000000000000E+0000, 0.00000000000000E+0000,Excluded
144,16,323,16,3,13, 0.00000000000000E+0000, 0.00000000000000E+0000,Excluded
144,16,327,16,2,14, 0.00000000000000E+0000, 0.00000000000000E+0000,Excluded
144,16,33,16,1,15, 0.00000000000000E+0000, 0.00000000000000E+0000,Excluded
144,16,334,16,2,14, 0.00000000000000E+0000, 0.00000000000000E+0000,Excluded
144,16,338,16,5,11, 0.00000000000000E+0000, 0.00000000000000E+0000,Excluded
144,16,341,16,4,12, 0.00000000000000E+0000, 0.00000000000000E+0000,Excluded
144,16,346,16,0,16, 0.00000000000000E+0000, 0.00000000000000E+0000,Excluded
144,16,348,16,6,10, 0.00000000000000E+0000, 0.00000000000000E+0000,Excluded
144,16,351,16,2,14, 0.00000000000000E+0000, 0.00000000000000E+0000,Excluded
144,16,362,16,2,14, 0.00000000000000E+0000, 0.00000000000000E+0000,Excluded
144,16,364,16,1,15, 0.00000000000000E+0000, 0.00000000000000E+0000,Excluded
144,16,366,16,2,14, 0.00000000000000E+0000, 0.00000000000000E+0000,Excluded
144,16,37,16,2,14, 0.00000000000000E+0000, 0.00000000000000E+0000,Excluded
144,16,376,16,2,14, 0.00000000000000E+0000, 0.00000000000000E+0000,Excluded
144,16,377,15,4,11, 0.00000000000000E+0000, 0.00000000000000E+0000,Excluded
144,16,378,16,4,12, 0.00000000000000E+0000, 0.00000000000000E+0000,Excluded
144,16,38,16,1,15, 0.00000000000000E+0000, 0.00000000000000E+0000,Excluded
144,16,388,16,4,12, 0.00000000000000E+0000, 0.00000000000000E+0000,Excluded
144,16,391,16,4,12, 0.00000000000000E+0000, 0.00000000000000E+0000,Excluded
144,16,396,13,2,11, 0.00000000000000E+0000, 0.00000000000000E+0000,Excluded
144,16,4,16,2,14, 0.00000000000000E+0000, 0.00000000000000E+0000,Excluded
144,16,400,13,3,10, 0.00000000000000E+0000, 0.00000000000000E+0000,Excluded
144,16,401,16,3,13, 0.00000000000000E+0000, 0.00000000000000E+0000,Excluded
144,16,406,16,2,14, 0.00000000000000E+0000, 0.00000000000000E+0000,Excluded
144,16,412,15,2,13, 0.00000000000000E+0000, 0.00000000000000E+0000,Excluded
144,16,413,16,5,11, 0.00000000000000E+0000, 0.00000000000000E+0000,Excluded
144,16,421,16,2,14, 0.00000000000000E+0000, 0.00000000000000E+0000,Excluded
144,16,423,16,4,12, 0.00000000000000E+0000, 0.00000000000000E+0000,Excluded
144,16,424,16,4,12, 0.00000000000000E+0000, 0.00000000000000E+0000,Excluded
144,16,426,16,3,13, 0.00000000000000E+0000, 0.00000000000000E+0000,Excluded
144,16,43,16,2,14, 0.00000000000000E+0000, 0.00000000000000E+0000,Excluded
144,16,430,14,3,11, 0.00000000000000E+0000, 0.00000000000000E+0000,Excluded
144,16,435,16,1,15, 0.00000000000000E+0000, 0.00000000000000E+0000,Excluded
144,16,44,16,4,12, 0.00000000000000E+0000, 0.00000000000000E+0000,Excluded
144,16,461,16,4,12, 0.00000000000000E+0000, 0.00000000000000E+0000,Excluded
144,16,476,16,3,13, 0.00000000000000E+0000, 0.00000000000000E+0000,Excluded
144,16,478,16,3,13, 0.00000000000000E+0000, 0.00000000000000E+0000,Excluded
144,16,48,16,3,13, 0.00000000000000E+0000, 0.00000000000000E+0000,Excluded
144,16,484,16,7,9, 0.00000000000000E+0000, 0.00000000000000E+0000,Excluded
144,16,489,16,3,13, 0.00000000000000E+0000, 0.00000000000000E+0000,Excluded
144,16,492,13,2,11, 0.00000000000000E+0000, 0.00000000000000E+0000,Excluded
144,16,493,16,3,13, 0.00000000000000E+0000, 0.00000000000000E+0000,Excluded
144,16,494,16,3,13, 0.00000000000000E+0000, 0.00000000000000E+0000,Excluded
144,16,500,16,1,15, 0.00000000000000E+0000, 0.00000000000000E+0000,Excluded
144,16,504,16,6,10, 0.00000000000000E+0000, 0.00000000000000E+0000,Excluded
144,16,506,16,7,9, 0.00000000000000E+0000, 0.00000000000000E+0000,Excluded
144,16,52,16,4,12, 0.00000000000000E+0000, 0.00000000000000E+0000,Excluded
144,16,55,16,3,13, 0.00000000000000E+0000, 0.00000000000000E+0000,Excluded
144,16,57,16,3,13, 0.00000000000000E+0000, 0.00000000000000E+0000,Excluded
144,16,59,16,2,14, 0.00000000000000E+0000, 0.00000000000000E+0000,Excluded
144,16,6,16,3,13, 0.00000000000000E+0000, 0.00000000000000E+0000,Excluded
144,16,60,16,2,14, 0.00000000000000E+0000, 0.00000000000000E+0000,Excluded
144,16,61,16,4,12, 0.00000000000000E+0000, 0.00000000000000E+0000,Excluded
144,16,62,16,4,12, 0.00000000000000E+0000, 0.00000000000000E+0000,Excluded
144,16,65,16,3,13, 0.00000000000000E+0000, 0.00000000000000E+0000,Excluded
144,16,73,16,5,11, 0.00000000000000E+0000, 0.00000000000000E+0000,Excluded
144,16,75,16,3,13, 0.00000000000000E+0000, 0.00000000000000E+0000,Excluded
144,16,76,16,1,15, 0.00000000000000E+0000, 0.00000000000000E+0000,Excluded
144,16,77,16,1,15, 0.00000000000000E+0000, 0.00000000000000E+0000,Excluded
144,16,78,16,2,14, 0.00000000000000E+0000, 0.00000000000000E+0000,Excluded
144,16,79,16,2,14, 0.00000000000000E+0000, 0.00000000000000E+0000,Excluded
144,16,8,16,2,14, 0.00000000000000E+0000, 0.00000000000000E+0000,Excluded
144,16,84,16,3,13, 0.00000000000000E+0000, 0.00000000000000E+0000,Excluded
144,16,85,16,4,12, 0.00000000000000E+0000, 0.00000000000000E+0000,Excluded
144,16,86,16,3,13, 0.00000000000000E+0000, 0.00000000000000E+0000,Excluded
144,16,89,16,2,14, 0.00000000000000E+0000, 0.00000000000000E+0000,Excluded
144,16,94,16,1,15, 0.00000000000000E+0000, 0.00000000000000E+0000,Excluded
144,16,95,16,4,12, 0.00000000000000E+0000, 0.00000000000000E+0000,Excluded
144,16,96,16,4,12, 0.00000000000000E+0000, 0.00000000000000E+0000,Excluded
144,16,98,16,4,12, 0.00000000000000E+0000, 0.00000000000000E+0000,Excluded
145,16,147,16,4,12, 0.00000000000000E+0000, 0.00000000000000E+0000,Excluded
145,16,157,16,3,13, 0.00000000000000E+0000, 0.00000000000000E+0000,Excluded
145,16,16,15,2,13, 0.00000000000000E+0000, 0.00000000000000E+0000,Excluded
145,16,160,16,5,11, 0.00000000000000E+0000, 0.00000000000000E+0000,Excluded
145,16,162,16,6,10, 0.00000000000000E+0000, 0.00000000000000E+0000,Excluded
145,16,166,16,4,12, 0.00000000000000E+0000, 0.00000000000000E+0000,Excluded
145,16,177,16,2,14, 0.00000000000000E+0000, 0.00000000000000E+0000,Excluded
145,16,178,16,2,14, 0.00000000000000E+0000, 0.00000000000000E+0000,Excluded
145,16,18,16,5,11, 0.00000000000000E+0000, 0.00000000000000E+0000,Excluded
145,16,186,16,4,12, 0.00000000000000E+0000, 0.00000000000000E+0000,Excluded
145,16,189,16,4,12, 0.00000000000000E+0000, 0.00000000000000E+0000,Excluded
145,16,19,16,4,12, 0.00000000000000E+0000, 0.00000000000000E+0000,Excluded
145,16,190,16,4,12, 0.00000000000000E+0000, 0.00000000000000E+0000,Excluded
145,16,191,16,6,10, 0.00000000000000E+0000, 0.00000000000000E+0000,Excluded
145,16,193,16,10,6, 0.00000000000000E+0000, 0.00000000000000E+0000,Excluded
145,16,204,16,4,12, 0.00000000000000E+0000, 0.00000000000000E+0000,Excluded
145,16,21,15,4,11, 0.00000000000000E+0000, 0.00000000000000E+0000,Excluded
145,16,211,16,4,12, 0.00000000000000E+0000, 0.00000000000000E+0000,Excluded
145,16,216,16,4,12, 0.00000000000000E+0000, 0.00000000000000E+0000,Excluded
145,16,222,16,3,13, 0.00000000000000E+0000, 0.00000000000000E+0000,Excluded
145,16,224,16,4,12, 0.00000000000000E+0000, 0.00000000000000E+0000,Excluded
145,16,226,16,3,13, 0.00000000000000E+0000, 0.00000000000000E+0000,Excluded
145,16,23,15,3,12, 0.00000000000000E+0000, 0.00000000000000E+0000,Excluded
145,16,230,16,3,13, 0.00000000000000E+0000, 0.00000000000000E+0000,Excluded
145,16,232,16,5,11, 0.00000000000000E+0000, 0.00000000000000E+0000,Excluded
145,16,238,16,1,15, 0.00000000000000E+0000, 0.00000000000000E+0000,Excluded
145,16,24,15,3,12, 0.00000000000000E+0000, 0.00000000000000E+0000,Excluded
145,16,242,16,1,15, 0.00000000000000E+0000, 0.00000000000000E+0000,Excluded
145,16,243,16,3,13, 0.00000000000000E+0000, 0.00000000000000E+0000,Excluded
145,16,244,16,5,11, 0.00000000000000E+0000, 0.00000000000000E+0000,Excluded
145,16,25,15,1,14, 0.00000000000000E+0000, 0.00000000000000E+0000,Excluded
145,16,251,16,6,10, 0.00000000000000E+0000, 0.00000000000000E+0000,Excluded
145,16,26,16,3,13, 0.00000000000000E+0000, 0.00000000000000E+0000,Excluded
145,16,266,16,2,14, 0.00000000000000E+0000, 0.00000000000000E+0000,Excluded
145,16,267,16,3,13, 0.00000000000000E+0000, 0.00000000000000E+0000,Excluded
145,16,268,16,2,14, 0.00000000000000E+0000, 0.00000000000000E+0000,Excluded
145,16,270,16,5,11, 0.00000000000000E+0000, 0.00000000000000E+0000,Excluded
145,16,276,16,5,11, 0.00000000000000E+0000, 0.00000000000000E+0000,Excluded
145,16,28,16,3,13, 0.00000000000000E+0000, 0.00000000000000E+0000,Excluded
145,16,29,16,5,11, 0.00000000000000E+0000, 0.00000000000000E+0000,Excluded
145,16,298,15,3,12, 0.00000000000000E+0000, 0.00000000000000E+0000,Excluded
145,16,3,16,5,11, 0.00000000000000E+0000, 0.00000000000000E+0000,Excluded
145,16,30,16,3,13, 0.00000000000000E+0000, 0.00000000000000E+0000,Excluded
145,16,306,16,2,14, 0.00000000000000E+0000, 0.00000000000000E+0000,Excluded
145,16,308,16,5,11, 0.00000000000000E+0000, 0.00000000000000E+0000,Excluded
145,16,311,15,4,11, 0.00000000000000E+0000, 0.00000000000000E+0000,Excluded
145,16,323,16,5,11, 0.00000000000000E+0000, 0.00000000000000E+0000,Excluded
145,16,327,16,4,12, 0.00000000000000E+0000, 0.00000000000000E+0000,Excluded
145,16,33,16,2,14, 0.00000000000000E+0000, 0.00000000000000E+0000,Excluded
145,16,334,16,4,12, 0.00000000000000E+0000, 0.00000000000000E+0000,Excluded
145,16,338,16,5,11, 0.00000000000000E+0000, 0.00000000000000E+0000,Excluded
145,16,341,16,4,12, 0.00000000000000E+0000, 0.00000000000000E+0000,Excluded
145,16,346,16,4,12, 0.00000000000000E+0000, 0.00000000000000E+0000,Excluded
145,16,348,16,3,13, 0.00000000000000E+0000, 0.00000000000000E+0000,Excluded
145,16,351,16,4,12, 0.00000000000000E+0000, 0.00000000000000E+0000,Excluded
145,16,362,16,4,12, 0.00000000000000E+0000, 0.00000000000000E+0000,Excluded
145,16,364,16,4,12, 0.00000000000000E+0000, 0.00000000000000E+0000,Excluded
145,16,366,16,3,13, 0.00000000000000E+0000, 0.00000000000000E+0000,Excluded
145,16,37,16,4,12, 0.00000000000000E+0000, 0.00000000000000E+0000,Excluded
145,16,376,16,3,13, 0.00000000000000E+0000, 0.00000000000000E+0000,Excluded
145,16,377,15,6,9, 0.00000000000000E+0000, 0.00000000000000E+0000,Excluded
145,16,378,16,6,10, 0.00000000000000E+0000, 0.00000000000000E+0000,Excluded
145,16,38,16,2,14, 0.00000000000000E+0000, 0.00000000000000E+0000,Excluded
145,16,388,16,4,12, 0.00000000000000E+0000, 0.00000000000000E+0000,Excluded
145,16,391,16,3,13, 0.00000000000000E+0000, 0.00000000000000E+0000,Excluded
145,16,396,13,3,10, 0.00000000000000E+0000, 0.00000000000000E+0000,Excluded
145,16,4,16,3,13, 0.00000000000000E+0000, 0.00000000000000E+0000,Excluded
145,16,400,13,4,9, 0.00000000000000E+0000, 0.00000000000000E+0000,Excluded
145,16,401,16,4,12, 0.00000000000000E+0000, 0.00000000000000E+0000,Excluded
145,16,406,16,4,12, 0.00000000000000E+0000, 0.00000000000000E+0000,Excluded
145,16,412,15,3,12, 0.00000000000000E+0000, 0.00000000000000E+0000,Excluded
145,16,413,16,9,7, 0.00000000000000E+0000, 0.00000000000000E+0000,Excluded
145,16,421,16,4,12, 0.00000000000000E+0000, 0.00000000000000E+0000,Excluded
145,16,423,16,3,13, 0.00000000000000E+0000, 0.00000000000000E+0000,Excluded
145,16,424,16,5,11, 0.00000000000000E+0000, 0.00000000000000E+0000,Excluded
145,16,426,16,5,11, 0.00000000000000E+0000, 0.00000000000000E+0000,Excluded
145,16,43,16,4,12, 0.00000000000000E+0000, 0.00000000000000E+0000,Excluded
145,16,430,14,6,8, 0.00000000000000E+0000, 0.00000000000000E+0000,Excluded
145,16,435,16,5,11, 0.00000000000000E+0000, 0.00000000000000E+0000,Excluded
145,16,44,16,4,12, 0.00000000000000E+0000, 0.00000000000000E+0000,Excluded
145,16,461,16,7,9, 0.00000000000000E+0000, 0.00000000000000E+0000,Excluded
145,16,476,16,3,13, 0.00000000000000E+0000, 0.00000000000000E+0000,Excluded
145,16,478,16,5,11, 0.00000000000000E+0000, 0.00000000000000E+0000,Excluded
145,16,48,16,4,12, 0.00000000000000E+0000, 0.00000000000000E+0000,Excluded
145,16,484,16,2,14, 0.00000000000000E+0000, 0.00000000000000E+0000,Excluded
145,16,489,16,7,9, 0.00000000000000E+0000, 0.00000000000000E+0000,Excluded
145,16,492,13,3,10, 0.00000000000000E+0000, 0.00000000000000E+0000,Excluded
145,16,493,16,1,15, 0.00000000000000E+0000, 0.00000000000000E+0000,Excluded
145,16,494,16,2,14, 0.00000000000000E+0000, 0.00000000000000E+0000,Excluded
145,16,500,16,2,14, 0.00000000000000E+0000, 0.00000000000000E+0000,Excluded
145,16,504,16,4,12, 0.00000000000000E+0000, 0.00000000000000E+0000,Excluded
145,16,506,16,5,11, 0.00000000000000E+0000, 0.00000000000000E+0000,Excluded
145,16,52,16,4,12, 0.00000000000000E+0000, 0.00000000000000E+0000,Excluded
145,16,55,16,2,14, 0.00000000000000E+0000, 0.00000000000000E+0000,Excluded
145,16,57,16,6,10, 0.00000000000000E+0000, 0.00000000000000E+0000,Excluded
145,16,59,16,3,13, 0.00000000000000E+0000, 0.00000000000000E+0000,Excluded
145,16,6,16,4,12, 0.00000000000000E+0000, 0.00000000000000E+0000,Excluded
145,16,60,16,2,14, 0.00000000000000E+0000, 0.00000000000000E+0000,Excluded
145,16,61,16,6,10, 0.00000000000000E+0000, 0.00000000000000E+0000,Excluded
145,16,62,16,5,11, 0.00000000000000E+0000, 0.00000000000000E+0000,Excluded
145,16,65,16,2,14, 0.00000000000000E+0000, 0.00000000000000E+0000,Excluded
145,16,73,16,5,11, 0.00000000000000E+0000, 0.00000000000000E+0000,Excluded
145,16,75,16,2,14, 0.00000000000000E+0000, 0.00000000000000E+0000,Excluded
145,16,76,16,4,12, 0.00000000000000E+0000, 0.00000000000000E+0000,Excluded
145,16,77,16,4,12, 0.00000000000000E+0000, 0.00000000000000E+0000,Excluded
145,16,78,16,3,13, 0.00000000000000E+0000, 0.00000000000000E+0000,Excluded
145,16,79,16,3,13, 0.00000000000000E+0000, 0.00000000000000E+0000,Excluded
145,16,8,16,4,12, 0.00000000000000E+0000, 0.00000000000000E+0000,Excluded
145,16,84,16,4,12, 0.00000000000000E+0000, 0.00000000000000E+0000,Excluded
145,16,85,16,3,13, 0.00000000000000E+0000, 0.00000000000000E+0000,Excluded
145,16,86,16,4,12, 0.00000000000000E+0000, 0.00000000000000E+0000,Excluded
145,16,89,16,5,11, 0.00000000000000E+0000, 0.00000000000000E+0000,Excluded
145,16,94,16,5,11, 0.00000000000000E+0000, 0.00000000000000E+0000,Excluded
145,16,95,16,4,12, 0.00000000000000E+0000, 0.00000000000000E+0000,Excluded
145,16,96,16,6,10, 0.00000000000000E+0000, 0.00000000000000E+0000,Excluded
145,16,98,16,4,12, 0.00000000000000E+0000, 0.00000000000000E+0000,Excluded
147,16,157,16,3,13, 0.00000000000000E+0000, 0.00000000000000E+0000,Excluded
147,16,16,15,1,14, 0.00000000000000E+0000, 0.00000000000000E+0000,Excluded
147,16,160,16,3,13, 0.00000000000000E+0000, 0.00000000000000E+0000,Excluded
147,16,162,16,4,12, 0.00000000000000E+0000, 0.00000000000000E+0000,Excluded
147,16,166,16,3,13, 0.00000000000000E+0000, 0.00000000000000E+0000,Excluded
147,16,177,16,2,14, 0.00000000000000E+0000, 0.00000000000000E+0000,Excluded
147,16,178,16,2,14, 0.00000000000000E+0000, 0.00000000000000E+0000,Excluded
147,16,18,16,3,13, 0.00000000000000E+0000, 0.00000000000000E+0000,Excluded
147,16,186,16,2,14, 0.00000000000000E+0000, 0.00000000000000E+0000,Excluded
147,16,189,16,2,14, 0.00000000000000E+0000, 0.00000000000000E+0000,Excluded
147,16,19,16,3,13, 0.00000000000000E+0000, 0.00000000000000E+0000,Excluded
147,16,190,16,4,12, 0.00000000000000E+0000, 0.00000000000000E+0000,Excluded
147,16,191,16,2,14, 0.00000000000000E+0000, 0.00000000000000E+0000,Excluded
147,16,193,16,5,11, 0.00000000000000E+0000, 0.00000000000000E+0000,Excluded
147,16,204,16,3,13, 0.00000000000000E+0000, 0.00000000000000E+0000,Excluded
147,16,21,15,4,11, 0.00000000000000E+0000, 0.00000000000000E+0000,Excluded
147,16,211,16,3,13, 0.00000000000000E+0000, 0.00000000000000E+0000,Excluded
147,16,216,16,4,12, 0.00000000000000E+0000, 0.00000000000000E+0000,Excluded
147,16,222,16,4,12, 0.00000000000000E+0000, 0.00000000000000E+0000,Excluded
147,16,224,16,2,14, 0.00000000000000E+0000, 0.00000000000000E+0000,Excluded
147,16,226,16,1,15, 0.00000000000000E+0000, 0.00000000000000E+0000,Excluded
147,16,23,15,4,11, 0.00000000000000E+0000, 0.00000000000000E+0000,Excluded
147,16,230,16,2,14, 0.00000000000000E+0000, 0.00000000000000E+0000,Excluded
147,16,232,16,3,13, 0.00000000000000E+0000, 0.00000000000000E+0000,Excluded
147,16,238,16,1,15, 0.00000000000000E+0000, 0.00000000000000E+0000,Excluded
147,16,24,15,3,12, 0.00000000000000E+0000, 0.00000000000000E+0000,Excluded
147,16,242,16,2,14, 0.00000000000000E+0000, 0.00000000000000E+0000,Excluded
147,16,243,16,3,13, 0.00000000000000E+0000, 0.00000000000000E+0000,Excluded
147,16,244,16,4,12, 0.00000000000000E+0000, 0.00000000000000E+0000,Excluded
147,16,25,15,2,13, 0.00000000000000E+0000, 0.00000000000000E+0000,Excluded
147,16,251,16,5,11, 0.00000000000000E+0000, 0.00000000000000E+0000,Excluded
147,16,26,16,2,14, 0.00000000000000E+0000, 0.00000000000000E+0000,Excluded
147,16,266,16,3,13, 0.00000000000000E+0000, 0.00000000000000E+0000,Excluded
147,16,267,16,5,11, 0.00000000000000E+0000, 0.00000000000000E+0000,Excluded
147,16,268,16,2,14, 0.00000000000000E+0000, 0.00000000000000E+0000,Excluded
147,16,270,16,3,13, 0.00000000000000E+0000, 0.00000000000000E+0000,Excluded
147,16,276,16,3,13, 0.00000000000000E+0000, 0.00000000000000E+0000,Excluded
147,16,28,16,3,13, 0.00000000000000E+0000, 0.00000000000000E+0000,Excluded
147,16,29,16,3,13, 0.00000000000000E+0000, 0.00000000000000E+0000,Excluded
147,16,298,15,6,9, 0.00000000000000E+0000, 0.00000000000000E+0000,Excluded
147,16,3,16,3,13, 0.00000000000000E+0000, 0.00000000000000E+0000,Excluded
147,16,30,16,3,13, 0.00000000000000E+0000, 0.00000000000000E+0000,Excluded
147,16,306,16,3,13, 0.00000000000000E+0000, 0.00000000000000E+0000,Excluded
147,16,308,16,4,12, 0.00000000000000E+0000, 0.00000000000000E+0000,Excluded
147,16,311,15,5,10, 0.00000000000000E+0000, 0.00000000000000E+0000,Excluded
147,16,323,16,2,14, 0.00000000000000E+0000, 0.00000000000000E+0000,Excluded
147,16,327,16,3,13, 0.00000000000000E+0000, 0.00000000000000E+0000,Excluded
147,16,33,16,3,13, 0.00000000000000E+0000, 0.00000000000000E+0000,Excluded
147,16,334,16,3,13, 0.00000000000000E+0000, 0.00000000000000E+0000,Excluded
147,16,338,16,4,12, 0.00000000000000E+0000, 0.00000000000000E+0000,Excluded
147,16,341,16,3,13, 0.00000000000000E+0000, 0.00000000000000E+0000,Excluded
147,16,346,16,2,14, 0.00000000000000E+0000, 0.00000000000000E+0000,Excluded
147,16,348,16,4,12, 0.00000000000000E+0000, 0.00000000000000E+0000,Excluded
147,16,351,16,4,12, 0.00000000000000E+0000, 0.00000000000000E+0000,Excluded
147,16,362,16,3,13, 0.00000000000000E+0000, 0.00000000000000E+0000,Excluded
147,16,364,16,5,11, 0.00000000000000E+0000, 0.00000000000000E+0000,Excluded
147,16,366,16,2,14, 0.00000000000000E+0000, 0.00000000000000E+0000,Excluded
147,16,37,16,3,13, 0.00000000000000E+0000, 0.00000000000000E+0000,Excluded
147,16,376,16,3,13, 0.00000000000000E+0000, 0.00000000000000E+0000,Excluded
147,16,377,15,3,12, 0.00000000000000E+0000, 0.00000000000000E+0000,Excluded
147,16,378,16,4,12, 0.00000000000000E+0000, 0.00000000000000E+0000,Excluded
147,16,38,16,1,15, 0.00000000000000E+0000, 0.00000000000000E+0000,Excluded
147,16,388,16,3,13, 0.00000000000000E+0000, 0.00000000000000E+0000,Excluded
147,16,391,16,2,14, 0.00000000000000E+0000, 0.00000000000000E+0000,Excluded
147,16,396,13,2,11, 0.00000000000000E+0000, 0.00000000000000E+0000,Excluded
147,16,4,16,2,14, 0.00000000000000E+0000, 0.00000000000000E+0000,Excluded
147,16,400,13,2,11, 0.00000000000000E+0000, 0.00000000000000E+0000,Excluded
147,16,401,16,3,13, 0.00000000000000E+0000, 0.00000000000000E+0000,Excluded
147,16,406,16,2,14, 0.00000000000000E+0000, 0.00000000000000E+0000,Excluded
147,16,412,15,4,11, 0.00000000000000E+0000, 0.00000000000000E+0000,Excluded
147,16,413,16,4,12, 0.00000000000000E+0000, 0.00000000000000E+0000,Excluded
147,16,421,16,5,11, 0.00000000000000E+0000, 0.00000000000000E+0000,Excluded
147,16,423,16,4,12, 0.00000000000000E+0000, 0.00000000000000E+0000,Excluded
147,16,424,16,6,10, 0.00000000000000E+0000, 0.00000000000000E+0000,Excluded
147,16,426,16,3,13, 0.00000000000000E+0000, 0.00000000000000E+0000,Excluded
147,16,43,16,2,14, 0.00000000000000E+0000, 0.00000000000000E+0000,Excluded
147,16,430,14,3,11, 0.00000000000000E+0000, 0.00000000000000E+0000,Excluded
147,16,435,16,4,12, 0.00000000000000E+0000, 0.00000000000000E+0000,Excluded
147,16,44,16,2,14, 0.00000000000000E+0000, 0.00000000000000E+0000,Excluded
147,16,461,16,4,12, 0.00000000000000E+0000, 0.00000000000000E+0000,Excluded
147,16,476,16,1,15, 0.00000000000000E+0000, 0.00000000000000E+0000,Excluded
147,16,478,16,3,13, 0.00000000000000E+0000, 0.00000000000000E+0000,Excluded
147,16,48,16,2,14, 0.00000000000000E+0000, 0.00000000000000E+0000,Excluded
147,16,484,16,5,11, 0.00000000000000E+0000, 0.00000000000000E+0000,Excluded
147,16,489,16,5,11, 0.00000000000000E+0000, 0.00000000000000E+0000,Excluded
147,16,492,13,2,11, 0.00000000000000E+0000, 0.00000000000000E+0000,Excluded
147,16,493,16,1,15, 0.00000000000000E+0000, 0.00000000000000E+0000,Excluded
147,16,494,16,2,14, 0.00000000000000E+0000, 0.00000000000000E+0000,Excluded
147,16,500,16,1,15, 0.00000000000000E+0000, 0.00000000000000E+0000,Excluded
147,16,504,16,7,9, 0.00000000000000E+0000, 0.00000000000000E+0000,Excluded
147,16,506,16,5,11, 0.00000000000000E+0000, 0.00000000000000E+0000,Excluded
147,16,52,16,5,11, 0.00000000000000E+0000, 0.00000000000000E+0000,Excluded
147,16,55,16,1,15, 0.00000000000000E+0000, 0.00000000000000E+0000,Excluded
147,16,57,16,2,14, 0.00000000000000E+0000, 0.00000000000000E+0000,Excluded
147,16,59,16,1,15, 0.00000000000000E+0000, 0.00000000000000E+0000,Excluded
147,16,6,16,4,12, 0.00000000000000E+0000, 0.00000000000000E+0000,Excluded
147,16,60,16,3,13, 0.00000000000000E+0000, 0.00000000000000E+0000,Excluded
147,16,61,16,5,11, 0.00000000000000E+0000, 0.00000000000000E+0000,Excluded
147,16,62,16,4,12, 0.00000000000000E+0000, 0.00000000000000E+0000,Excluded
147,16,65,16,4,12, 0.00000000000000E+0000, 0.00000000000000E+0000,Excluded
147,16,73,16,6,10, 0.00000000000000E+0000, 0.00000000000000E+0000,Excluded
147,16,75,16,3,13, 0.00000000000000E+0000, 0.00000000000000E+0000,Excluded
147,16,76,16,1,15, 0.00000000000000E+0000, 0.00000000000000E+0000,Excluded
147,16,77,16,2,14, 0.00000000000000E+0000, 0.00000000000000E+0000,Excluded
147,16,78,16,4,12, 0.00000000000000E+0000, 0.00000000000000E+0000,Excluded
147,16,79,16,3,13, 0.00000000000000E+0000, 0.00000000000000E+0000,Excluded
147,16,8,16,4,12, 0.00000000000000E+0000, 0.00000000000000E+0000,Excluded
147,16,84,16,5,11, 0.00000000000000E+0000, 0.00000000000000E+0000,Excluded
147,16,85,16,2,14, 0.00000000000000E+0000, 0.00000000000000E+0000,Excluded
147,16,86,16,3,13, 0.00000000000000E+0000, 0.00000000000000E+0000,Excluded
147,16,89,16,5,11, 0.00000000000000E+0000, 0.00000000000000E+0000,Excluded
147,16,94,16,3,13, 0.00000000000000E+0000, 0.00000000000000E+0000,Excluded
147,16,95,16,2,14, 0.00000000000000E+0000, 0.00000000000000E+0000,Excluded
147,16,96,16,4,12, 0.00000000000000E+0000, 0.00000000000000E+0000,Excluded
147,16,98,16,2,14, 0.00000000000000E+0000, 0.00000000000000E+0000,Excluded
157,16,16,15,2,13, 0.00000000000000E+0000, 0.00000000000000E+0000,Excluded
157,16,160,16,4,12, 0.00000000000000E+0000, 0.00000000000000E+0000,Excluded
157,16,162,16,5,11, 0.00000000000000E+0000, 0.00000000000000E+0000,Excluded
157,16,166,16,3,13, 0.00000000000000E+0000, 0.00000000000000E+0000,Excluded
157,16,177,16,1,15, 0.00000000000000E+0000, 0.00000000000000E+0000,Excluded
157,16,178,16,2,14, 0.00000000000000E+0000, 0.00000000000000E+0000,Excluded
157,16,18,16,2,14, 0.00000000000000E+0000, 0.00000000000000E+0000,Excluded
157,16,186,16,2,14, 0.00000000000000E+0000, 0.00000000000000E+0000,Excluded
157,16,189,16,3,13, 0.00000000000000E+0000, 0.00000000000000E+0000,Excluded
157,16,19,16,1,15, 0.00000000000000E+0000, 0.00000000000000E+0000,Excluded
157,16,190,16,4,12, 0.00000000000000E+0000, 0.00000000000000E+0000,Excluded
157,16,191,16,2,14, 0.00000000000000E+0000, 0.00000000000000E+0000,Excluded
157,16,193,16,4,12, 0.00000000000000E+0000, 0.00000000000000E+0000,Excluded
157,16,204,16,5,11, 0.00000000000000E+0000, 0.00000000000000E+0000,Excluded
157,16,21,15,1,14, 0.00000000000000E+0000, 0.00000000000000E+0000,Excluded
157,16,211,16,7,9, 0.00000000000000E+0000, 0.00000000000000E+0000,Excluded
157,16,216,16,5,11, 0.00000000000000E+0000, 0.00000000000000E+0000,Excluded
157,16,222,16,3,13, 0.00000000000000E+0000, 0.00000000000000E+0000,Excluded
157,16,224,16,3,13, 0.00000000000000E+0000, 0.00000000000000E+0000,Excluded
157,16,226,16,2,14, 0.00000000000000E+0000, 0.00000000000000E+0000,Excluded
157,16,23,15,6,9, 0.00000000000000E+0000, 0.00000000000000E+0000,Excluded
157,16,230,16,1,15, 0.00000000000000E+0000, 0.00000000000000E+0000,Excluded
157,16,232,16,3,13, 0.00000000000000E+0000, 0.00000000000000E+0000,Excluded
157,16,238,16,1,15, 0.00000000000000E+0000, 0.00000000000000E+0000,Excluded
157,16,24,15,3,12, 0.00000000000000E+0000, 0.00000000000000E+0000,Excluded
157,16,242,16,4,12, 0.00000000000000E+0000, 0.00000000000000E+0000,Excluded
157,16,243,16,0,16, 0.00000000000000E+0000, 0.00000000000000E+0000,Excluded
157,16,244,16,2,14, 0.00000000000000E+0000, 0.00000000000000E+0000,Excluded
157,16,25,15,2,13, 0.00000000000000E+0000, 0.00000000000000E+0000,Excluded
157,16,251,16,7,9, 0.00000000000000E+0000, 0.00000000000000E+0000,Excluded
157,16,26,16,3,13, 0.00000000000000E+0000, 0.00000000000000E+0000,Excluded
157,16,266,16,1,15, 0.00000000000000E+0000, 0.00000000000000E+0000,Excluded
157,16,267,16,4,12, 0.00000000000000E+0000, 0.00000000000000E+0000,Excluded
157,16,268,16,2,14, 0.00000000000000E+0000, 0.00000000000000E+0000,Excluded
157,16,270,16,3,13, 0.00000000000000E+0000, 0.00000000000000E+0000,Excluded
157,16,276,16,2,14, 0.00000000000000E+0000, 0.00000000000000E+0000,Excluded
157,16,28,16,1,15, 0.00000000000000E+0000, 0.00000000000000E+0000,Excluded
157,16,29,16,4,12, 0.00000000000000E+0000, 0.00000000000000E+0000,Excluded
157,16,298,15,4,11, 0.00000000000000E+0000, 0.00000000000000E+0000,Excluded
157,16,3,16,2,14, 0.00000000000000E+0000, 0.00000000000000E+0000,Excluded
157,16,30,16,2,14, 0.00000000000000E+0000, 0.00000000000000E+0000,Excluded
157,16,306,16,3,13, 0.00000000000000E+0000, 0.00000000000000E+0000,Excluded
157,16,308,16,6,10, 0.00000000000000E+0000, 0.00000000000000E+0000,Excluded
157,16,311,15,2,13, 0.00000000000000E+0000, 0.00000000000000E+0000,Excluded
157,16,323,16,3,13, 0.00000000000000E+0000, 0.00000000000000E+0000,Excluded
157,16,327,16,3,13, 0.00000000000000E+0000, 0.00000000000000E+0000,Excluded
157,16,33,16,2,14, 0.00000000000000E+0000, 0.00000000000000E+0000,Excluded
157,16,334,16,4,12, 0.00000000000000E+0000, 0.00000000000000E+0000,Excluded
157,16,338,16,2,14, 0.00000000000000E+0000, 0.00000000000000E+0000,Excluded
157,16,341,16,4,12, 0.00000000000000E+0000, 0.00000000000000E+0000,Excluded
157,16,346,16,4,12, 0.00000000000000E+0000, 0.00000000000000E+0000,Excluded
157,16,348,16,0,16, 0.00000000000000E+0000, 0.00000000000000E+0000,Excluded
157,16,351,16,3,13, 0.00000000000000E+0000, 0.00000000000000E+0000,Excluded
157,16,362,16,4,12, 0.00000000000000E+0000, 0.00000000000000E+0000,Excluded
157,16,364,16,2,14, 0.00000000000000E+0000, 0.00000000000000E+0000,Excluded
157,16,366,16,2,14, 0.00000000000000E+0000, 0.00000000000000E+0000,Excluded
157,16,37,16,2,14, 0.00000000000000E+0000, 0.00000000000000E+0000,Excluded
157,16,376,16,2,14, 0.00000000000000E+0000, 0.00000000000000E+0000,Excluded
157,16,377,15,7,8, 0.00000000000000E+0000, 0.00000000000000E+0000,Excluded
157,16,378,16,5,11, 0.00000000000000E+0000, 0.00000000000000E+0000,Excluded
157,16,38,16,2,14, 0.00000000000000E+0000, 0.00000000000000E+0000,Excluded
157,16,388,16,4,12, 0.00000000000000E+0000, 0.00000000000000E+0000,Excluded
157,16,391,16,5,11, 0.00000000000000E+0000, 0.00000000000000E+0000,Excluded
157,16,396,13,3,10, 0.00000000000000E+0000, 0.00000000000000E+0000,Excluded
157,16,4,16,2,14, 0.00000000000000E+0000, 0.00000000000000E+0000,Excluded
157,16,400,13,4,9, 0.00000000000000E+0000, 0.00000000000000E+0000,Excluded
157,16,401,16,1,15, 0.00000000000000E+0000, 0.00000000000000E+0000,Excluded
157,16,406,16,5,11, 0.00000000000000E+0000, 0.00000000000000E+0000,Excluded
157,16,412,15,5,10, 0.00000000000000E+0000, 0.00000000000000E+0000,Excluded
157,16,413,16,3,13, 0.00000000000000E+0000, 0.00000000000000E+0000,Excluded
157,16,421,16,5,11, 0.00000000000000E+0000, 0.00000000000000E+0000,Excluded
157,16,423,16,5,11, 0.00000000000000E+0000, 0.00000000000000E+0000,Excluded
157,16,424,16,5,11, 0.00000000000000E+0000, 0.00000000000000E+0000,Excluded
157,16,426,16,5,11, 0.00000000000000E+0000, 0.00000000000000E+0000,Excluded
157,16,43,16,3,13, 0.00000000000000E+0000, 0.00000000000000E+0000,Excluded
157,16,430,14,2,12, 0.00000000000000E+0000, 0.00000000000000E+0000,Excluded
157,16,435,16,3,13, 0.00000000000000E+0000, 0.00000000000000E+0000,Excluded
157,16,44,16,5,11, 0.00000000000000E+0000, 0.00000000000000E+0000,Excluded
157,16,461,16,6,10, 0.00000000000000E+0000, 0.00000000000000E+0000,Excluded
157,16,476,16,1,15, 0.00000000000000E+0000, 0.00000000000000E+0000,Excluded
157,16,478,16,3,13, 0.00000000000000E+0000, 0.00000000000000E+0000,Excluded
157,16,48,16,2,14, 0.00000000000000E+0000, 0.00000000000000E+0000,Excluded
157,16,484,16,6,10, 0.00000000000000E+0000, 0.00000000000000E+0000,Excluded
157,16,489,16,5,11, 0.00000000000000E+0000, 0.00000000000000E+0000,Excluded
157,16,492,13,2,11, 0.00000000000000E+0000, 0.00000000000000E+0000,Excluded
157,16,493,16,5,11, 0.00000000000000E+0000, 0.00000000000000E+0000,Excluded
157,16,494,16,3,13, 0.00000000000000E+0000, 0.00000000000000E+0000,Excluded
157,16,500,16,3,13, 0.00000000000000E+0000, 0.00000000000000E+0000,Excluded
157,16,504,16,2,14, 0.00000000000000E+0000, 0.00000000000000E+0000,Excluded
157,16,506,16,6,10, 0.00000000000000E+0000, 0.00000000000000E+0000,Excluded
157,16,52,16,6,10, 0.00000000000000E+0000, 0.00000000000000E+0000,Excluded
157,16,55,16,2,14, 0.00000000000000E+0000, 0.00000000000000E+0000,Excluded
157,16,57,16,3,13, 0.00000000000000E+0000, 0.00000000000000E+0000,Excluded
157,16,59,16,2,14, 0.00000000000000E+0000, 0.00000000000000E+0000,Excluded
157,16,6,16,1,15, 0.00000000000000E+0000, 0.00000000000000E+0000,Excluded
157,16,60,16,2,14, 0.00000000000000E+0000, 0.00000000000000E+0000,Excluded
157,16,61,16,1,15, 0.00000000000000E+0000, 0.00000000000000E+0000,Excluded
157,16,62,16,6,10, 0.00000000000000E+0000, 0.00000000000000E+0000,Excluded
157,16,65,16,3,13, 0.00000000000000E+0000, 0.00000000000000E+0000,Excluded
157,16,73,16,5,11, 0.00000000000000E+0000, 0.00000000000000E+0000,Excluded
157,16,75,16,2,14, 0.00000000000000E+0000, 0.00000000000000E+0000,Excluded
157,16,76,16,1,15, 0.00000000000000E+0000, 0.00000000000000E+0000,Excluded
157,16,77,16,2,14, 0.00000000000000E+0000, 0.00000000000000E+0000,Excluded
157,16,78,16,1,15, 0.00000000000000E+0000, 0.00000000000000E+0000,Excluded
157,16,79,16,0,16, 0.00000000000000E+0000, 0.00000000000000E+0000,Excluded
157,16,8,16,6,10, 0.00000000000000E+0000, 0.00000000000000E+0000,Excluded
157,16,84,16,5,11, 0.00000000000000E+0000, 0.00000000000000E+0000,Excluded
157,16,85,16,3,13, 0.00000000000000E+0000, 0.00000000000000E+0000,Excluded
157,16,86,16,2,14, 0.00000000000000E+0000, 0.00000000000000E+0000,Excluded
157,16,89,16,4,12, 0.00000000000000E+0000, 0.00000000000000E+0000,Excluded
157,16,94,16,2,14, 0.00000000000000E+0000, 0.00000000000000E+0000,Excluded
157,16,95,16,3,13, 0.00000000000000E+0000, 0.00000000000000E+0000,Excluded
157,16,96,16,5,11, 0.00000000000000E+0000, 0.00000000000000E+0000,Excluded
157,16,98,16,4,12, 0.00000000000000E+0000, 0.00000000000000E+0000,Excluded
16,15,160,16,6,9, 0.00000000000000E+0000, 0.00000000000000E+0000,Excluded
16,15,162,16,2,13, 0.00000000000000E+0000, 0.00000000000000E+0000,Excluded
16,15,166,16,3,12, 0.00000000000000E+0000, 0.00000000000000E+0000,Excluded
16,15,177,16,1,14, 0.00000000000000E+0000, 0.00000000000000E+0000,Excluded
16,15,178,16,3,12, 0.00000000000000E+0000, 0.00000000000000E+0000,Excluded
16,15,18,16,3,12, 0.00000000000000E+0000, 0.00000000000000E+0000,Excluded
16,15,186,16,10,5, 0.00000000000000E+0000, 0.00000000000000E+0000,Excluded
16,15,189,16,2,13, 0.00000000000000E+0000, 0.00000000000000E+0000,Excluded
16,15,19,16,5,10, 0.00000000000000E+0000, 0.00000000000000E+0000,Excluded
16,15,190,16,3,12, 0.00000000000000E+0000, 0.00000000000000E+0000,Excluded
16,15,191,16,6,9, 0.00000000000000E+0000, 0.00000000000000E+0000,Excluded
16,15,193,16,3,12, 0.00000000000000E+0000, 0.00000000000000E+0000,Excluded
16,15,204,16,6,9, 0.00000000000000E+0000, 0.00000000000000E+0000,Excluded
16,15,21,15,10,5, 0.00000000000000E+0000, 0.00000000000000E+0000,Excluded
16,15,211,16,2,13, 0.00000000000000E+0000, 0.00000000000000E+0000,Excluded
16,15,216,16,1,14, 0.00000000000000E+0000, 0.00000000000000E+0000,Excluded
16,15,222,16,2,13, 0.00000000000000E+0000, 0.00000000000000E+0000,Excluded
16,15,224,16,5,10, 0.00000000000000E+0000, 0.00000000000000E+0000,Excluded
16,15,226,16,3,12, 0.00000000000000E+0000, 0.00000000000000E+0000,Excluded
16,15,23,15,2,13, 0.00000000000000E+0000, 0.00000000000000E+0000,Excluded
16,15,230,16,6,9, 0.00000000000000E+0000, 0.00000000000000E+0000,Excluded
16,15,232,16,4,11, 0.00000000000000E+0000, 0.00000000000000E+0000,Excluded
16,15,238,16,0,15, 0.00000000000000E+0000, 0.00000000000000E+0000,Excluded
16,15,24,15,1,14, 0.00000000000000E+0000, 0.00000000000000E+0000,Excluded
16,15,242,16,3,12, 0.00000000000000E+0000, 0.00000000000000E+0000,Excluded
16,15,243,16,4,11, 0.00000000000000E+0000, 0.00000000000000E+0000,Excluded
16,15,244,16,3,12, 0.00000000000000E+0000, 0.00000000000000E+0000,Excluded
16,15,25,15,4,11, 0.00000000000000E+0000, 0.00000000000000E+0000,Excluded
16,15,251,16,2,13, 0.00000000000000E+0000, 0.00000000000000E+0000,Excluded
16,15,26,16,6,9, 0.00000000000000E+0000, 0.00000000000000E+0000,Excluded
16,15,266,16,4,11, 0.00000000000000E+0000, 0.00000000000000E+0000,Excluded
16,15,267,16,2,13, 0.00000000000000E+0000, 0.00000000000000E+0000,Excluded
16,15,268,16,4,11, 0.00000000000000E+0000, 0.00000000000000E+0000,Excluded
16,15,270,16,3,12, 0.00000000000000E+0000, 0.00000000000000E+0000,Excluded
16,15,276,16,4,11, 0.00000000000000E+0000, 0.00000000000000E+0000,Excluded
16,15,28,16,5,10, 0.00000000000000E+0000, 0.00000000000000E+0000,Excluded
16,15,29,16,4,11, 0.00000000000000E+0000, 0.00000000000000E+0000,Excluded
16,15,298,15,3,11, 0.00000000000000E+0000, 0.00000000000000E+0000,Excluded
16,15,3,16,5,10, 0.00000000000000E+0000, 0.00000000000000E+0000,Excluded
16,15,30,16,3,12, 0.00000000000000E+0000, 0.00000000000000E+0000,Excluded
16,15,306,16,4,11, 0.00000000000000E+0000, 0.00000000000000E+0000,Excluded
16,15,308,16,2,13, 0.00000000000000E+0000, 0.00000000000000E+0000,Excluded
16,15,311,15,3,11, 0.00000000000000E+0000, 0.00000000000000E+0000,Excluded
16,15,323,16,3,12, 0.00000000000000E+0000, 0.00000000000000E+0000,Excluded
16,15,327,16,3,12, 0.00000000000000E+0000, 0.00000000000000E+0000,Excluded
16,15,33,16,5,10, 0.00000000000000E+0000, 0.00000000000000E+0000,Excluded
16,15,334,16,2,13, 0.00000000000000E+0000, 0.00000000000000E+0000,Excluded
16,15,338,16,3,12, 0.00000000000000E+0000, 0.00000000000000E+0000,Excluded
16,15,341,16,4,11, 0.00000000000000E+0000, 0.00000000000000E+0000,Excluded
16,15,346,16,2,13, 0.00000000000000E+0000, 0.00000000000000E+0000,Excluded
16,15,348,16,4,11, 0.00000000000000E+0000, 0.00000000000000E+0000,Excluded
16,15,351,16,4,11, 0.00000000000000E+0000, 0.00000000000000E+0000,Excluded
16,15,362,16,7,8, 0.00000000000000E+0000, 0.00000000000000E+0000,Excluded
16,15,364,16,3,12, 0.00000000000000E+0000, 0.00000000000000E+0000,Excluded
16,15,366,16,3,12, 0.00000000000000E+0000, 0.00000000000000E+0000,Excluded
16,15,37,16,2,13, 0.00000000000000E+0000, 0.00000000000000E+0000,Excluded
16,15,376,16,9,6, 0.00000000000000E+0000, 0.00000000000000E+0000,Excluded
16,15,377,15,3,11, 0.00000000000000E+0000, 0.00000000000000E+0000,Excluded
16,15,378,16,5,10, 0.00000000000000E+0000, 0.00000000000000E+0000,Excluded
16,15,38,16,4,11, 0.00000000000000E+0000, 0.00000000000000E+0000,Excluded
16,15,388,16,3,12, 0.00000000000000E+0000, 0.00000000000000E+0000,Excluded
16,15,391,16,4,11, 0.00000000000000E+0000, 0.00000000000000E+0000,Excluded
16,15,396,13,3,9, 0.00000000000000E+0000, 0.00000000000000E+0000,Excluded
16,15,4,16,5,10, 0.00000000000000E+0000, 0.00000000000000E+0000,Excluded
16,15,400,13,1,11, 0.00000000000000E+0000, 0.00000000000000E+0000,Excluded
16,15,401,16,5,10, 0.00000000000000E+0000, 0.00000000000000E+0000,Excluded
16,15,406,16,6,9, 0.00000000000000E+0000, 0.00000000000000E+0000,Excluded
16,15,412,15,4,10, 0.00000000000000E+0000, 0.00000000000000E+0000,Excluded
16,15,413,16,0,15, 0.00000000000000E+0000, 0.00000000000000E+0000,Excluded
16,15,421,16,6,9, 0.00000000000000E+0000, 0.00000000000000E+0000,Excluded
16,15,423,16,3,12, 0.00000000000000E+0000, 0.00000000000000E+0000,Excluded
16,15,424,16,2,13, 0.00000000000000E+0000, 0.00000000000000E+0000,Excluded
16,15,426,16,3,12, 0.00000000000000E+0000, 0.00000000000000E+0000,Excluded
16,15,43,16,2,13, 0.00000000000000E+0000, 0.00000000000000E+0000,Excluded
16,15,430,14,2,11, 0.00000000000000E+0000, 0.00000000000000E+0000,Excluded
16,15,435,16,1,14, 0.00000000000000E+0000, 0.00000000000000E+0000,Excluded
16,15,44,16,4,11, 0.00000000000000E+0000, 0.00000000000000E+0000,Excluded
16,15,461,16,3,12, 0.00000000000000E+0000, 0.00000000000000E+0000,Excluded
16,15,476,16,4,11, 0.00000000000000E+0000, 0.00000000000000E+0000,Excluded
16,15,478,16,2,13, 0.00000000000000E+0000, 0.00000000000000E+0000,Excluded
16,15,48,16,4,11, 0.00000000000000E+0000, 0.00000000000000E+0000,Excluded
16,15,484,16,3,12, 0.00000000000000E+0000, 0.00000000000000E+0000,Excluded
16,15,489,16,3,12, 0.00000000000000E+0000, 0.00000000000000E+0000,Excluded
16,15,492,13,1,11, 0.00000000000000E+0000, 0.00000000000000E+0000,Excluded
16,15,493,16,0,15, 0.00000000000000E+0000, 0.00000000000000E+0000,Excluded
16,15,494,16,2,13, 0.00000000000000E+0000, 0.00000000000000E+0000,Excluded
16,15,500,16,6,9, 0.00000000000000E+0000, 0.00000000000000E+0000,Excluded
16,15,504,16,3,12, 0.00000000000000E+0000, 0.00000000000000E+0000,Excluded
16,15,506,16,2,13, 0.00000000000000E+0000, 0.00000000000000E+0000,Excluded
16,15,52,16,1,14, 0.00000000000000E+0000, 0.00000000000000E+0000,Excluded
16,15,55,16,6,9, 0.00000000000000E+0000, 0.00000000000000E+0000,Excluded
16,15,57,16,6,9, 0.00000000000000E+0000, 0.00000000000000E+0000,Excluded
16,15,59,16,3,12, 0.00000000000000E+0000, 0.00000000000000E+0000,Excluded
16,15,6,16,6,9, 0.00000000000000E+0000, 0.00000000000000E+0000,Excluded
16,15,60,16,4,11, 0.00000000000000E+0000, 0.00000000000000E+0000,Excluded
16,15,61,16,2,13, 0.00000000000000E+0000, 0.00000000000000E+0000,Excluded
16,15,62,16,3,12, 0.00000000000000E+0000, 0.00000000000000E+0000,Excluded
16,15,65,16,2,13, 0.00000000000000E+0000, 0.00000000000000E+0000,Excluded
16,15,73,16,2,13, 0.00000000000000E+0000, 0.00000000000000E+0000,Excluded
16,15,75,16,0,15, 0.00000000000000E+0000, 0.00000000000000E+0000,Excluded
16,15,76,16,4,11, 0.00000000000000E+0000, 0.00000000000000E+0000,Excluded
16,15,77,16,1,14, 0.00000000000000E+0000, 0.00000000000000E+0000,Excluded
16,15,78,16,2,13, 0.00000000000000E+0000, 0.00000000000000E+0000,Excluded
16,15,79,16,1,14, 0.00000000000000E+0000, 0.00000000000000E+0000,Excluded
16,15,8,16,4,11, 0.00000000000000E+0000, 0.00000000000000E+0000,Excluded
16,15,84,16,5,10, 0.00000000000000E+0000, 0.00000000000000E+0000,Excluded
16,15,85,16,3,12, 0.00000000000000E+0000, 0.00000000000000E+0000,Excluded
16,15,86,16,3,12, 0.00000000000000E+0000, 0.00000000000000E+0000,Excluded
16,15,89,16,3,12, 0.00000000000000E+0000, 0.00000000000000E+0000,Excluded
16,15,94,16,3,12, 0.00000000000000E+0000, 0.00000000000000E+0000,Excluded
16,15,95,16,2,13, 0.00000000000000E+0000, 0.00000000000000E+0000,Excluded
16,15,96,16,2,13, 0.00000000000000E+0000, 0.00000000000000E+0000,Excluded
16,15,98,16,4,11, 0.00000000000000E+0000, 0.00000000000000E+0000,Excluded
160,16,162,16,5,11, 0.00000000000000E+0000, 0.00000000000000E+0000,Excluded
160,16,166,16,3,13, 0.00000000000000E+0000, 0.00000000000000E+0000,Excluded
160,16,177,16,1,15, 0.00000000000000E+0000, 0.00000000000000E+0000,Excluded
160,16,178,16,5,11, 0.00000000000000E+0000, 0.00000000000000E+0000,Excluded
160,16,18,16,4,12, 0.00000000000000E+0000, 0.00000000000000E+0000,Excluded
160,16,186,16,6,10, 0.00000000000000E+0000, 0.00000000000000E+0000,Excluded
160,16,189,16,4,12, 0.00000000000000E+0000, 0.00000000000000E+0000,Excluded
160,16,19,16,7,9, 0.00000000000000E+0000, 0.00000000000000E+0000,Excluded
160,16,190,16,6,10, 0.00000000000000E+0000, 0.00000000000000E+0000,Excluded
160,16,191,16,3,13, 0.00000000000000E+0000, 0.00000000000000E+0000,Excluded
160,16,193,16,6,10, 0.00000000000000E+0000, 0.00000000000000E+0000,Excluded
160,16,204,16,7,9, 0.00000000000000E+0000, 0.00000000000000E+0000,Excluded
160,16,21,15,5,10, 0.00000000000000E+0000, 0.00000000000000E+0000,Excluded
160,16,211,16,5,11, 0.00000000000000E+0000, 0.00000000000000E+0000,Excluded
160,16,216,16,5,11, 0.00000000000000E+0000, 0.00000000000000E+0000,Excluded
160,16,222,16,2,14, 0.00000000000000E+0000, 0.00000000000000E+0000,Excluded
160,16,224,16,5,11, 0.00000000000000E+0000, 0.00000000000000E+0000,Excluded
160,16,226,16,5,11, 0.00000000000000E+0000, 0.00000000000000E+0000,Excluded
160,16,23,15,3,12, 0.00000000000000E+0000, 0.00000000000000E+0000,Excluded
160,16,230,16,6,10, 0.00000000000000E+0000, 0.00000000000000E+0000,Excluded
160,16,232,16,5,11, 0.00000000000000E+0000, 0.00000000000000E+0000,Excluded
160,16,238,16,2,14, 0.00000000000000E+0000, 0.00000000000000E+0000,Excluded
160,16,24,15,3,12, 0.00000000000000E+0000, 0.00000000000000E+0000,Excluded
160,16,242,16,4,12, 0.00000000000000E+0000, 0.00000000000000E+0000,Excluded
160,16,243,16,3,13, 0.00000000000000E+0000, 0.00000000000000E+0000,Excluded
160,16,244,16,4,12, 0.00000000000000E+0000, 0.00000000000000E+0000,Excluded
160,16,25,15,5,10, 0.00000000000000E+0000, 0.00000000000000E+0000,Excluded
160,16,251,16,6,10, 0.00000000000000E+0000, 0.00000000000000E+0000,Excluded
160,16,26,16,8,8, 0.00000000000000E+0000, 0.00000000000000E+0000,Excluded
160,16,266,16,2,14, 0.00000000000000E+0000, 0.00000000000000E+0000,Excluded
160,16,267,16,3,13, 0.00000000000000E+0000, 0.00000000000000E+0000,Excluded
160,16,268,16,5,11, 0.00000000000000E+0000, 0.00000000000000E+0000,Excluded
160,16,270,16,7,9, 0.00000000000000E+0000, 0.00000000000000E+0000,Excluded
160,16,276,16,6,10, 0.00000000000000E+0000, 0.00000000000000E+0000,Excluded
160,16,28,16,6,10, 0.00000000000000E+0000, 0.00000000000000E+0000,Excluded
160,16,29,16,8,8, 0.00000000000000E+0000, 0.00000000000000E+0000,Excluded
160,16,298,15,3,12, 0.00000000000000E+0000, 0.00000000000000E+0000,Excluded
160,16,3,16,6,10, 0.00000000000000E+0000, 0.00000000000000E+0000,Excluded
160,16,30,16,6,10, 0.00000000000000E+0000, 0.00000000000000E+0000,Excluded
160,16,306,16,3,13, 0.00000000000000E+0000, 0.00000000000000E+0000,Excluded
160,16,308,16,4,12, 0.00000000000000E+0000, 0.00000000000000E+0000,Excluded
160,16,311,15,4,11, 0.00000000000000E+0000, 0.00000000000000E+0000,Excluded
160,16,323,16,6,10, 0.00000000000000E+0000, 0.00000000000000E+0000,Excluded
160,16,327,16,5,11, 0.00000000000000E+0000, 0.00000000000000E+0000,Excluded
160,16,33,16,5,11, 0.00000000000000E+0000, 0.00000000000000E+0000,Excluded
160,16,334,16,4,12, 0.00000000000000E+0000, 0.00000000000000E+0000,Excluded
160,16,338,16,6,10, 0.00000000000000E+0000, 0.00000000000000E+0000,Excluded
160,16,341,16,7,9, 0.00000000000000E+0000, 0.00000000000000E+0000,Excluded
160,16,346,16,6,10, 0.00000000000000E+0000, 0.00000000000000E+0000,Excluded
160,16,348,16,3,13, 0.00000000000000E+0000, 0.00000000000000E+0000,Excluded
160,16,351,16,8,8, 0.00000000000000E+0000, 0.00000000000000E+0000,Excluded
160,16,362,16,8,8, 0.00000000000000E+0000, 0.00000000000000E+0000,Excluded
160,16,364,16,4,12, 0.00000000000000E+0000, 0.00000000000000E+0000,Excluded
160,16,366,16,6,10, 0.00000000000000E+0000, 0.00000000000000E+0000,Excluded
160,16,37,16,4,12, 0.00000000000000E+0000, 0.00000000000000E+0000,Excluded
160,16,376,16,5,11, 0.00000000000000E+0000, 0.00000000000000E+0000,Excluded
160,16,377,15,6,9, 0.00000000000000E+0000, 0.00000000000000E+0000,Excluded
160,16,378,16,8,8, 0.00000000000000E+0000, 0.00000000000000E+0000,Excluded
160,16,38,16,3,13, 0.00000000000000E+0000, 0.00000000000000E+0000,Excluded
160,16,388,16,3,13, 0.00000000000000E+0000, 0.00000000000000E+0000,Excluded
160,16,391,16,4,12, 0.00000000000000E+0000, 0.00000000000000E+0000,Excluded
160,16,396,13,5,8, 0.00000000000000E+0000, 0.00000000000000E+0000,Excluded
160,16,4,16,5,11, 0.00000000000000E+0000, 0.00000000000000E+0000,Excluded
160,16,400,13,4,9, 0.00000000000000E+0000, 0.00000000000000E+0000,Excluded
160,16,401,16,6,10, 0.00000000000000E+0000, 0.00000000000000E+0000,Excluded
160,16,406,16,5,11, 0.00000000000000E+0000, 0.00000000000000E+0000,Excluded
160,16,412,15,6,9, 0.00000000000000E+0000, 0.00000000000000E+0000,Excluded
160,16,413,16,4,12, 0.00000000000000E+0000, 0.00000000000000E+0000,Excluded
160,16,421,16,5,11, 0.00000000000000E+0000, 0.00000000000000E+0000,Excluded
160,16,423,16,4,12, 0.00000000000000E+0000, 0.00000000000000E+0000,Excluded
160,16,424,16,6,10, 0.00000000000000E+0000, 0.00000000000000E+0000,Excluded
160,16,426,16,5,11, 0.00000000000000E+0000, 0.00000000000000E+0000,Excluded
160,16,43,16,6,10, 0.00000000000000E+0000, 0.00000000000000E+0000,Excluded
160,16,430,14,6,8, 0.00000000000000E+0000, 0.00000000000000E+0000,Excluded
160,16,435,16,6,10, 0.00000000000000E+0000, 0.00000000000000E+0000,Excluded
160,16,44,16,5,11, 0.00000000000000E+0000, 0.00000000000000E+0000,Excluded
160,16,461,16,5,11, 0.00000000000000E+0000, 0.00000000000000E+0000,Excluded
160,16,476,16,4,12, 0.00000000000000E+0000, 0.00000000000000E+0000,Excluded
160,16,478,16,6,10, 0.00000000000000E+0000, 0.00000000000000E+0000,Excluded
160,16,48,16,5,11, 0.00000000000000E+0000, 0.00000000000000E+0000,Excluded
160,16,484,16,2,14, 0.00000000000000E+0000, 0.00000000000000E+0000,Excluded
160,16,489,16,10,6, 0.00000000000000E+0000, 0.00000000000000E+0000,Excluded
160,16,492,13,1,12, 0.00000000000000E+0000, 0.00000000000000E+0000,Excluded
160,16,493,16,3,13, 0.00000000000000E+0000, 0.00000000000000E+0000,Excluded
160,16,494,16,3,13, 0.00000000000000E+0000, 0.00000000000000E+0000,Excluded
160,16,500,16,6,10, 0.00000000000000E+0000, 0.00000000000000E+0000,Excluded
160,16,504,16,4,12, 0.00000000000000E+0000, 0.00000000000000E+0000,Excluded
160,16,506,16,4,12, 0.00000000000000E+0000, 0.00000000000000E+0000,Excluded
160,16,52,16,3,13, 0.00000000000000E+0000, 0.00000000000000E+0000,Excluded
160,16,55,16,4,12, 0.00000000000000E+0000, 0.00000000000000E+0000,Excluded
160,16,57,16,7,9, 0.00000000000000E+0000, 0.00000000000000E+0000,Excluded
160,16,59,16,5,11, 0.00000000000000E+0000, 0.00000000000000E+0000,Excluded
160,16,6,16,6,10, 0.00000000000000E+0000, 0.00000000000000E+0000,Excluded
160,16,60,16,3,13, 0.00000000000000E+0000, 0.00000000000000E+0000,Excluded
160,16,61,16,5,11, 0.00000000000000E+0000, 0.00000000000000E+0000,Excluded
160,16,62,16,6,10, 0.00000000000000E+0000, 0.00000000000000E+0000,Excluded
160,16,65,16,3,13, 0.00000000000000E+0000, 0.00000000000000E+0000,Excluded
160,16,73,16,4,12, 0.00000000000000E+0000, 0.00000000000000E+0000,Excluded
160,16,75,16,0,16, 0.00000000000000E+0000, 0.00000000000000E+0000,Excluded
160,16,76,16,7,9, 0.00000000000000E+0000, 0.00000000000000E+0000,Excluded
160,16,77,16,4,12, 0.00000000000000E+0000, 0.00000000000000E+0000,Excluded
160,16,78,16,5,11, 0.00000000000000E+0000, 0.00000000000000E+0000,Excluded
160,16,79,16,3,13, 0.00000000000000E+0000, 0.00000000000000E+0000,Excluded
160,16,8,16,6,10, 0.00000000000000E+0000, 0.00000000000000E+0000,Excluded
160,16,84,16,7,9, 0.00000000000000E+0000, 0.00000000000000E+0000,Excluded
160,16,85,16,3,13, 0.00000000000000E+0000, 0.00000000000000E+0000,Excluded
160,16,86,16,4,12, 0.00000000000000E+0000, 0.00000000000000E+0000,Excluded
160,16,89,16,7,9, 0.00000000000000E+0000, 0.00000000000000E+0000,Excluded
160,16,94,16,10,6, 0.00000000000000E+0000, 0.00000000000000E+0000,Excluded
160,16,95,16,6,10, 0.00000000000000E+0000, 0.00000000000000E+0000,Excluded
160,16,96,16,5,11, 0.00000000000000E+0000, 0.00000000000000E+0000,Excluded
160,16,98,16,5,11, 0.00000000000000E+0000, 0.00000000000000E+0000,Excluded
162,16,166,16,5,11, 0.00000000000000E+0000, 0.00000000000000E+0000,Excluded
162,16,177,16,2,14, 0.00000000000000E+0000, 0.00000000000000E+0000,Excluded
162,16,178,16,3,13, 0.00000000000000E+0000, 0.00000000000000E+0000,Excluded
162,16,18,16,4,12, 0.00000000000000E+0000, 0.00000000000000E+0000,Excluded
162,16,186,16,4,12, 0.00000000000000E+0000, 0.00000000000000E+0000,Excluded
162,16,189,16,7,9, 0.00000000000000E+0000, 0.00000000000000E+0000,Excluded
162,16,19,16,5,11, 0.00000000000000E+0000, 0.00000000000000E+0000,Excluded
162,16,190,16,7,9, 0.00000000000000E+0000, 0.00000000000000E+0000,Excluded
162,16,191,16,6,10, 0.00000000000000E+0000, 0.00000000000000E+0000,Excluded
162,16,193,16,5,11, 0.00000000000000E+0000, 0.00000000000000E+0000,Excluded
162,16,204,16,6,10, 0.00000000000000E+0000, 0.00000000000000E+0000,Excluded
162,16,21,15,4,11, 0.00000000000000E+0000, 0.00000000000000E+0000,Excluded
162,16,211,16,4,12, 0.00000000000000E+0000, 0.00000000000000E+0000,Excluded
162,16,216,16,3,13, 0.00000000000000E+0000, 0.00000000000000E+0000,Excluded
162,16,222,16,2,14, 0.00000000000000E+0000, 0.00000000000000E+0000,Excluded
162,16,224,16,5,11, 0.00000000000000E+0000, 0.00000000000000E+0000,Excluded
162,16,226,16,3,13, 0.00000000000000E+0000, 0.00000000000000E+0000,Excluded
162,16,23,15,4,11, 0.00000000000000E+0000, 0.00000000000000E+0000,Excluded
162,16,230,16,5,11, 0.00000000000000E+0000, 0.00000000000000E+0000,Excluded
162,16,232,16,4,12, 0.00000000000000E+0000, 0.00000000000000E+0000,Excluded
162,16,238,16,2,14, 0.00000000000000E+0000, 0.00000000000000E+0000,Excluded
162,16,24,15,2,13, 0.00000000000000E+0000, 0.00000000000000E+0000,Excluded
162,16,242,16,2,14, 0.00000000000000E+0000, 0.00000000000000E+0000,Excluded
162,16,243,16,3,13, 0.00000000000000E+0000, 0.00000000000000E+0000,Excluded
162,16,244,16,3,13, 0.00000000000000E+0000, 0.00000000000000E+0000,Excluded
162,16,25,15,4,11, 0.00000000000000E+0000, 0.00000000000000E+0000,Excluded
162,16,251,16,6,10, 0.00000000000000E+0000, 0.00000000000000E+0000,Excluded
162,16,26,16,4,12, 0.00000000000000E+0000, 0.00000000000000E+0000,Excluded
162,16,266,16,2,14, 0.00000000000000E+0000, 0.00000000000000E+0000,Excluded
162,16,267,16,4,12, 0.00000000000000E+0000, 0.00000000000000E+0000,Excluded
162,16,268,16,3,13, 0.00000000000000E+0000, 0.00000000000000E+0000,Excluded
162,16,270,16,5,11, 0.00000000000000E+0000, 0.00000000000000E+0000,Excluded
162,16,276,16,6,10, 0.00000000000000E+0000, 0.00000000000000E+0000,Excluded
162,16,28,16,3,13, 0.00000000000000E+0000, 0.00000000000000E+0000,Excluded
162,16,29,16,6,10, 0.00000000000000E+0000, 0.00000000000000E+0000,Excluded
162,16,298,15,3,12, 0.00000000000000E+0000, 0.00000000000000E+0000,Excluded
162,16,3,16,4,12, 0.00000000000000E+0000, 0.00000000000000E+0000,Excluded
162,16,30,16,4,12, 0.00000000000000E+0000, 0.00000000000000E+0000,Excluded
162,16,306,16,1,15, 0.00000000000000E+0000, 0.00000000000000E+0000,Excluded
162,16,308,16,4,12, 0.00000000000000E+0000, 0.00000000000000E+0000,Excluded
162,16,311,15,4,11, 0.00000000000000E+0000, 0.00000000000000E+0000,Excluded
162,16,323,16,4,12, 0.00000000000000E+0000, 0.00000000000000E+0000,Excluded
162,16,327,16,5,11, 0.00000000000000E+0000, 0.00000000000000E+0000,Excluded
162,16,33,16,2,14, 0.00000000000000E+0000, 0.00000000000000E+0000,Excluded
162,16,334,16,5,11, 0.00000000000000E+0000, 0.00000000000000E+0000,Excluded
162,16,338,16,7,9, 0.00000000000000E+0000, 0.00000000000000E+0000,Excluded
162,16,341,16,4,12, 0.00000000000000E+0000, 0.00000000000000E+0000,Excluded
162,16,346,16,4,12, 0.00000000000000E+0000, 0.00000000000000E+0000,Excluded
162,16,348,16,5,11, 0.00000000000000E+0000, 0.00000000000000E+0000,Excluded
162,16,351,16,3,13, 0.00000000000000E+0000, 0.00000000000000E+0000,Excluded
162,16,362,16,6,10, 0.00000000000000E+0000, 0.00000000000000E+0000,Excluded
162,16,364,16,1,15, 0.00000000000000E+0000, 0.00000000000000E+0000,Excluded
162,16,366,16,4,12, 0.00000000000000E+0000, 0.00000000000000E+0000,Excluded
162,16,37,16,4,12, 0.00000000000000E+0000, 0.00000000000000E+0000,Excluded
162,16,376,16,4,12, 0.00000000000000E+0000, 0.00000000000000E+0000,Excluded
162,16,377,15,6,9, 0.00000000000000E+0000, 0.00000000000000E+0000,Excluded
162,16,378,16,5,11, 0.00000000000000E+0000, 0.00000000000000E+0000,Excluded
162,16,38,16,2,14, 0.00000000000000E+0000, 0.00000000000000E+0000,Excluded
162,16,388,16,5,11, 0.00000000000000E+0000, 0.00000000000000E+0000,Excluded
162,16,391,16,2,14, 0.00000000000000E+0000, 0.00000000000000E+0000,Excluded
162,16,396,13,3,10, 0.00000000000000E+0000, 0.00000000000000E+0000,Excluded
162,16,4,16,3,13, 0.00000000000000E+0000, 0.00000000000000E+0000,Excluded
162,16,400,13,4,9, 0.00000000000000E+0000, 0.00000000000000E+0000,Excluded
162,16,401,16,6,10, 0.00000000000000E+0000, 0.00000000000000E+0000,Excluded
162,16,406,16,3,13, 0.00000000000000E+0000, 0.00000000000000E+0000,Excluded
162,16,412,15,4,11, 0.00000000000000E+0000, 0.00000000000000E+0000,Excluded
162,16,413,16,6,10, 0.00000000000000E+0000, 0.00000000000000E+0000,Excluded
162,16,421,16,3,13, 0.00000000000000E+0000, 0.00000000000000E+0000,Excluded
162,16,423,16,4,12, 0.00000000000000E+0000, 0.00000000000000E+0000,Excluded
162,16,424,16,4,12, 0.00000000000000E+0000, 0.00000000000000E+0000,Excluded
162,16,426,16,6,10, 0.00000000000000E+0000, 0.00000000000000E+0000,Excluded
162,16,43,16,5,11, 0.00000000000000E+0000, 0.00000000000000E+0000,Excluded
162,16,430,14,5,9, 0.00000000000000E+0000, 0.00000000000000E+0000,Excluded
162,16,435,16,2,14, 0.00000000000000E+0000, 0.00000000000000E+0000,Excluded
162,16,44,16,6,10, 0.00000000000000E+0000, 0.00000000000000E+0000,Excluded
162,16,461,16,4,12, 0.00000000000000E+0000, 0.00000000000000E+0000,Excluded
162,16,476,16,5,11, 0.00000000000000E+0000, 0.00000000000000E+0000,Excluded
162,16,478,16,3,13, 0.00000000000000E+0000, 0.00000000000000E+0000,Excluded
162,16,48,16,4,12, 0.00000000000000E+0000, 0.00000000000000E+0000,Excluded
162,16,484,16,2,14, 0.00000000000000E+0000, 0.00000000000000E+0000,Excluded
162,16,489,16,5,11, 0.00000000000000E+0000, 0.00000000000000E+0000,Excluded
162,16,492,13,4,9, 0.00000000000000E+0000, 0.00000000000000E+0000,Excluded
162,16,493,16,3,13, 0.00000000000000E+0000, 0.00000000000000E+0000,Excluded
162,16,494,16,2,14, 0.00000000000000E+0000, 0.00000000000000E+0000,Excluded
162,16,500,16,5,11, 0.00000000000000E+0000, 0.00000000000000E+0000,Excluded
162,16,504,16,4,12, 0.00000000000000E+0000, 0.00000000000000E+0000,Excluded
162,16,506,16,5,11, 0.00000000000000E+0000, 0.00000000000000E+0000,Excluded
162,16,52,16,7,9, 0.00000000000000E+0000, 0.00000000000000E+0000,Excluded
162,16,55,16,3,13, 0.00000000000000E+0000, 0.00000000000000E+0000,Excluded
162,16,57,16,4,12, 0.00000000000000E+0000, 0.00000000000000E+0000,Excluded
162,16,59,16,3,13, 0.00000000000000E+0000, 0.00000000000000E+0000,Excluded
162,16,6,16,5,11, 0.00000000000000E+0000, 0.00000000000000E+0000,Excluded
162,16,60,16,2,14, 0.00000000000000E+0000, 0.00000000000000E+0000,Excluded
162,16,61,16,4,12, 0.00000000000000E+0000, 0.00000000000000E+0000,Excluded
162,16,62,16,5,11, 0.00000000000000E+0000, 0.00000000000000E+0000,Excluded
162,16,65,16,3,13, 0.00000000000000E+0000, 0.00000000000000E+0000,Excluded
162,16,73,16,4,12, 0.00000000000000E+0000, 0.00000000000000E+0000,Excluded
162,16,75,16,3,13, 0.00000000000000E+0000, 0.00000000000000E+0000,Excluded
162,16,76,16,3,13, 0.00000000000000E+0000, 0.00000000000000E+0000,Excluded
162,16,77,16,4,12, 0.00000000000000E+0000, 0.00000000000000E+0000,Excluded
162,16,78,16,5,11, 0.00000000000000E+0000, 0.00000000000000E+0000,Excluded
162,16,79,16,3,13, 0.00000000000000E+0000, 0.00000000000000E+0000,Excluded
162,16,8,16,6,10, 0.00000000000000E+0000, 0.00000000000000E+0000,Excluded
162,16,84,16,4,12, 0.00000000000000E+0000, 0.00000000000000E+0000,Excluded
162,16,85,16,4,12, 0.00000000000000E+0000, 0.00000000000000E+0000,Excluded
162,16,86,16,4,12, 0.00000000000000E+0000, 0.00000000000000E+0000,Excluded
162,16,89,16,4,12, 0.00000000000000E+0000, 0.00000000000000E+0000,Excluded
162,16,94,16,6,10, 0.00000000000000E+0000, 0.00000000000000E+0000,Excluded
162,16,95,16,4,12, 0.00000000000000E+0000, 0.00000000000000E+0000,Excluded
162,16,96,16,15,1, 0.00000000000000E+0000, 0.00000000000000E+0000,Fuzzy match
162,16,98,16,5,11, 0.00000000000000E+0000, 0.00000000000000E+0000,Excluded
166,16,177,16,4,12, 0.00000000000000E+0000, 0.00000000000000E+0000,Excluded
166,16,178,16,2,14, 0.00000000000000E+0000, 0.00000000000000E+0000,Excluded
166,16,18,16,5,11, 0.00000000000000E+0000, 0.00000000000000E+0000,Excluded
166,16,186,16,5,11, 0.00000000000000E+0000, 0.00000000000000E+0000,Excluded
166,16,189,16,3,13, 0.00000000000000E+0000, 0.00000000000000E+0000,Excluded
166,16,19,16,4,12, 0.00000000000000E+0000, 0.00000000000000E+0000,Excluded
166,16,190,16,5,11, 0.00000000000000E+0000, 0.00000000000000E+0000,Excluded
166,16,191,16,6,10, 0.00000000000000E+0000, 0.00000000000000E+0000,Excluded
166,16,193,16,4,12, 0.00000000000000E+0000, 0.00000000000000E+0000,Excluded
166,16,204,16,6,10, 0.00000000000000E+0000, 0.00000000000000E+0000,Excluded
166,16,21,15,5,10, 0.00000000000000E+0000, 0.00000000000000E+0000,Excluded
166,16,211,16,5,11, 0.00000000000000E+0000, 0.00000000000000E+0000,Excluded
166,16,216,16,5,11, 0.00000000000000E+0000, 0.00000000000000E+0000,Excluded
166,16,222,16,4,12, 0.00000000000000E+0000, 0.00000000000000E+0000,Excluded
166,16,224,16,6,10, 0.00000000000000E+0000, 0.00000000000000E+0000,Excluded
166,16,226,16,4,12, 0.00000000000000E+0000, 0.00000000000000E+0000,Excluded
166,16,23,15,4,11, 0.00000000000000E+0000, 0.00000000000000E+0000,Excluded
166,16,230,16,2,14, 0.00000000000000E+0000, 0.00000000000000E+0000,Excluded
166,16,232,16,2,14, 0.00000000000000E+0000, 0.00000000000000E+0000,Excluded
166,16,238,16,2,14, 0.00000000000000E+0000, 0.00000000000000E+0000,Excluded
166,16,24,15,3,12, 0.00000000000000E+0000, 0.00000000000000E+0000,Excluded
166,16,242,16,1,15, 0.00000000000000E+0000, 0.00000000000000E+0000,Excluded
166,16,243,16,4,12, 0.00000000000000E+0000, 0.00000000000000E+0000,Excluded
166,16,244,16,3,13, 0.00000000000000E+0000, 0.00000000000000E+0000,Excluded
166,16,25,15,2,13, 0.00000000000000E+0000, 0.00000000000000E+0000,Excluded
166,16,251,16,4,12, 0.00000000000000E+0000, 0.00000000000000E+0000,Excluded
166,16,26,16,4,12, 0.00000000000000E+0000, 0.00000000000000E+0000,Excluded
166,16,266,16,3,13, 0.00000000000000E+0000, 0.00000000000000E+0000,Excluded
166,16,267,16,2,14, 0.00000000000000E+0000, 0.00000000000000E+0000,Excluded
166,16,268,16,4,12, 0.00000000000000E+0000, 0.00000000000000E+0000,Excluded
166,16,270,16,4,12, 0.00000000000000E+0000, 0.00000000000000E+0000,Excluded
166,16,276,16,5,11, 0.00000000000000E+0000, 0.00000000000000E+0000,Excluded
166,16,28,16,4,12, 0.00000000000000E+0000, 0.00000000000000E+0000,Excluded
166,16,29,16,3,13, 0.00000000000000E+0000, 0.00000000000000E+0000,Excluded
166,16,298,15,5,10, 0.00000000000000E+0000, 0.00000000000000E+0000,Excluded
166,16,3,16,5,11, 0.00000000000000E+0000, 0.00000000000000E+0000,Excluded
166,16,30,16,5,11, 0.00000000000000E+0000, 0.00000000000000E+0000,Excluded
166,16,306,16,2,14, 0.00000000000000E+0000, 0.00000000000000E+0000,Excluded
166,16,308,16,2,14, 0.00000000000000E+0000, 0.00000000000000E+0000,Excluded
166,16,311,15,3,12, 0.00000000000000E+0000, 0.00000000000000E+0000,Excluded
166,16,323,16,5,11, 0.00000000000000E+0000, 0.00000000000000E+0000,Excluded
166,16,327,16,4,12, 0.00000000000000E+0000, 0.00000000000000E+0000,Excluded
166,16,33,16,1,15, 0.00000000000000E+0000, 0.00000000000000E+0000,Excluded
166,16,334,16,4,12, 0.00000000000000E+0000, 0.00000000000000E+0000,Excluded
166,16,338,16,6,10, 0.00000000000000E+0000, 0.00000000000000E+0000,Excluded
166,16,341,16,4,12, 0.00000000000000E+0000, 0.00000000000000E+0000,Excluded
166,16,346,16,5,11, 0.00000000000000E+0000, 0.00000000000000E+0000,Excluded
166,16,348,16,4,12, 0.00000000000000E+0000, 0.00000000000000E+0000,Excluded
166,16,351,16,4,12, 0.00000000000000E+0000, 0.00000000000000E+0000,Excluded
166,16,362,16,5,11, 0.00000000000000E+0000, 0.00000000000000E+0000,Excluded
166,16,364,16,2,14, 0.00000000000000E+0000, 0.00000000000000E+0000,Excluded
166,16,366,16,3,13, 0.00000000000000E+0000, 0.00000000000000E+0000,Excluded
166,16,37,16,4,12, 0.00000000000000E+0000, 0.00000000000000E+0000,Excluded
166,16,376,16,4,12, 0.00000000000000E+0000, 0.00000000000000E+0000,Excluded
166,16,377,15,4,11, 0.00000000000000E+0000, 0.00000000000000E+0000,Excluded
166,16,378,16,5,11, 0.00000000000000E+0000, 0.00000000000000E+0000,Excluded
166,16,38,16,2,14, 0.00000000000000E+0000, 0.00000000000000E+0000,Excluded
166,16,388,16,6,10, 0.00000000000000E+0000, 0.00000000000000E+0000,Excluded
166,16,391,16,3,13, 0.00000000000000E+0000, 0.00000000000000E+0000,Excluded
166,16,396,13,3,10, 0.00000000000000E+0000, 0.00000000000000E+0000,Excluded
166,16,4,16,5,11, 0.00000000000000E+0000, 0.00000000000000E+0000,Excluded
166,16,400,13,3,10, 0.00000000000000E+0000, 0.00000000000000E+0000,Excluded
166,16,401,16,3,13, 0.00000000000000E+0000, 0.00000000000000E+0000,Excluded
166,16,406,16,4,12, 0.00000000000000E+0000, 0.00000000000000E+0000,Excluded
166,16,412,15,4,11, 0.00000000000000E+0000, 0.00000000000000E+0000,Excluded
166,16,413,16,4,12, 0.00000000000000E+0000, 0.00000000000000E+0000,Excluded
166,16,421,16,4,12, 0.00000000000000E+0000, 0.00000000000000E+0000,Excluded
166,16,423,16,3,13, 0.00000000000000E+0000, 0.00000000000000E+0000,Excluded
166,16,424,16,3,13, 0.00000000000000E+0000, 0.00000000000000E+0000,Excluded
166,16,426,16,5,11, 0.00000000000000E+0000, 0.00000000000000E+0000,Excluded
166,16,43,16,4,12, 0.00000000000000E+0000, 0.00000000000000E+0000,Excluded
166,16,430,14,8,6, 0.00000000000000E+0000, 0.00000000000000E+0000,Excluded
166,16,435,16,1,15, 0.00000000000000E+0000, 0.00000000000000E+0000,Excluded
166,16,44,16,5,11, 0.00000000000000E+0000, 0.00000000000000E+0000,Excluded
166,16,461,16,3,13, 0.00000000000000E+0000, 0.00000000000000E+0000,Excluded
166,16,476,16,6,10, 0.00000000000000E+0000, 0.00000000000000E+0000,Excluded
166,16,478,16,4,12, 0.00000000000000E+0000, 0.00000000000000E+0000,Excluded
166,16,48,16,5,11, 0.00000000000000E+0000, 0.00000000000000E+0000,Excluded
166,16,484,16,4,12, 0.00000000000000E+0000, 0.00000000000000E+0000,Excluded
166,16,489,16,4,12, 0.00000000000000E+0000, 0.00000000000000E+0000,Excluded
166,16,492,13,4,9, 0.00000000000000E+0000, 0.00000000000000E+0000,Excluded
166,16,493,16,4,12, 0.00000000000000E+0000, 0.00000000000000E+0000,Excluded
166,16,494,16,2,14, 0.00000000000000E+0000, 0.00000000000000E+0000,Excluded
166,16,500,16,2,14, 0.00000000000000E+0000, 0.00000000000000E+0000,Excluded
166,16,504,16,4,12, 0.00000000000000E+0000, 0.00000000000000E+0000,Excluded
166,16,506,16,6,10, 0.00000000000000E+0000, 0.00000000000000E+0000,Excluded
166,16,52,16,4,12, 0.00000000000000E+0000, 0.00000000000000E+0000,Excluded
166,16,55,16,6,10, 0.00000000000000E+0000, 0.00000000000000E+0000,Excluded
166,16,57,16,5,11, 0.00000000000000E+0000, 0.00000000000000E+0000,Excluded
166,16,59,16,3,13, 0.00000000000000E+0000, 0.00000000000000E+0000,Excluded
166,16,6,16,3,13, 0.00000000000000E+0000, 0.00000000000000E+0000,Excluded
166,16,60,16,5,11, 0.00000000000000E+0000, 0.00000000000000E+0000,Excluded
166,16,61,16,5,11, 0.00000000000000E+0000, 0.00000000000000E+0000,Excluded
166,16,62,16,4,12, 0.00000000000000E+0000, 0.00000000000000E+0000,Excluded
166,16,65,16,2,14, 0.00000000000000E+0000, 0.00000000000000E+0000,Excluded
166,16,73,16,6,10, 0.00000000000000E+0000, 0.00000000000000E+0000,Excluded
166,16,75,16,3,13, 0.00000000000000E+0000, 0.00000000000000E+0000,Excluded
166,16,76,16,2,14, 0.00000000000000E+0000, 0.00000000000000E+0000,Excluded
166,16,77,16,6,10, 0.00000000000000E+0000, 0.00000000000000E+0000,Excluded
166,16,78,16,2,14, 0.00000000000000E+0000, 0.00000000000000E+0000,Excluded
166,16,79,16,1,15, 0.00000000000000E+0000, 0.00000000000000E+0000,Excluded
166,16,8,16,5,11, 0.00000000000000E+0000, 0.00000000000000E+0000,Excluded
166,16,84,16,5,11, 0.00000000000000E+0000, 0.00000000000000E+0000,Excluded
166,16,85,16,4,12, 0.00000000000000E+0000, 0.00000000000000E+0000,Excluded
166,16,86,16,5,11, 0.00000000000000E+0000, 0.00000000000000E+0000,Excluded
166,16,89,16,5,11, 0.00000000000000E+0000, 0.00000000000000E+0000,Excluded
166,16,94,16,4,12, 0.00000000000000E+0000, 0.00000000000000E+0000,Excluded
166,16,95,16,5,11, 0.00000000000000E+0000, 0.00000000000000E+0000,Excluded
166,16,96,16,5,11, 0.00000000000000E+0000, 0.00000000000000E+0000,Excluded
166,16,98,16,6,10, 0.00000000000000E+0000, 0.00000000000000E+0000,Excluded
177,16,178,16,2,14, 0.00000000000000E+0000, 0.00000000000000E+0000,Excluded
177,16,18,16,3,13, 0.00000000000000E+0000, 0.00000000000000E+0000,Excluded
177,16,186,16,1,15, 0.00000000000000E+0000, 0.00000000000000E+0000,Excluded
177,16,189,16,4,12, 0.00000000000000E+0000, 0.00000000000000E+0000,Excluded
177,16,19,16,3,13, 0.00000000000000E+0000, 0.00000000000000E+0000,Excluded
177,16,190,16,2,14, 0.00000000000000E+0000, 0.00000000000000E+0000,Excluded
177,16,191,16,3,13, 0.00000000000000E+0000, 0.00000000000000E+0000,Excluded
177,16,193,16,3,13, 0.00000000000000E+0000, 0.00000000000000E+0000,Excluded
177,16,204,16,2,14, 0.00000000000000E+0000, 0.00000000000000E+0000,Excluded
177,16,21,15,2,13, 0.00000000000000E+0000, 0.00000000000000E+0000,Excluded
177,16,211,16,3,13, 0.00000000000000E+0000, 0.00000000000000E+0000,Excluded
177,16,216,16,2,14, 0.00000000000000E+0000, 0.00000000000000E+0000,Excluded
177,16,222,16,2,14, 0.00000000000000E+0000, 0.00000000000000E+0000,Excluded
177,16,224,16,2,14, 0.00000000000000E+0000, 0.00000000000000E+0000,Excluded
177,16,226,16,1,15, 0.00000000000000E+0000, 0.00000000000000E+0000,Excluded
177,16,23,15,1,14, 0.00000000000000E+0000, 0.00000000000000E+0000,Excluded
177,16,230,16,1,15, 0.00000000000000E+0000, 0.00000000000000E+0000,Excluded
177,16,232,16,4,12, 0.00000000000000E+0000, 0.00000000000000E+0000,Excluded
177,16,238,16,4,12, 0.00000000000000E+0000, 0.00000000000000E+0000,Excluded
177,16,24,15,2,13, 0.00000000000000E+0000, 0.00000000000000E+0000,Excluded
177,16,242,16,0,16, 0.00000000000000E+0000, 0.00000000000000E+0000,Excluded
177,16,243,16,2,14, 0.00000000000000E+0000, 0.00000000000000E+0000,Excluded
177,16,244,16,3,13, 0.00000000000000E+0000, 0.00000000000000E+0000,Excluded
177,16,25,15,1,14, 0.00000000000000E+0000, 0.00000000000000E+0000,Excluded
177,16,251,16,2,14, 0.00000000000000E+0000, 0.00000000000000E+0000,Excluded
177,16,26,16,4,12, 0.00000000000000E+0000, 0.00000000000000E+0000,Excluded
177,16,266,16,3,13, 0.00000000000000E+0000, 0.00000000000000E+0000,Excluded
177,16,267,16,3,13, 0.00000000000000E+0000, 0.00000000000000E+0000,Excluded
177,16,268,16,4,12, 0.00000000000000E+0000, 0.00000000000000E+0000,Excluded
177,16,270,16,3,13, 0.00000000000000E+0000, 0.00000000000000E+0000,Excluded
177,16,276,16,3,13, 0.00000000000000E+0000, 0.00000000000000E+0000,Excluded
177,16,28,16,3,13, 0.00000000000000E+0000, 0.00000000000000E+0000,Excluded
177,16,29,16,2,14, 0.00000000000000E+0000, 0.00000000000000E+0000,Excluded
177,16,298,15,2,13, 0.00000000000000E+0000, 0.00000000000000E+0000,Excluded
177,16,3,16,3,13, 0.00000000000000E+0000, 0.00000000000000E+0000,Excluded
177,16,30,16,3,13, 0.00000000000000E+0000, 0.00000000000000E+0000,Excluded
177,16,306,16,2,14, 0.00000000000000E+0000, 0.00000000000000E+0000,Excluded
177,16,308,16,2,14, 0.00000000000000E+0000, 0.00000000000000E+0000,Excluded
177,16,311,15,2,13, 0.00000000000000E+0000, 0.00000000000000E+0000,Excluded
177,16,323,16,2,14, 0.00000000000000E+0000, 0.00000000000000E+0000,Excluded
177,16,327,16,2,14, 0.00000000000000E+0000, 0.00000000000000E+0000,Excluded
177,16,33,16,2,14, 0.00000000000000E+0000, 0.00000000000000E+0000,Excluded
177,16,334,16,1,15, 0.00000000000000E+0000, 0.00000000000000E+0000,Excluded
177,16,338,16,2,14, 0.00000000000000E+0000, 0.00000000000000E+0000,Excluded
177,16,341,16,1,15, 0.00000000000000E+0000, 0.00000000000000E+0000,Excluded
177,16,346,16,4,12, 0.00000000000000E+0000, 0.00000000000000E+0000,Excluded
177,16,348,16,3,13, 0.00000000000000E+0000, 0.00000000000000E+0000,Excluded
177,16,351,16,2,14, 0.00000000000000E+0000, 0.00000000000000E+0000,Excluded
177,16,362,16,2,14, 0.00000000000000E+0000, 0.00000000000000E+0000,Excluded
177,16,364,16,1,15, 0.00000000000000E+0000, 0.00000000000000E+0000,Excluded
177,16,366,16,2,14, 0.00000000000000E+0000, 0.00000000000000E+0000,Excluded
177,16,37,16,4,12, 0.00000000000000E+0000, 0.00000000000000E+0000,Excluded
177,16,376,16,1,15, 0.00000000000000E+0000, 0.00000000000000E+0000,Excluded
177,16,377,15,1,14, 0.00000000000000E+0000, 0.00000000000000E+0000,Excluded
177,16,378,16,1,15, 0.00000000000000E+0000, 0.00000000000000E+0000,Excluded
177,16,38,16,4,12, 0.00000000000000E+0000, 0.00000000000000E+0000,Excluded
177,16,388,16,1,15, 0.00000000000000E+0000, 0.00000000000000E+0000,Excluded
177,16,391,16,0,16, 0.00000000000000E+0000, 0.00000000000000E+0000,Excluded
177,16,396,13,1,12, 0.00000000000000E+0000, 0.00000000000000E+0000,Excluded
177,16,4,16,2,14, 0.00000000000000E+0000, 0.00000000000000E+0000,Excluded
177,16,400,13,2,11, 0.00000000000000E+0000, 0.00000000000000E+0000,Excluded
177,16,401,16,1,15, 0.00000000000000E+0000, 0.00000000000000E+0000,Excluded
177,16,406,16,1,15, 0.00000000000000E+0000, 0.00000000000000E+0000,Excluded
177,16,412,15,2,13, 0.00000000000000E+0000, 0.00000000000000E+0000,Excluded
177,16,413,16,2,14, 0.00000000000000E+0000, 0.00000000000000E+0000,Excluded
177,16,421,16,1,15, 0.00000000000000E+0000, 0.00000000000000E+0000,Excluded
177,16,423,16,2,14, 0.00000000000000E+0000, 0.00000000000000E+0000,Excluded
177,16,424,16,2,14, 0.00000000000000E+0000, 0.00000000000000E+0000,Excluded
177,16,426,16,4,12, 0.00000000000000E+0000, 0.00000000000000E+0000,Excluded
177,16,43,16,3,13, 0.00000000000000E+0000, 0.00000000000000E+0000,Excluded
177,16,430,14,4,10, 0.00000000000000E+0000, 0.00000000000000E+0000,Excluded
177,16,435,16,2,14, 0.00000000000000E+0000, 0.00000000000000E+0000,Excluded
177,16,44,16,2,14, 0.00000000000000E+0000, 0.00000000000000E+0000,Excluded
177,16,461,16,3,13, 0.00000000000000E+0000, 0.00000000000000E+0000,Excluded
177,16,476,16,2,14, 0.00000000000000E+0000, 0.00000000000000E+0000,Excluded
177,16,478,16,3,13, 0.00000000000000E+0000, 0.00000000000000E+0000,Excluded
177,16,48,16,3,13, 0.00000000000000E+0000, 0.00000000000000E+0000,Excluded
177,16,484,16,1,15, 0.00000000000000E+0000, 0.00000000000000E+0000,Excluded
177,16,489,16,1,15, 0.00000000000000E+0000, 0.00000000000000E+0000,Excluded
177,16,492,13,2,11, 0.00000000000000E+0000, 0.00000000000000E+0000,Excluded
177,16,493,16,3,13, 0.00000000000000E+0000, 0.00000000000000E+0000,Excluded
177,16,494,16,3,13, 0.00000000000000E+0000, 0.00000000000000E+0000,Excluded
177,16,500,16,2,14, 0.00000000000000E+0000, 0.00000000000000E+0000,Excluded
177,16,504,16,3,13, 0.00000000000000E+0000, 0.00000000000000E+0000,Excluded
177,16,506,16,1,15, 0.00000000000000E+0000, 0.00000000000000E+0000,Excluded
177,16,52,16,2,14, 0.00000000000000E+0000, 0.00000000000000E+0000,Excluded
177,16,55,16,2,14, 0.00000000000000E+0000, 0.00000000000000E+0000,Excluded
177,16,57,16,3,13, 0.00000000000000E+0000, 0.00000000000000E+0000,Excluded
177,16,59,16,1,15, 0.00000000000000E+0000, 0.00000000000000E+0000,Excluded
177,16,6,16,4,12, 0.00000000000000E+0000, 0.00000000000000E+0000,Excluded
177,16,60,16,2,14, 0.00000000000000E+0000, 0.00000000000000E+0000,Excluded
177,16,61,16,6,10, 0.00000000000000E+0000, 0.00000000000000E+0000,Excluded
177,16,62,16,2,14, 0.00000000000000E+0000, 0.00000000000000E+0000,Excluded
177,16,65,16,3,13, 0.00000000000000E+0000, 0.00000000000000E+0000,Excluded
177,16,73,16,1,15, 0.00000000000000E+0000, 0.00000000000000E+0000,Excluded
177,16,75,16,4,12, 0.00000000000000E+0000, 0.00000000000000E+0000,Excluded
177,16,76,16,4,12, 0.00000000000000E+0000, 0.00000000000000E+0000,Excluded
177,16,77,16,5,11, 0.00000000000000E+0000, 0.00000000000000E+0000,Excluded
177,16,78,16,2,14, 0.00000000000000E+0000, 0.00000000000000E+0000,Excluded
177,16,79,16,4,12, 0.00000000000000E+0000, 0.00000000000000E+0000,Excluded
177,16,8,16,1,15, 0.00000000000000E+0000, 0.00000000000000E+0000,Excluded
177,16,84,16,3,13, 0.00000000000000E+0000, 0.00000000000000E+0000,Excluded
177,16,85,16,3,13, 0.00000000000000E+0000, 0.00000000000000E+0000,Excluded
177,16,86,16,5,11, 0.00000000000000E+0000, 0.00000000000000E+0000,Excluded
177,16,89,16,5,11, 0.00000000000000E+0000, 0.00000000000000E+0000,Excluded
177,16,94,16,2,14, 0.00000000000000E+0000, 0.00000000000000E+0000,Excluded
177,16,95,16,2,14, 0.00000000000000E+0000, 0.00000000000000E+0000,Excluded
177,16,96,16,2,14, 0.00000000000000E+0000, 0.00000000000000E+0000,Excluded
177,16,98,16,1,15, 0.00000000000000E+0000, 0.00000000000000E+0000,Excluded
178,16,18,16,1,15, 0.00000000000000E+0000, 0.00000000000000E+0000,Excluded
178,16,186,16,4,12, 0.00000000000000E+0000, 0.00000000000000E+0000,Excluded
178,16,189,16,4,12, 0.00000000000000E+0000, 0.00000000000000E+0000,Excluded
178,16,19,16,5,11, 0.00000000000000E+0000, 0.00000000000000E+0000,Excluded
178,16,190,16,5,11, 0.00000000000000E+0000, 0.00000000000000E+0000,Excluded
178,16,191,16,1,15, 0.00000000000000E+0000, 0.00000000000000E+0000,Excluded
178,16,193,16,2,14, 0.00000000000000E+0000, 0.00000000000000E+0000,Excluded
178,16,204,16,2,14, 0.00000000000000E+0000, 0.00000000000000E+0000,Excluded
178,16,21,15,3,12, 0.00000000000000E+0000, 0.00000000000000E+0000,Excluded
178,16,211,16,4,12, 0.00000000000000E+0000, 0.00000000000000E+0000,Excluded
178,16,216,16,3,13, 0.00000000000000E+0000, 0.00000000000000E+0000,Excluded
178,16,222,16,1,15, 0.00000000000000E+0000, 0.00000000000000E+0000,Excluded
178,16,224,16,2,14, 0.00000000000000E+0000, 0.00000000000000E+0000,Excluded
178,16,226,16,2,14, 0.00000000000000E+0000, 0.00000000000000E+0000,Excluded
178,16,23,15,3,12, 0.00000000000000E+0000, 0.00000000000000E+0000,Excluded
178,16,230,16,4,12, 0.00000000000000E+0000, 0.00000000000000E+0000,Excluded
178,16,232,16,2,14, 0.00000000000000E+0000, 0.00000000000000E+0000,Excluded
178,16,238,16,3,13, 0.00000000000000E+0000, 0.00000000000000E+0000,Excluded
178,16,24,15,3,12, 0.00000000000000E+0000, 0.00000000000000E+0000,Excluded
178,16,242,16,3,13, 0.00000000000000E+0000, 0.00000000000000E+0000,Excluded
178,16,243,16,3,13, 0.00000000000000E+0000, 0.00000000000000E+0000,Excluded
178,16,244,16,3,13, 0.00000000000000E+0000, 0.00000000000000E+0000,Excluded
178,16,25,15,3,12, 0.00000000000000E+0000, 0.00000000000000E+0000,Excluded
178,16,251,16,4,12, 0.00000000000000E+0000, 0.00000000000000E+0000,Excluded
178,16,26,16,2,14, 0.00000000000000E+0000, 0.00000000000000E+0000,Excluded
178,16,266,16,3,13, 0.00000000000000E+0000, 0.00000000000000E+0000,Excluded
178,16,267,16,0,16, 0.00000000000000E+0000, 0.00000000000000E+0000,Excluded
178,16,268,16,8,8, 0.00000000000000E+0000, 0.00000000000000E+0000,Excluded
178,16,270,16,3,13, 0.00000000000000E+0000, 0.00000000000000E+0000,Excluded
178,16,276,16,6,10, 0.00000000000000E+0000, 0.00000000000000E+0000,Excluded
178,16,28,16,4,12, 0.00000000000000E+0000, 0.00000000000000E+0000,Excluded
178,16,29,16,5,11, 0.00000000000000E+0000, 0.00000000000000E+0000,Excluded
178,16,298,15,1,14, 0.00000000000000E+0000, 0.00000000000000E+0000,Excluded
178,16,3,16,3,13, 0.00000000000000E+0000, 0.00000000000000E+0000,Excluded
178,16,30,16,3,13, 0.00000000000000E+0000, 0.00000000000000E+0000,Excluded
178,16,306,16,2,14, 0.00000000000000E+0000, 0.00000000000000E+0000,Excluded
178,16,308,16,1,15, 0.00000000000000E+0000, 0.00000000000000E+0000,Excluded
178,16,311,15,3,12, 0.00000000000000E+0000, 0.00000000000000E+0000,Excluded
178,16,323,16,2,14, 0.00000000000000E+0000, 0.00000000000000E+0000,Excluded
178,16,327,16,3,13, 0.00000000000000E+0000, 0.00000000000000E+0000,Excluded
178,16,33,16,1,15, 0.00000000000000E+0000, 0.00000000000000E+0000,Excluded
178,16,334,16,1,15, 0.00000000000000E+0000, 0.00000000000000E+0000,Excluded
178,16,338,16,2,14, 0.00000000000000E+0000, 0.00000000000000E+0000,Excluded
178,16,341,16,4,12, 0.00000000000000E+0000, 0.00000000000000E+0000,Excluded
178,16,346,16,7,9, 0.00000000000000E+0000, 0.00000000000000E+0000,Excluded
178,16,348,16,5,11, 0.00000000000000E+0000, 0.00000000000000E+0000,Excluded
178,16,351,16,5,11, 0.00000000000000E+0000, 0.00000000000000E+0000,Excluded
178,16,362,16,3,13, 0.00000000000000E+0000, 0.00000000000000E+0000,Excluded
178,16,364,16,1,15, 0.00000000000000E+0000, 0.00000000000000E+0000,Excluded
178,16,366,16,2,14, 0.00000000000000E+0000, 0.00000000000000E+0000,Excluded
178,16,37,16,4,12, 0.00000000000000E+0000, 0.00000000000000E+0000,Excluded
178,16,376,16,3,13, 0.00000000000000E+0000, 0.00000000000000E+0000,Excluded
178,16,377,15,3,12, 0.00000000000000E+0000, 0.00000000000000E+0000,Excluded
178,16,378,16,4,12, 0.00000000000000E+0000, 0.00000000000000E+0000,Excluded
178,16,38,16,0,16, 0.00000000000000E+0000, 0.00000000000000E+0000,Excluded
178,16,388,16,0,16, 0.00000000000000E+0000, 0.00000000000000E+0000,Excluded
178,16,391,16,1,15, 0.00000000000000E+0000, 0.00000000000000E+0000,Excluded
178,16,396,13,3,10, 0.00000000000000E+0000, 0.00000000000000E+0000,Excluded
178,16,4,16,5,11, 0.00000000000000E+0000, 0.00000000000000E+0000,Excluded
178,16,400,13,1,12, 0.00000000000000E+0000, 0.00000000000000E+0000,Excluded
178,16,401,16,4,12, 0.00000000000000E+0000, 0.00000000000000E+0000,Excluded
178,16,406,16,4,12, 0.00000000000000E+0000, 0.00000000000000E+0000,Excluded
178,16,412,15,4,11, 0.00000000000000E+0000, 0.00000000000000E+0000,Excluded
178,16,413,16,1,15, 0.00000000000000E+0000, 0.00000000000000E+0000,Excluded
178,16,421,16,2,14, 0.00000000000000E+0000, 0.00000000000000E+0000,Excluded
178,16,423,16,2,14, 0.00000000000000E+0000, 0.00000000000000E+0000,Excluded
178,16,424,16,2,14, 0.00000000000000E+0000, 0.00000000000000E+0000,Excluded
178,16,426,16,2,14, 0.00000000000000E+0000, 0.00000000000000E+0000,Excluded
178,16,43,16,4,12, 0.00000000000000E+0000, 0.00000000000000E+0000,Excluded
178,16,430,14,4,10, 0.00000000000000E+0000, 0.00000000000000E+0000,Excluded
178,16,435,16,5,11, 0.00000000000000E+0000, 0.00000000000000E+0000,Excluded
178,16,44,16,3,13, 0.00000000000000E+0000, 0.00000000000000E+0000,Excluded
178,16,461,16,2,14, 0.00000000000000E+0000, 0.00000000000000E+0000,Excluded
178,16,476,16,2,14, 0.00000000000000E+0000, 0.00000000000000E+0000,Excluded
178,16,478,16,4,12, 0.00000000000000E+0000, 0.00000000000000E+0000,Excluded
178,16,48,16,2,14, 0.00000000000000E+0000, 0.00000000000000E+0000,Excluded
178,16,484,16,3,13, 0.00000000000000E+0000, 0.00000000000000E+0000,Excluded
178,16,489,16,4,12, 0.00000000000000E+0000, 0.00000000000000E+0000,Excluded
178,16,492,13,0,13, 0.00000000000000E+0000, 0.00000000000000E+0000,Excluded
178,16,493,16,1,15, 0.00000000000000E+0000, 0.00000000000000E+0000,Excluded
178,16,494,16,1,15, 0.00000000000000E+0000, 0.00000000000000E+0000,Excluded
178,16,500,16,3,13, 0.00000000000000E+0000, 0.00000000000000E+0000,Excluded
178,16,504,16,3,13, 0.00000000000000E+0000, 0.00000000000000E+0000,Excluded
178,16,506,16,1,15, 0.00000000000000E+0000, 0.00000000000000E+0000,Excluded
178,16,52,16,3,13, 0.00000000000000E+0000, 0.00000000000000E+0000,Excluded
178,16,55,16,5,11, 0.00000000000000E+0000, 0.00000000000000E+0000,Excluded
178,16,57,16,2,14, 0.00000000000000E+0000, 0.00000000000000E+0000,Excluded
178,16,59,16,2,14, 0.00000000000000E+0000, 0.00000000000000E+0000,Excluded
178,16,6,16,4,12, 0.00000000000000E+0000, 0.00000000000000E+0000,Excluded
178,16,60,16,2,14, 0.00000000000000E+0000, 0.00000000000000E+0000,Excluded
178,16,61,16,4,12, 0.00000000000000E+0000, 0.00000000000000E+0000,Excluded
178,16,62,16,4,12, 0.00000000000000E+0000, 0.00000000000000E+0000,Excluded
178,16,65,16,4,12, 0.00000000000000E+0000, 0.00000000000000E+0000,Excluded
178,16,73,16,3,13, 0.00000000000000E+0000, 0.00000000000000E+0000,Excluded
178,16,75,16,1,15, 0.00000000000000E+0000, 0.00000000000000E+0000,Excluded
178,16,76,16,5,11, 0.00000000000000E+0000, 0.00000000000000E+0000,Excluded
178,16,77,16,6,10, 0.00000000000000E+0000, 0.00000000000000E+0000,Excluded
178,16,78,16,5,11, 0.00000000000000E+0000, 0.00000000000000E+0000,Excluded
178,16,79,16,2,14, 0.00000000000000E+0000, 0.00000000000000E+0000,Excluded
178,16,8,16,2,14, 0.00000000000000E+0000, 0.00000000000000E+0000,Excluded
178,16,84,16,4,12, 0.00000000000000E+0000, 0.00000000000000E+0000,Excluded
178,16,85,16,4,12, 0.00000000000000E+0000, 0.00000000000000E+0000,Excluded
178,16,86,16,3,13, 0.00000000000000E+0000, 0.00000000000000E+0000,Excluded
178,16,89,16,2,14, 0.00000000000000E+0000, 0.00000000000000E+0000,Excluded
178,16,94,16,3,13, 0.00000000000000E+0000, 0.00000000000000E+0000,Excluded
178,16,95,16,3,13, 0.00000000000000E+0000, 0.00000000000000E+0000,Excluded
178,16,96,16,3,13, 0.00000000000000E+0000, 0.00000000000000E+0000,Excluded
178,16,98,16,4,12, 0.00000000000000E+0000, 0.00000000000000E+0000,Excluded
18,16,186,16,5,11, 0.00000000000000E+0000, 0.00000000000000E+0000,Excluded
18,16,189,16,4,12, 0.00000000000000E+0000, 0.00000000000000E+0000,Excluded
18,16,19,16,3,13, 0.00000000000000E+0000, 0.00000000000000E+0000,Excluded
18,16,190,16,4,12, 0.00000000000000E+0000, 0.00000000000000E+0000,Excluded
18,16,191,16,5,11, 0.00000000000000E+0000, 0.00000000000000E+0000,Excluded
18,16,193,16,4,12, 0.00000000000000E+0000, 0.00000000000000E+0000,Excluded
18,16,204,16,5,11, 0.00000000000000E+0000, 0.00000000000000E+0000,Excluded
18,16,21,15,4,11, 0.00000000000000E+0000, 0.00000000000000E+0000,Excluded
18,16,211,16,3,13, 0.00000000000000E+0000, 0.00000000000000E+0000,Excluded
18,16,216,16,3,13, 0.00000000000000E+0000, 0.00000000000000E+0000,Excluded
18,16,222,16,2,14, 0.00000000000000E+0000, 0.00000000000000E+0000,Excluded
18,16,224,16,6,10, 0.00000000000000E+0000, 0.00000000000000E+0000,Excluded
18,16,226,16,4,12, 0.00000000000000E+0000, 0.00000000000000E+0000,Excluded
18,16,23,15,1,14, 0.00000000000000E+0000, 0.00000000000000E+0000,Excluded
18,16,230,16,3,13, 0.00000000000000E+0000, 0.00000000000000E+0000,Excluded
18,16,232,16,2,14, 0.00000000000000E+0000, 0.00000000000000E+0000,Excluded
18,16,238,16,2,14, 0.00000000000000E+0000, 0.00000000000000E+0000,Excluded
18,16,24,15,3,12, 0.00000000000000E+0000, 0.00000000000000E+0000,Excluded
18,16,242,16,1,15, 0.00000000000000E+0000, 0.00000000000000E+0000,Excluded
18,16,243,16,4,12, 0.00000000000000E+0000, 0.00000000000000E+0000,Excluded
18,16,244,16,5,11, 0.00000000000000E+0000, 0.00000000000000E+0000,Excluded
18,16,25,15,1,14, 0.00000000000000E+0000, 0.00000000000000E+0000,Excluded
18,16,251,16,5,11, 0.00000000000000E+0000, 0.00000000000000E+0000,Excluded
18,16,26,16,4,12, 0.00000000000000E+0000, 0.00000000000000E+0000,Excluded
18,16,266,16,0,16, 0.00000000000000E+0000, 0.00000000000000E+0000,Excluded
18,16,267,16,2,14, 0.00000000000000E+0000, 0.00000000000000E+0000,Excluded
18,16,268,16,2,14, 0.00000000000000E+0000, 0.00000000000000E+0000,Excluded
18,16,270,16,4,12, 0.00000000000000E+0000, 0.00000000000000E+0000,Excluded
18,16,276,16,3,13, 0.00000000000000E+0000, 0.00000000000000E+0000,Excluded
18,16,28,16,3,13, 0.00000000000000E+0000, 0.00000000000000E+0000,Excluded
18,16,29,16,4,12, 0.00000000000000E+0000, 0.00000000000000E+0000,Excluded
18,16,298,15,2,13, 0.00000000000000E+0000, 0.00000000000000E+0000,Excluded
18,16,3,16,5,11, 0.00000000000000E+0000, 0.00000000000000E+0000,Excluded
18,16,30,16,4,12, 0.00000000000000E+0000, 0.00000000000000E+0000,Excluded
18,16,306,16,1,15, 0.00000000000000E+0000, 0.00000000000000E+0000,Excluded
18,16,308,16,6,10, 0.00000000000000E+0000, 0.00000000000000E+0000,Excluded
18,16,311,15,3,12, 0.00000000000000E+0000, 0.00000000000000E+0000,Excluded
18,16,323,16,6,10, 0.00000000000000E+0000, 0.00000000000000E+0000,Excluded
18,16,327,16,4,12, 0.00000000000000E+0000, 0.00000000000000E+0000,Excluded
18,16,33,16,2,14, 0.00000000000000E+0000, 0.00000000000000E+0000,Excluded
18,16,334,16,2,14, 0.00000000000000E+0000, 0.00000000000000E+0000,Excluded
18,16,338,16,3,13, 0.00000000000000E+0000, 0.00000000000000E+0000,Excluded
18,16,341,16,5,11, 0.00000000000000E+0000, 0.00000000000000E+0000,Excluded
18,16,346,16,2,14, 0.00000000000000E+0000, 0.00000000000000E+0000,Excluded
18,16,348,16,2,14, 0.00000000000000E+0000, 0.00000000000000E+0000,Excluded
18,16,351,16,4,12, 0.00000000000000E+0000, 0.00000000000000E+0000,Excluded
18,16,362,16,4,12, 0.00000000000000E+0000, 0.00000000000000E+0000,Excluded
18,16,364,16,4,12, 0.00000000000000E+0000, 0.00000000000000E+0000,Excluded
18,16,366,16,2,14, 0.00000000000000E+0000, 0.00000000000000E+0000,Excluded
18,16,37,16,4,12, 0.00000000000000E+0000, 0.00000000000000E+0000,Excluded
18,16,376,16,3,13, 0.00000000000000E+0000, 0.00000000000000E+0000,Excluded
18,16,377,15,5,10, 0.00000000000000E+0000, 0.00000000000000E+0000,Excluded
18,16,378,16,4,12, 0.00000000000000E+0000, 0.00000000000000E+0000,Excluded
18,16,38,16,3,13, 0.00000000000000E+0000, 0.00000000000000E+0000,Excluded
18,16,388,16,1,15, 0.00000000000000E+0000, 0.00000000000000E+0000,Excluded
18,16,391,16,2,14, 0.00000000000000E+0000, 0.00000000000000E+0000,Excluded
18,16,396,13,1,12, 0.00000000000000E+0000, 0.00000000000000E+0000,Excluded
18,16,4,16,3,13, 0.00000000000000E+0000, 0.00000000000000E+0000,Excluded
18,16,400,13,1,12, 0.00000000000000E+0000, 0.00000000000000E+0000,Excluded
18,16,401,16,2,14, 0.00000000000000E+0000, 0.00000000000000E+0000,Excluded
18,16,406,16,2,14, 0.00000000000000E+0000, 0.00000000000000E+0000,Excluded
18,16,412,15,2,13, 0.00000000000000E+0000, 0.00000000000000E+0000,Excluded
18,16,413,16,4,12, 0.00000000000000E+0000, 0.00000000000000E+0000,Excluded
18,16,421,16,4,12, 0.00000000000000E+0000, 0.00000000000000E+0000,Excluded
18,16,423,16,4,12, 0.00000000000000E+0000, 0.00000000000000E+0000,Excluded
18,16,424,16,2,14, 0.00000000000000E+0000, 0.00000000000000E+0000,Excluded
18,16,426,16,4,12, 0.00000000000000E+0000, 0.00000000000000E+0000,Excluded
18,16,43,16,3,13, 0.00000000000000E+0000, 0.00000000000000E+0000,Excluded
18,16,430,14,3,11, 0.00000000000000E+0000, 0.00000000000000E+0000,Excluded
18,16,435,16,2,14, 0.00000000000000E+0000, 0.00000000000000E+0000,Excluded
18,16,44,16,4,12, 0.00000000000000E+0000, 0.00000000000000E+0000,Excluded
18,16,461,16,6,10, 0.00000000000000E+0000, 0.00000000000000E+0000,Excluded
18,16,476,16,3,13, 0.00000000000000E+0000, 0.00000000000000E+0000,Excluded
18,16,478,16,5,11, 0.00000000000000E+0000, 0.00000000000000E+0000,Excluded
18,16,48,16,14,2, 0.00000000000000E+0000, 0.00000000000000E+0000,Fuzzy match
18,16,484,16,1,15, 0.00000000000000E+0000, 0.00000000000000E+0000,Excluded
18,16,489,16,4,12, 0.00000000000000E+0000, 0.00000000000000E+0000,Excluded
18,16,492,13,1,12, 0.00000000000000E+0000, 0.00000000000000E+0000,Excluded
18,16,493,16,5,11, 0.00000000000000E+0000, 0.00000000000000E+0000,Excluded
18,16,494,16,4,12, 0.00000000000000E+0000, 0.00000000000000E+0000,Excluded
18,16,500,16,3,13, 0.00000000000000E+0000, 0.00000000000000E+0000,Excluded
18,16,504,16,2,14, 0.00000000000000E+0000, 0.00000000000000E+0000,Excluded
18,16,506,16,3,13, 0.00000000000000E+0000, 0.00000000000000E+0000,Excluded
18,16,52,16,3,13, 0.00000000000000E+0000, 0.00000000000000E+0000,Excluded
18,16,55,16,2,14, 0.00000000000000E+0000, 0.00000000000000E+0000,Excluded
18,16,57,16,6,10, 0.00000000000000E+0000, 0.00000000000000E+0000,Excluded
18,16,59,16,4,12, 0.00000000000000E+0000, 0.00000000000000E+0000,Excluded
18,16,6,16,3,13, 0.00000000000000E+0000, 0.00000000000000E+0000,Excluded
18,16,60,16,2,14, 0.00000000000000E+0000, 0.00000000000000E+0000,Excluded
18,16,61,16,3,13, 0.00000000000000E+0000, 0.00000000000000E+0000,Excluded
18,16,62,16,2,14, 0.00000000000000E+0000, 0.00000000000000E+0000,Excluded
18,16,65,16,3,13, 0.00000000000000E+0000, 0.00000000000000E+0000,Excluded
18,16,73,16,2,14, 0.00000000000000E+0000, 0.00000000000000E+0000,Excluded
18,16,75,16,3,13, 0.00000000000000E+0000, 0.00000000000000E+0000,Excluded
18,16,76,16,2,14, 0.00000000000000E+0000, 0.00000000000000E+0000,Excluded
18,16,77,16,2,14, 0.00000000000000E+0000, 0.00000000000000E+0000,Excluded
18,16,78,16,2,14, 0.00000000000000E+0000, 0.00000000000000E+0000,Excluded
18,16,79,16,1,15, 0.00000000000000E+0000, 0.00000000000000E+0000,Excluded
18,16,8,16,4,12, 0.00000000000000E+0000, 0.00000000000000E+0000,Excluded
18,16,84,16,4,12, 0.00000000000000E+0000, 0.00000000000000E+0000,Excluded
18,16,85,16,5,11, 0.00000000000000E+0000, 0.00000000000000E+0000,Excluded
18,16,86,16,4,12, 0.00000000000000E+0000, 0.00000000000000E+0000,Excluded
18,16,89,16,5,11, 0.00000000000000E+0000, 0.00000000000000E+0000,Excluded
18,16,94,16,6,10, 0.00000000000000E+0000, 0.00000000000000E+0000,Excluded
18,16,95,16,6,10, 0.00000000000000E+0000, 0.00000000000000E+0000,Excluded
18,16,96,16,4,12, 0.00000000000000E+0000, 0.00000000000000E+0000,Excluded
18,16,98,16,2,14, 0.00000000000000E+0000, 0.00000000000000E+0000,Excluded
186,16,189,16,4,12, 0.00000000000000E+0000, 0.00000000000000E+0000,Excluded
186,16,19,16,5,11, 0.00000000000000E+0000, 0.00000000000000E+0000,Excluded
186,16,190,16,5,11, 0.00000000000000E+0000, 0.00000000000000E+0000,Excluded
186,16,191,16,6,10, 0.00000000000000E+0000, 0.00000000000000E+0000,Excluded
186,16,193,16,4,12, 0.00000000000000E+0000, 0.00000000000000E+0000,Excluded
186,16,204,16,5,11, 0.00000000000000E+0000, 0.00000000000000E+0000,Excluded
186,16,21,15,10,5, 0.00000000000000E+0000, 0.00000000000000E+0000,Excluded
186,16,211,16,4,12, 0.00000000000000E+0000, 0.00000000000000E+0000,Excluded
186,16,216,16,2,14, 0.00000000000000E+0000, 0.00000000000000E+0000,Excluded
186,16,222,16,1,15, 0.00000000000000E+0000, 0.00000000000000E+0000,Excluded
186,16,224,16,7,9, 0.00000000000000E+0000, 0.00000000000000E+0000,Excluded
186,16,226,16,4,12, 0.00000000000000E+0000, 0.00000000000000E+0000,Excluded
186,16,23,15,3,12, 0.00000000000000E+0000, 0.00000000000000E+0000,Excluded
186,16,230,16,6,10, 0.00000000000000E+0000, 0.00000000000000E+0000,Excluded
186,16,232,16,3,13, 0.00000000000000E+0000, 0.00000000000000E+0000,Excluded
186,16,238,16,0,16, 0.00000000000000E+0000, 0.00000000000000E+0000,Excluded
186,16,24,15,1,14, 0.00000000000000E+0000, 0.00000000000000E+0000,Excluded
186,16,242,16,1,15, 0.00000000000000E+0000, 0.00000000000000E+0000,Excluded
186,16,243,16,5,11, 0.00000000000000E+0000, 0.00000000000000E+0000,Excluded
186,16,244,16,4,12, 0.00000000000000E+0000, 0.00000000000000E+0000,Excluded
186,16,25,15,4,11, 0.00000000000000E+0000, 0.00000000000000E+0000,Excluded
186,16,251,16,3,13, 0.00000000000000E+0000, 0.00000000000000E+0000,Excluded
186,16,26,16,5,11, 0.00000000000000E+0000, 0.00000000000000E+0000,Excluded
186,16,266,16,2,14, 0.00000000000000E+0000, 0.00000000000000E+0000,Excluded
186,16,267,16,2,14, 0.00000000000000E+0000, 0.00000000000000E+0000,Excluded
186,16,268,16,5,11, 0.00000000000000E+0000, 0.00000000000000E+0000,Excluded
186,16,270,16,3,13, 0.00000000000000E+0000, 0.00000000000000E+0000,Excluded
186,16,276,16,5,11, 0.00000000000000E+0000, 0.00000000000000E+0000,Excluded
186,16,28,16,6,10, 0.00000000000000E+0000, 0.00000000000000E+0000,Excluded
186,16,29,16,7,9, 0.00000000000000E+0000, 0.00000000000000E+0000,Excluded
186,16,298,15,4,11, 0.00000000000000E+0000, 0.00000000000000E+0000,Excluded
186,16,3,16,7,9, 0.00000000000000E+0000, 0.00000000000000E+0000,Excluded
186,16,30,16,5,11, 0.00000000000000E+0000, 0.00000000000000E+0000,Excluded
186,16,306,16,4,12, 0.00000000000000E+0000, 0.00000000000000E+0000,Excluded
186,16,308,16,3,13, 0.00000000000000E+0000, 0.00000000000000E+0000,Excluded
186,16,311,15,2,13, 0.00000000000000E+0000, 0.00000000000000E+0000,Excluded
186,16,323,16,5,11, 0.00000000000000E+0000, 0.00000000000000E+0000,Excluded
186,16,327,16,4,12, 0.00000000000000E+0000, 0.00000000000000E+0000,Excluded
186,16,33,16,2,14, 0.00000000000000E+0000, 0.00000000000000E+0000,Excluded
186,16,334,16,1,15, 0.00000000000000E+0000, 0.00000000000000E+0000,Excluded
186,16,338,16,4,12, 0.00000000000000E+0000, 0.00000000000000E+0000,Excluded
186,16,341,16,7,9, 0.00000000000000E+0000, 0.00000000000000E+0000,Excluded
186,16,346,16,3,13, 0.00000000000000E+0000, 0.00000000000000E+0000,Excluded
186,16,348,16,3,13, 0.00000000000000E+0000, 0.00000000000000E+0000,Excluded
186,16,351,16,4,12, 0.00000000000000E+0000, 0.00000000000000E+0000,Excluded
186,16,362,16,6,10, 0.00000000000000E+0000, 0.00000000000000E+0000,Excluded
186,16,364,16,3,13, 0.00000000000000E+0000, 0.00000000000000E+0000,Excluded
186,16,366,16,4,12, 0.00000000000000E+0000, 0.00000000000000E+0000,Excluded
186,16,37,16,3,13, 0.00000000000000E+0000, 0.00000000000000E+0000,Excluded
186,16,376,16,9,7, 0.00000000000000E+0000, 0.00000000000000E+0000,Excluded
186,16,377,15,5,10, 0.00000000000000E+0000, 0.00000000000000E+0000,Excluded
186,16,378,16,8,8, 0.00000000000000E+0000, 0.00000000000000E+0000,Excluded
186,16,38,16,2,14, 0.00000000000000E+0000, 0.00000000000000E+0000,Excluded
186,16,388,16,4,12, 0.00000000000000E+0000, 0.00000000000000E+0000,Excluded
186,16,391,16,6,10, 0.00000000000000E+0000, 0.00000000000000E+0000,Excluded
186,16,396,13,4,9, 0.00000000000000E+0000, 0.00000000000000E+0000,Excluded
186,16,4,16,5,11, 0.00000000000000E+0000, 0.00000000000000E+0000,Excluded
186,16,400,13,2,11, 0.00000000000000E+0000, 0.00000000000000E+0000,Excluded
186,16,401,16,6,10, 0.00000000000000E+0000, 0.00000000000000E+0000,Excluded
186,16,406,16,5,11, 0.00000000000000E+0000, 0.00000000000000E+0000,Excluded
186,16,412,15,5,10, 0.00000000000000E+0000, 0.00000000000000E+0000,Excluded
186,16,413,16,2,14, 0.00000000000000E+0000, 0.00000000000000E+0000,Excluded
186,16,421,16,6,10, 0.00000000000000E+0000, 0.00000000000000E+0000,Excluded
186,16,423,16,3,13, 0.00000000000000E+0000, 0.00000000000000E+0000,Excluded
186,16,424,16,3,13, 0.00000000000000E+0000, 0.00000000000000E+0000,Excluded
186,16,426,16,3,13, 0.00000000000000E+0000, 0.00000000000000E+0000,Excluded
186,16,43,16,5,11, 0.00000000000000E+0000, 0.00000000000000E+0000,Excluded
186,16,430,14,3,11, 0.00000000000000E+0000, 0.00000000000000E+0000,Excluded
186,16,435,16,3,13, 0.00000000000000E+0000, 0.00000000000000E+0000,Excluded
186,16,44,16,6,10, 0.00000000000000E+0000, 0.00000000000000E+0000,Excluded
186,16,461,16,4,12, 0.00000000000000E+0000, 0.00000000000000E+0000,Excluded
186,16,476,16,6,10, 0.00000000000000E+0000, 0.00000000000000E+0000,Excluded
186,16,478,16,3,13, 0.00000000000000E+0000, 0.00000000000000E+0000,Excluded
186,16,48,16,5,11, 0.00000000000000E+0000, 0.00000000000000E+0000,Excluded
186,16,484,16,4,12, 0.00000000000000E+0000, 0.00000000000000E+0000,Excluded
186,16,489,16,4,12, 0.00000000000000E+0000, 0.00000000000000E+0000,Excluded
186,16,492,13,1,12, 0.00000000000000E+0000, 0.00000000000000E+0000,Excluded
186,16,493,16,2,14, 0.00000000000000E+0000, 0.00000000000000E+0000,Excluded
186,16,494,16,2,14, 0.00000000000000E+0000, 0.00000000000000E+0000,Excluded
186,16,500,16,4,12, 0.00000000000000E+0000, 0.00000000000000E+0000,Excluded
186,16,504,16,2,14, 0.00000000000000E+0000, 0.00000000000000E+0000,Excluded
186,16,506,16,3,13, 0.00000000000000E+0000, 0.00000000000000E+0000,Excluded
186,16,52,16,3,13, 0.00000000000000E+0000, 0.00000000000000E+0000,Excluded
186,16,55,16,6,10, 0.00000000000000E+0000, 0.00000000000000E+0000,Excluded
186,16,57,16,6,10, 0.00000000000000E+0000, 0.00000000000000E+0000,Excluded
186,16,59,16,4,12, 0.00000000000000E+0000, 0.00000000000000E+0000,Excluded
186,16,6,16,8,8, 0.00000000000000E+0000, 0.00000000000000E+0000,Excluded
186,16,60,16,4,12, 0.00000000000000E+0000, 0.00000000000000E+0000,Excluded
186,16,61,16,3,13, 0.00000000000000E+0000, 0.00000000000000E+0000,Excluded
186,16,62,16,5,11, 0.00000000000000E+0000, 0.00000000000000E+0000,Excluded
186,16,65,16,3,13, 0.00000000000000E+0000, 0.00000000000000E+0000,Excluded
186,16,73,16,2,14, 0.00000000000000E+0000, 0.00000000000000E+0000,Excluded
186,16,75,16,0,16, 0.00000000000000E+0000, 0.00000000000000E+0000,Excluded
186,16,76,16,5,11, 0.00000000000000E+0000, 0.00000000000000E+0000,Excluded
186,16,77,16,1,15, 0.00000000000000E+0000, 0.00000000000000E+0000,Excluded
186,16,78,16,2,14, 0.00000000000000E+0000, 0.00000000000000E+0000,Excluded
186,16,79,16,2,14, 0.00000000000000E+0000, 0.00000000000000E+0000,Excluded
186,16,8,16,5,11, 0.00000000000000E+0000, 0.00000000000000E+0000,Excluded
186,16,84,16,5,11, 0.00000000000000E+0000, 0.00000000000000E+0000,Excluded
186,16,85,16,4,12, 0.00000000000000E+0000, 0.00000000000000E+0000,Excluded
186,16,86,16,3,13, 0.00000000000000E+0000, 0.00000000000000E+0000,Excluded
186,16,89,16,3,13, 0.00000000000000E+0000, 0.00000000000000E+0000,Excluded
186,16,94,16,4,12, 0.00000000000000E+0000, 0.00000000000000E+0000,Excluded
186,16,95,16,5,11, 0.00000000000000E+0000, 0.00000000000000E+0000,Excluded
186,16,96,16,4,12, 0.00000000000000E+0000, 0.00000000000000E+0000,Excluded
186,16,98,16,5,11, 0.00000000000000E+0000, 0.00000000000000E+0000,Excluded
189,16,19,16,3,13, 0.00000000000000E+0000, 0.00000000000000E+0000,Excluded
189,16,190,16,5,11, 0.00000000000000E+0000, 0.00000000000000E+0000,Excluded
189,16,191,16,4,12, 0.00000000000000E+0000, 0.00000000000000E+0000,Excluded
189,16,193,16,4,12, 0.00000000000000E+0000, 0.00000000000000E+0000,Excluded
189,16,204,16,4,12, 0.00000000000000E+0000, 0.00000000000000E+0000,Excluded
189,16,21,15,2,13, 0.00000000000000E+0000, 0.00000000000000E+0000,Excluded
189,16,211,16,5,11, 0.00000000000000E+0000, 0.00000000000000E+0000,Excluded
189,16,216,16,3,13, 0.00000000000000E+0000, 0.00000000000000E+0000,Excluded
189,16,222,16,3,13, 0.00000000000000E+0000, 0.00000000000000E+0000,Excluded
189,16,224,16,8,8, 0.00000000000000E+0000, 0.00000000000000E+0000,Excluded
189,16,226,16,3,13, 0.00000000000000E+0000, 0.00000000000000E+0000,Excluded
189,16,23,15,1,14, 0.00000000000000E+0000, 0.00000000000000E+0000,Excluded
189,16,230,16,4,12, 0.00000000000000E+0000, 0.00000000000000E+0000,Excluded
189,16,232,16,4,12, 0.00000000000000E+0000, 0.00000000000000E+0000,Excluded
189,16,238,16,4,12, 0.00000000000000E+0000, 0.00000000000000E+0000,Excluded
189,16,24,15,2,13, 0.00000000000000E+0000, 0.00000000000000E+0000,Excluded
189,16,242,16,2,14, 0.00000000000000E+0000, 0.00000000000000E+0000,Excluded
189,16,243,16,1,15, 0.00000000000000E+0000, 0.00000000000000E+0000,Excluded
189,16,244,16,2,14, 0.00000000000000E+0000, 0.00000000000000E+0000,Excluded
189,16,25,15,3,12, 0.00000000000000E+0000, 0.00000000000000E+0000,Excluded
189,16,251,16,4,12, 0.00000000000000E+0000, 0.00000000000000E+0000,Excluded
189,16,26,16,5,11, 0.00000000000000E+0000, 0.00000000000000E+0000,Excluded
189,16,266,16,1,15, 0.00000000000000E+0000, 0.00000000000000E+0000,Excluded
189,16,267,16,5,11, 0.00000000000000E+0000, 0.00000000000000E+0000,Excluded
189,16,268,16,4,12, 0.00000000000000E+0000, 0.00000000000000E+0000,Excluded
189,16,270,16,6,10, 0.00000000000000E+0000, 0.00000000000000E+0000,Excluded
189,16,276,16,4,12, 0.00000000000000E+0000, 0.00000000000000E+0000,Excluded
189,16,28,16,5,11, 0.00000000000000E+0000, 0.00000000000000E+0000,Excluded
189,16,29,16,5,11, 0.00000000000000E+0000, 0.00000000000000E+0000,Excluded
189,16,298,15,3,12, 0.00000000000000E+0000, 0.00000000000000E+0000,Excluded
189,16,3,16,4,12, 0.00000000000000E+0000, 0.00000000000000E+0000,Excluded
189,16,30,16,4,12, 0.00000000000000E+0000, 0.00000000000000E+0000,Excluded
189,16,306,16,3,13, 0.00000000000000E+0000, 0.00000000000000E+0000,Excluded
189,16,308,16,3,13, 0.00000000000000E+0000, 0.00000000000000E+0000,Excluded
189,16,311,15,1,14, 0.00000000000000E+0000, 0.00000000000000E+0000,Excluded
189,16,323,16,5,11, 0.00000000000000E+0000, 0.00000000000000E+0000,Excluded
189,16,327,16,5,11, 0.00000000000000E+0000, 0.00000000000000E+0000,Excluded
189,16,33,16,0,16, 0.00000000000000E+0000, 0.00000000000000E+0000,Excluded
189,16,334,16,2,14, 0.00000000000000E+0000, 0.00000000000000E+0000,Excluded
189,16,338,16,5,11, 0.00000000000000E+0000, 0.00000000000000E+0000,Excluded
189,16,341,16,5,11, 0.00000000000000E+0000, 0.00000000000000E+0000,Excluded
189,16,346,16,4,12, 0.00000000000000E+0000, 0.00000000000000E+0000,Excluded
189,16,348,16,4,12, 0.00000000000000E+0000, 0.00000000000000E+0000,Excluded
189,16,351,16,4,12, 0.00000000000000E+0000, 0.00000000000000E+0000,Excluded
189,16,362,16,4,12, 0.00000000000000E+0000, 0.00000000000000E+0000,Excluded
189,16,364,16,2,14, 0.00000000000000E+0000, 0.00000000000000E+0000,Excluded
189,16,366,16,3,13, 0.00000000000000E+0000, 0.00000000000000E+0000,Excluded
189,16,37,16,3,13, 0.00000000000000E+0000, 0.00000000000000E+0000,Excluded
189,16,376,16,2,14, 0.00000000000000E+0000, 0.00000000000000E+0000,Excluded
189,16,377,15,6,9, 0.00000000000000E+0000, 0.00000000000000E+0000,Excluded
189,16,378,16,4,12, 0.00000000000000E+0000, 0.00000000000000E+0000,Excluded
189,16,38,16,3,13, 0.00000000000000E+0000, 0.00000000000000E+0000,Excluded
189,16,388,16,3,13, 0.00000000000000E+0000, 0.00000000000000E+0000,Excluded
189,16,391,16,4,12, 0.00000000000000E+0000, 0.00000000000000E+0000,Excluded
189,16,396,13,4,9, 0.00000000000000E+0000, 0.00000000000000E+0000,Excluded
189,16,4,16,5,11, 0.00000000000000E+0000, 0.00000000000000E+0000,Excluded
189,16,400,13,4,9, 0.00000000000000E+0000, 0.00000000000000E+0000,Excluded
189,16,401,16,3,13, 0.00000000000000E+0000, 0.00000000000000E+0000,Excluded
189,16,406,16,4,12, 0.00000000000000E+0000, 0.00000000000000E+0000,Excluded
189,16,412,15,5,10, 0.00000000000000E+0000, 0.00000000000000E+0000,Excluded
189,16,413,16,4,12, 0.00000000000000E+0000, 0.00000000000000E+0000,Excluded
189,16,421,16,4,12, 0.00000000000000E+0000, 0.00000000000000E+0000,Excluded
189,16,423,16,6,10, 0.00000000000000E+0000, 0.00000000000000E+0000,Excluded
189,16,424,16,3,13, 0.00000000000000E+0000, 0.00000000000000E+0000,Excluded
189,16,426,16,4,12, 0.00000000000000E+0000, 0.00000000000000E+0000,Excluded
189,16,43,16,5,11, 0.00000000000000E+0000, 0.00000000000000E+0000,Excluded
189,16,430,14,5,9, 0.00000000000000E+0000, 0.00000000000000E+0000,Excluded
189,16,435,16,5,11, 0.00000000000000E+0000, 0.00000000000000E+0000,Excluded
189,16,44,16,6,10, 0.00000000000000E+0000, 0.00000000000000E+0000,Excluded
189,16,461,16,3,13, 0.00000000000000E+0000, 0.00000000000000E+0000,Excluded
189,16,476,16,2,14, 0.00000000000000E+0000, 0.00000000000000E+0000,Excluded
189,16,478,16,5,11, 0.00000000000000E+0000, 0.00000000000000E+0000,Excluded
189,16,48,16,4,12, 0.00000000000000E+0000, 0.00000000000000E+0000,Excluded
189,16,484,16,3,13, 0.00000000000000E+0000, 0.00000000000000E+0000,Excluded
189,16,489,16,5,11, 0.00000000000000E+0000, 0.00000000000000E+0000,Excluded
189,16,492,13,2,11, 0.00000000000000E+0000, 0.00000000000000E+0000,Excluded
189,16,493,16,4,12, 0.00000000000000E+0000, 0.00000000000000E+0000,Excluded
189,16,494,16,5,11, 0.00000000000000E+0000, 0.00000000000000E+0000,Excluded
189,16,500,16,4,12, 0.00000000000000E+0000, 0.00000000000000E+0000,Excluded
189,16,504,16,3,13, 0.00000000000000E+0000, 0.00000000000000E+0000,Excluded
189,16,506,16,3,13, 0.00000000000000E+0000, 0.00000000000000E+0000,Excluded
189,16,52,16,3,13, 0.00000000000000E+0000, 0.00000000000000E+0000,Excluded
189,16,55,16,5,11, 0.00000000000000E+0000, 0.00000000000000E+0000,Excluded
189,16,57,16,4,12, 0.00000000000000E+0000, 0.00000000000000E+0000,Excluded
189,16,59,16,3,13, 0.00000000000000E+0000, 0.00000000000000E+0000,Excluded
189,16,6,16,3,13, 0.00000000000000E+0000, 0.00000000000000E+0000,Excluded
189,16,60,16,2,14, 0.00000000000000E+0000, 0.00000000000000E+0000,Excluded
189,16,61,16,5,11, 0.00000000000000E+0000, 0.00000000000000E+0000,Excluded
189,16,62,16,4,12, 0.00000000000000E+0000, 0.00000000000000E+0000,Excluded
189,16,65,16,5,11, 0.00000000000000E+0000, 0.00000000000000E+0000,Excluded
189,16,73,16,1,15, 0.00000000000000E+0000, 0.00000000000000E+0000,Excluded
189,16,75,16,2,14, 0.00000000000000E+0000, 0.00000000000000E+0000,Excluded
189,16,76,16,3,13, 0.00000000000000E+0000, 0.00000000000000E+0000,Excluded
189,16,77,16,2,14, 0.00000000000000E+0000, 0.00000000000000E+0000,Excluded
189,16,78,16,3,13, 0.00000000000000E+0000, 0.00000000000000E+0000,Excluded
189,16,79,16,2,14, 0.00000000000000E+0000, 0.00000000000000E+0000,Excluded
189,16,8,16,4,12, 0.00000000000000E+0000, 0.00000000000000E+0000,Excluded
189,16,84,16,4,12, 0.00000000000000E+0000, 0.00000000000000E+0000,Excluded
189,16,85,16,9,7, 0.00000000000000E+0000, 0.00000000000000E+0000,Excluded
189,16,86,16,6,10, 0.00000000000000E+0000, 0.00000000000000E+0000,Excluded
189,16,89,16,2,14, 0.00000000000000E+0000, 0.00000000000000E+0000,Excluded
189,16,94,16,5,11, 0.00000000000000E+0000, 0.00000000000000E+0000,Excluded
189,16,95,16,5,11, 0.00000000000000E+0000, 0.00000000000000E+0000,Excluded
189,16,96,16,6,10, 0.00000000000000E+0000, 0.00000000000000E+0000,Excluded
189,16,98,16,3,13, 0.00000000000000E+0000, 0.00000000000000E+0000,Excluded
19,16,190,16,4,12, 0.00000000000000E+0000, 0.00000000000000E+0000,Excluded
19,16,191,16,5,11, 0.00000000000000E+0000, 0.00000000000000E+0000,Excluded
19,16,193,16,5,11, 0.00000000000000E+0000, 0.00000000000000E+0000,Excluded
19,16,204,16,6,10, 0.00000000000000E+0000, 0.00000000000000E+0000,Excluded
19,16,21,15,6,9, 0.00000000000000E+0000, 0.00000000000000E+0000,Excluded
19,16,211,16,2,14, 0.00000000000000E+0000, 0.00000000000000E+0000,Excluded
19,16,216,16,2,14, 0.00000000000000E+0000, 0.00000000000000E+0000,Excluded
19,16,222,16,3,13, 0.00000000000000E+0000, 0.00000000000000E+0000,Excluded
19,16,224,16,4,12, 0.00000000000000E+0000, 0.00000000000000E+0000,Excluded
19,16,226,16,5,11, 0.00000000000000E+0000, 0.00000000000000E+0000,Excluded
19,16,23,15,3,12, 0.00000000000000E+0000, 0.00000000000000E+0000,Excluded
19,16,230,16,6,10, 0.00000000000000E+0000, 0.00000000000000E+0000,Excluded
19,16,232,16,6,10, 0.00000000000000E+0000, 0.00000000000000E+0000,Excluded
19,16,238,16,2,14, 0.00000000000000E+0000, 0.00000000000000E+0000,Excluded
19,16,24,15,1,14, 0.00000000000000E+0000, 0.00000000000000E+0000,Excluded
19,16,242,16,2,14, 0.00000000000000E+0000, 0.00000000000000E+0000,Excluded
19,16,243,16,4,12, 0.00000000000000E+0000, 0.00000000000000E+0000,Excluded
19,16,244,16,5,11, 0.00000000000000E+0000, 0.00000000000000E+0000,Excluded
19,16,25,15,2,13, 0.00000000000000E+0000, 0.00000000000000E+0000,Excluded
19,16,251,16,3,13, 0.00000000000000E+0000, 0.00000000000000E+0000,Excluded
19,16,26,16,5,11, 0.00000000000000E+0000, 0.00000000000000E+0000,Excluded
19,16,266,16,4,12, 0.00000000000000E+0000, 0.00000000000000E+0000,Excluded
19,16,267,16,3,13, 0.00000000000000E+0000, 0.00000000000000E+0000,Excluded
19,16,268,16,3,13, 0.00000000000000E+0000, 0.00000000000000E+0000,Excluded
19,16,270,16,5,11, 0.00000000000000E+0000, 0.00000000000000E+0000,Excluded
19,16,276,16,8,8, 0.00000000000000E+0000, 0.00000000000000E+0000,Excluded
19,16,28,16,4,12, 0.00000000000000E+0000, 0.00000000000000E+0000,Excluded
19,16,29,16,4,12, 0.00000000000000E+0000, 0.00000000000000E+0000,Excluded
19,16,298,15,1,14, 0.00000000000000E+0000, 0.00000000000000E+0000,Excluded
19,16,3,16,6,10, 0.00000000000000E+0000, 0.00000000000000E+0000,Excluded
19,16,30,16,5,11, 0.00000000000000E+0000, 0.00000000000000E+0000,Excluded
19,16,306,16,2,14, 0.00000000000000E+0000, 0.00000000000000E+0000,Excluded
19,16,308,16,2,14, 0.00000000000000E+0000, 0.00000000000000E+0000,Excluded
19,16,311,15,6,9, 0.00000000000000E+0000, 0.00000000000000E+0000,Excluded
19,16,323,16,5,11, 0.00000000000000E+0000, 0.00000000000000E+0000,Excluded
19,16,327,16,4,12, 0.00000000000000E+0000, 0.00000000000000E+0000,Excluded
19,16,33,16,5,11, 0.00000000000000E+0000, 0.00000000000000E+0000,Excluded
19,16,334,16,3,13, 0.00000000000000E+0000, 0.00000000000000E+0000,Excluded
19,16,338,16,5,11, 0.00000000000000E+0000, 0.00000000000000E+0000,Excluded
19,16,341,16,5,11, 0.00000000000000E+0000, 0.00000000000000E+0000,Excluded
19,16,346,16,6,10, 0.00000000000000E+0000, 0.00000000000000E+0000,Excluded
19,16,348,16,6,10, 0.00000000000000E+0000, 0.00000000000000E+0000,Excluded
19,16,351,16,4,12, 0.00000000000000E+0000, 0.00000000000000E+0000,Excluded
19,16,362,16,7,9, 0.00000000000000E+0000, 0.00000000000000E+0000,Excluded
19,16,364,16,4,12, 0.00000000000000E+0000, 0.00000000000000E+0000,Excluded
19,16,366,16,5,11, 0.00000000000000E+0000, 0.00000000000000E+0000,Excluded
19,16,37,16,5,11, 0.00000000000000E+0000, 0.00000000000000E+0000,Excluded
19,16,376,16,6,10, 0.00000000000000E+0000, 0.00000000000000E+0000,Excluded
19,16,377,15,2,13, 0.00000000000000E+0000, 0.00000000000000E+0000,Excluded
19,16,378,16,4,12, 0.00000000000000E+0000, 0.00000000000000E+0000,Excluded
19,16,38,16,3,13, 0.00000000000000E+0000, 0.00000000000000E+0000,Excluded
19,16,388,16,4,12, 0.00000000000000E+0000, 0.00000000000000E+0000,Excluded
19,16,391,16,1,15, 0.00000000000000E+0000, 0.00000000000000E+0000,Excluded
19,16,396,13,4,9, 0.00000000000000E+0000, 0.00000000000000E+0000,Excluded
19,16,4,16,5,11, 0.00000000000000E+0000, 0.00000000000000E+0000,Excluded
19,16,400,13,2,11, 0.00000000000000E+0000, 0.00000000000000E+0000,Excluded
19,16,401,16,6,10, 0.00000000000000E+0000, 0.00000000000000E+0000,Excluded
19,16,406,16,5,11, 0.00000000000000E+0000, 0.00000000000000E+0000,Excluded
19,16,412,15,6,9, 0.00000000000000E+0000, 0.00000000000000E+0000,Excluded
19,16,413,16,3,13, 0.00000000000000E+0000, 0.00000000000000E+0000,Excluded
19,16,421,16,5,11, 0.00000000000000E+0000, 0.00000000000000E+0000,Excluded
19,16,423,16,3,13, 0.00000000000000E+0000, 0.00000000000000E+0000,Excluded
19,16,424,16,5,11, 0.00000000000000E+0000, 0.00000000000000E+0000,Excluded
19,16,426,16,4,12, 0.00000000000000E+0000, 0.00000000000000E+0000,Excluded
19,16,43,16,3,13, 0.00000000000000E+0000, 0.00000000000000E+0000,Excluded
19,16,430,14,5,9, 0.00000000000000E+0000, 0.00000000000000E+0000,Excluded
19,16,435,16,4,12, 0.00000000000000E+0000, 0.00000000000000E+0000,Excluded
19,16,44,16,3,13, 0.00000000000000E+0000, 0.00000000000000E+0000,Excluded
19,16,461,16,3,13, 0.00000000000000E+0000, 0.00000000000000E+0000,Excluded
19,16,476,16,6,10, 0.00000000000000E+0000, 0.00000000000000E+0000,Excluded
19,16,478,16,5,11, 0.00000000000000E+0000, 0.00000000000000E+0000,Excluded
19,16,48,16,4,12, 0.00000000000000E+0000, 0.00000000000000E+0000,Excluded
19,16,484,16,0,16, 0.00000000000000E+0000, 0.00000000000000E+0000,Excluded
19,16,489,16,5,11, 0.00000000000000E+0000, 0.00000000000000E+0000,Excluded
19,16,492,13,1,12, 0.00000000000000E+0000, 0.00000000000000E+0000,Excluded
19,16,493,16,1,15, 0.00000000000000E+0000, 0.00000000000000E+0000,Excluded
19,16,494,16,3,13, 0.00000000000000E+0000, 0.00000000000000E+0000,Excluded
19,16,500,16,6,10, 0.00000000000000E+0000, 0.00000000000000E+0000,Excluded
19,16,504,16,3,13, 0.00000000000000E+0000, 0.00000000000000E+0000,Excluded
19,16,506,16,3,13, 0.00000000000000E+0000, 0.00000000000000E+0000,Excluded
19,16,52,16,2,14, 0.00000000000000E+0000, 0.00000000000000E+0000,Excluded
19,16,55,16,4,12, 0.00000000000000E+0000, 0.00000000000000E+0000,Excluded
19,16,57,16,6,10, 0.00000000000000E+0000, 0.00000000000000E+0000,Excluded
19,16,59,16,5,11, 0.00000000000000E+0000, 0.00000000000000E+0000,Excluded
19,16,6,16,6,10, 0.00000000000000E+0000, 0.00000000000000E+0000,Excluded
19,16,60,16,3,13, 0.00000000000000E+0000, 0.00000000000000E+0000,Excluded
19,16,61,16,6,10, 0.00000000000000E+0000, 0.00000000000000E+0000,Excluded
19,16,62,16,2,14, 0.00000000000000E+0000, 0.00000000000000E+0000,Excluded
19,16,65,16,1,15, 0.00000000000000E+0000, 0.00000000000000E+0000,Excluded
19,16,73,16,4,12, 0.00000000000000E+0000, 0.00000000000000E+0000,Excluded
19,16,75,16,3,13, 0.00000000000000E+0000, 0.00000000000000E+0000,Excluded
19,16,76,16,5,11, 0.00000000000000E+0000, 0.00000000000000E+0000,Excluded
19,16,77,16,6,10, 0.00000000000000E+0000, 0.00000000000000E+0000,Excluded
19,16,78,16,8,8, 0.00000000000000E+0000, 0.00000000000000E+0000,Excluded
19,16,79,16,5,11, 0.00000000000000E+0000, 0.00000000000000E+0000,Excluded
19,16,8,16,5,11, 0.00000000000000E+0000, 0.00000000000000E+0000,Excluded
19,16,84,16,4,12, 0.00000000000000E+0000, 0.00000000000000E+0000,Excluded
19,16,85,16,2,14, 0.00000000000000E+0000, 0.00000000000000E+0000,Excluded
19,16,86,16,4,12, 0.00000000000000E+0000, 0.00000000000000E+0000,Excluded
19,16,89,16,6,10, 0.00000000000000E+0000, 0.00000000000000E+0000,Excluded
19,16,94,16,6,10, 0.00000000000000E+0000, 0.00000000000000E+0000,Excluded
19,16,95,16,6,10, 0.00000000000000E+0000, 0.00000000000000E+0000,Excluded
19,16,96,16,5,11, 0.00000000000000E+0000, 0.00000000000000E+0000,Excluded
19,16,98,16,3,13, 0.00000000000000E+0000, 0.00000000000000E+0000,Excluded
190,16,191,16,4,12, 0.00000000000000E+0000, 0.00000000000000E+0000,Excluded
190,16,193,16,5,11, 0.00000000000000E+0000, 0.00000000000000E+0000,Excluded
190,16,204,16,7,9, 0.00000000000000E+0000, 0.00000000000000E+0000,Excluded
190,16,21,15,4,11, 0.00000000000000E+0000, 0.00000000000000E+0000,Excluded
190,16,211,16,6,10, 0.00000000000000E+0000, 0.00000000000000E+0000,Excluded
190,16,216,16,4,12, 0.00000000000000E+0000, 0.00000000000000E+0000,Excluded
190,16,222,16,3,13, 0.00000000000000E+0000, 0.00000000000000E+0000,Excluded
190,16,224,16,6,10, 0.00000000000000E+0000, 0.00000000000000E+0000,Excluded
190,16,226,16,3,13, 0.00000000000000E+0000, 0.00000000000000E+0000,Excluded
190,16,23,15,4,11, 0.00000000000000E+0000, 0.00000000000000E+0000,Excluded
190,16,230,16,4,12, 0.00000000000000E+0000, 0.00000000000000E+0000,Excluded
190,16,232,16,3,13, 0.00000000000000E+0000, 0.00000000000000E+0000,Excluded
190,16,238,16,2,14, 0.00000000000000E+0000, 0.00000000000000E+0000,Excluded
190,16,24,15,5,10, 0.00000000000000E+0000, 0.00000000000000E+0000,Excluded
190,16,242,16,3,13, 0.00000000000000E+0000, 0.00000000000000E+0000,Excluded
190,16,243,16,1,15, 0.00000000000000E+0000, 0.00000000000000E+0000,Excluded
190,16,244,16,2,14, 0.00000000000000E+0000, 0.00000000000000E+0000,Excluded
190,16,25,15,4,11, 0.00000000000000E+0000, 0.00000000000000E+0000,Excluded
190,16,251,16,5,11, 0.00000000000000E+0000, 0.00000000000000E+0000,Excluded
190,16,26,16,6,10, 0.00000000000000E+0000, 0.00000000000000E+0000,Excluded
190,16,266,16,3,13, 0.00000000000000E+0000, 0.00000000000000E+0000,Excluded
190,16,267,16,3,13, 0.00000000000000E+0000, 0.00000000000000E+0000,Excluded
190,16,268,16,4,12, 0.00000000000000E+0000, 0.00000000000000E+0000,Excluded
190,16,270,16,6,10, 0.00000000000000E+0000, 0.00000000000000E+0000,Excluded
190,16,276,16,6,10, 0.00000000000000E+0000, 0.00000000000000E+0000,Excluded
190,16,28,16,7,9, 0.00000000000000E+0000, 0.00000000000000E+0000,Excluded
190,16,29,16,7,9, 0.00000000000000E+0000, 0.00000000000000E+0000,Excluded
190,16,298,15,3,12, 0.00000000000000E+0000, 0.00000000000000E+0000,Excluded
190,16,3,16,5,11, 0.00000000000000E+0000, 0.00000000000000E+0000,Excluded
190,16,30,16,9,7, 0.00000000000000E+0000, 0.00000000000000E+0000,Excluded
190,16,306,16,3,13, 0.00000000000000E+0000, 0.00000000000000E+0000,Excluded
190,16,308,16,3,13, 0.00000000000000E+0000, 0.00000000000000E+0000,Excluded
190,16,311,15,3,12, 0.00000000000000E+0000, 0.00000000000000E+0000,Excluded
190,16,323,16,6,10, 0.00000000000000E+0000, 0.00000000000000E+0000,Excluded
190,16,327,16,11,5, 0.00000000000000E+0000, 0.00000000000000E+0000,Excluded
190,16,33,16,1,15, 0.00000000000000E+0000, 0.00000000000000E+0000,Excluded
190,16,334,16,2,14, 0.00000000000000E+0000, 0.00000000000000E+0000,Excluded
190,16,338,16,5,11, 0.00000000000000E+0000, 0.00000000000000E+0000,Excluded
190,16,341,16,7,9, 0.00000000000000E+0000, 0.00000000000000E+0000,Excluded
190,16,346,16,5,11, 0.00000000000000E+0000, 0.00000000000000E+0000,Excluded
190,16,348,16,2,14, 0.00000000000000E+0000, 0.00000000000000E+0000,Excluded
190,16,351,16,8,8, 0.00000000000000E+0000, 0.00000000000000E+0000,Excluded
190,16,362,16,7,9, 0.00000000000000E+0000, 0.00000000000000E+0000,Excluded
190,16,364,16,3,13, 0.00000000000000E+0000, 0.00000000000000E+0000,Excluded
190,16,366,16,3,13, 0.00000000000000E+0000, 0.00000000000000E+0000,Excluded
190,16,37,16,6,10, 0.00000000000000E+0000, 0.00000000000000E+0000,Excluded
190,16,376,16,6,10, 0.00000000000000E+0000, 0.00000000000000E+0000,Excluded
190,16,377,15,5,10, 0.00000000000000E+0000, 0.00000000000000E+0000,Excluded
190,16,378,16,6,10, 0.00000000000000E+0000, 0.00000000000000E+0000,Excluded
190,16,38,16,3,13, 0.00000000000000E+0000, 0.00000000000000E+0000,Excluded
190,16,388,16,2,14, 0.00000000000000E+0000, 0.00000000000000E+0000,Excluded
190,16,391,16,3,13, 0.00000000000000E+0000, 0.00000000000000E+0000,Excluded
190,16,396,13,6,7, 0.00000000000000E+0000, 0.00000000000000E+0000,Excluded
190,16,4,16,7,9, 0.00000000000000E+0000, 0.00000000000000E+0000,Excluded
190,16,400,13,3,10, 0.00000000000000E+0000, 0.00000000000000E+0000,Excluded
190,16,401,16,6,10, 0.00000000000000E+0000, 0.00000000000000E+0000,Excluded
190,16,406,16,5,11, 0.00000000000000E+0000, 0.00000000000000E+0000,Excluded
190,16,412,15,6,9, 0.00000000000000E+0000, 0.00000000000000E+0000,Excluded
190,16,413,16,3,13, 0.00000000000000E+0000, 0.00000000000000E+0000,Excluded
190,16,421,16,5,11, 0.00000000000000E+0000, 0.00000000000000E+0000,Excluded
190,16,423,16,6,10, 0.00000000000000E+0000, 0.00000000000000E+0000,Excluded
190,16,424,16,5,11, 0.00000000000000E+0000, 0.00000000000000E+0000,Excluded
190,16,426,16,4,12, 0.00000000000000E+0000, 0.00000000000000E+0000,Excluded
190,16,43,16,7,9, 0.00000000000000E+0000, 0.00000000000000E+0000,Excluded
190,16,430,14,7,7, 0.00000000000000E+0000, 0.00000000000000E+0000,Excluded
190,16,435,16,3,13, 0.00000000000000E+0000, 0.00000000000000E+0000,Excluded
190,16,44,16,6,10, 0.00000000000000E+0000, 0.00000000000000E+0000,Excluded
190,16,461,16,4,12, 0.00000000000000E+0000, 0.00000000000000E+0000,Excluded
190,16,476,16,3,13, 0.00000000000000E+0000, 0.00000000000000E+0000,Excluded
190,16,478,16,5,11, 0.00000000000000E+0000, 0.00000000000000E+0000,Excluded
190,16,48,16,4,12, 0.00000000000000E+0000, 0.00000000000000E+0000,Excluded
190,16,484,16,3,13, 0.00000000000000E+0000, 0.00000000000000E+0000,Excluded
190,16,489,16,7,9, 0.00000000000000E+0000, 0.00000000000000E+0000,Excluded
190,16,492,13,1,12, 0.00000000000000E+0000, 0.00000000000000E+0000,Excluded
190,16,493,16,3,13, 0.00000000000000E+0000, 0.00000000000000E+0000,Excluded
190,16,494,16,2,14, 0.00000000000000E+0000, 0.00000000000000E+0000,Excluded
190,16,500,16,3,13, 0.00000000000000E+0000, 0.00000000000000E+0000,Excluded
190,16,504,16,3,13, 0.00000000000000E+0000, 0.00000000000000E+0000,Excluded
190,16,506,16,5,11, 0.00000000000000E+0000, 0.00000000000000E+0000,Excluded
190,16,52,16,6,10, 0.00000000000000E+0000, 0.00000000000000E+0000,Excluded
190,16,55,16,7,9, 0.00000000000000E+0000, 0.00000000000000E+0000,Excluded
190,16,57,16,4,12, 0.00000000000000E+0000, 0.00000000000000E+0000,Excluded
190,16,59,16,4,12, 0.00000000000000E+0000, 0.00000000000000E+0000,Excluded
190,16,6,16,5,11, 0.00000000000000E+0000, 0.00000000000000E+0000,Excluded
190,16,60,16,4,12, 0.00000000000000E+0000, 0.00000000000000E+0000,Excluded
190,16,61,16,5,11, 0.00000000000000E+0000, 0.00000000000000E+0000,Excluded
190,16,62,16,5,11, 0.00000000000000E+0000, 0.00000000000000E+0000,Excluded
190,16,65,16,4,12, 0.00000000000000E+0000, 0.00000000000000E+0000,Excluded
190,16,73,16,4,12, 0.00000000000000E+0000, 0.00000000000000E+0000,Excluded
190,16,75,16,3,13, 0.00000000000000E+0000, 0.00000000000000E+0000,Excluded
190,16,76,16,4,12, 0.00000000000000E+0000, 0.00000000000000E+0000,Excluded
190,16,77,16,2,14, 0.00000000000000E+0000, 0.00000000000000E+0000,Excluded
190,16,78,16,3,13, 0.00000000000000E+0000, 0.00000000000000E+0000,Excluded
190,16,79,16,1,15, 0.00000000000000E+0000, 0.00000000000000E+0000,Excluded
190,16,8,16,5,11, 0.00000000000000E+0000, 0.00000000000000E+0000,Excluded
190,16,84,16,7,9, 0.00000000000000E+0000, 0.00000000000000E+0000,Excluded
190,16,85,16,5,11, 0.00000000000000E+0000, 0.00000000000000E+0000,Excluded
190,16,86,16,4,12, 0.00000000000000E+0000, 0.00000000000000E+0000,Excluded
190,16,89,16,4,12, 0.00000000000000E+0000, 0.00000000000000E+0000,Excluded
190,16,94,16,7,9, 0.00000000000000E+0000, 0.00000000000000E+0000,Excluded
190,16,95,16,4,12, 0.00000000000000E+0000, 0.00000000000000E+0000,Excluded
190,16,96,16,7,9, 0.00000000000000E+0000, 0.00000000000000E+0000,Excluded
190,16,98,16,4,12, 0.00000000000000E+0000, 0.00000000000000E+0000,Excluded
191,16,193,16,6,10, 0.00000000000000E+0000, 0.00000000000000E+0000,Excluded
191,16,204,16,6,10, 0.00000000000000E+0000, 0.00000000000000E+0000,Excluded
191,16,21,15,6,9, 0.00000000000000E+0000, 0.00000000000000E+0000,Excluded
191,16,211,16,2,14, 0.00000000000000E+0000, 0.00000000000000E+0000,Excluded
191,16,216,16,1,15, 0.00000000000000E+0000, 0.00000000000000E+0000,Excluded
191,16,222,16,2,14, 0.00000000000000E+0000, 0.00000000000000E+0000,Excluded
191,16,224,16,9,7, 0.00000000000000E+0000, 0.00000000000000E+0000,Excluded
191,16,226,16,4,12, 0.00000000000000E+0000, 0.00000000000000E+0000,Excluded
191,16,23,15,3,12, 0.00000000000000E+0000, 0.00000000000000E+0000,Excluded
191,16,230,16,6,10, 0.00000000000000E+0000, 0.00000000000000E+0000,Excluded
191,16,232,16,6,10, 0.00000000000000E+0000, 0.00000000000000E+0000,Excluded
191,16,238,16,2,14, 0.00000000000000E+0000, 0.00000000000000E+0000,Excluded
191,16,24,15,2,13, 0.00000000000000E+0000, 0.00000000000000E+0000,Excluded
191,16,242,16,0,16, 0.00000000000000E+0000, 0.00000000000000E+0000,Excluded
191,16,243,16,5,11, 0.00000000000000E+0000, 0.00000000000000E+0000,Excluded
191,16,244,16,4,12, 0.00000000000000E+0000, 0.00000000000000E+0000,Excluded
191,16,25,15,1,14, 0.00000000000000E+0000, 0.00000000000000E+0000,Excluded
191,16,251,16,4,12, 0.00000000000000E+0000, 0.00000000000000E+0000,Excluded
191,16,26,16,4,12, 0.00000000000000E+0000, 0.00000000000000E+0000,Excluded
191,16,266,16,2,14, 0.00000000000000E+0000, 0.00000000000000E+0000,Excluded
191,16,267,16,3,13, 0.00000000000000E+0000, 0.00000000000000E+0000,Excluded
191,16,268,16,2,14, 0.00000000000000E+0000, 0.00000000000000E+0000,Excluded
191,16,270,16,3,13, 0.00000000000000E+0000, 0.00000000000000E+0000,Excluded
191,16,276,16,6,10, 0.00000000000000E+0000, 0.00000000000000E+0000,Excluded
191,16,28,16,6,10, 0.00000000000000E+0000, 0.00000000000000E+0000,Excluded
191,16,29,16,5,11, 0.00000000000000E+0000, 0.00000000000000E+0000,Excluded
191,16,298,15,3,12, 0.00000000000000E+0000, 0.00000000000000E+0000,Excluded
191,16,3,16,6,10, 0.00000000000000E+0000, 0.00000000000000E+0000,Excluded
191,16,30,16,4,12, 0.00000000000000E+0000, 0.00000000000000E+0000,Excluded
191,16,306,16,2,14, 0.00000000000000E+0000, 0.00000000000000E+0000,Excluded
191,16,308,16,4,12, 0.00000000000000E+0000, 0.00000000000000E+0000,Excluded
191,16,311,15,4,11, 0.00000000000000E+0000, 0.00000000000000E+0000,Excluded
191,16,323,16,5,11, 0.00000000000000E+0000, 0.00000000000000E+0000,Excluded
191,16,327,16,4,12, 0.00000000000000E+0000, 0.00000000000000E+0000,Excluded
191,16,33,16,2,14, 0.00000000000000E+0000, 0.00000000000000E+0000,Excluded
191,16,334,16,2,14, 0.00000000000000E+0000, 0.00000000000000E+0000,Excluded
191,16,338,16,5,11, 0.00000000000000E+0000, 0.00000000000000E+0000,Excluded
191,16,341,16,3,13, 0.00000000000000E+0000, 0.00000000000000E+0000,Excluded
191,16,346,16,3,13, 0.00000000000000E+0000, 0.00000000000000E+0000,Excluded
191,16,348,16,5,11, 0.00000000000000E+0000, 0.00000000000000E+0000,Excluded
191,16,351,16,2,14, 0.00000000000000E+0000, 0.00000000000000E+0000,Excluded
191,16,362,16,5,11, 0.00000000000000E+0000, 0.00000000000000E+0000,Excluded
191,16,364,16,1,15, 0.00000000000000E+0000, 0.00000000000000E+0000,Excluded
191,16,366,16,3,13, 0.00000000000000E+0000, 0.00000000000000E+0000,Excluded
191,16,37,16,4,12, 0.00000000000000E+0000, 0.00000000000000E+0000,Excluded
191,16,376,16,6,10, 0.00000000000000E+0000, 0.00000000000000E+0000,Excluded
191,16,377,15,6,9, 0.00000000000000E+0000, 0.00000000000000E+0000,Excluded
191,16,378,16,7,9, 0.00000000000000E+0000, 0.00000000000000E+0000,Excluded
191,16,38,16,5,11, 0.00000000000000E+0000, 0.00000000000000E+0000,Excluded
191,16,388,16,5,11, 0.00000000000000E+0000, 0.00000000000000E+0000,Excluded
191,16,391,16,4,12, 0.00000000000000E+0000, 0.00000000000000E+0000,Excluded
191,16,396,13,2,11, 0.00000000000000E+0000, 0.00000000000000E+0000,Excluded
191,16,4,16,5,11, 0.00000000000000E+0000, 0.00000000000000E+0000,Excluded
191,16,400,13,3,10, 0.00000000000000E+0000, 0.00000000000000E+0000,Excluded
191,16,401,16,3,13, 0.00000000000000E+0000, 0.00000000000000E+0000,Excluded
191,16,406,16,3,13, 0.00000000000000E+0000, 0.00000000000000E+0000,Excluded
191,16,412,15,3,12, 0.00000000000000E+0000, 0.00000000000000E+0000,Excluded
191,16,413,16,5,11, 0.00000000000000E+0000, 0.00000000000000E+0000,Excluded
191,16,421,16,4,12, 0.00000000000000E+0000, 0.00000000000000E+0000,Excluded
191,16,423,16,2,14, 0.00000000000000E+0000, 0.00000000000000E+0000,Excluded
191,16,424,16,2,14, 0.00000000000000E+0000, 0.00000000000000E+0000,Excluded
191,16,426,16,4,12, 0.00000000000000E+0000, 0.00000000000000E+0000,Excluded
191,16,43,16,5,11, 0.00000000000000E+0000, 0.00000000000000E+0000,Excluded
191,16,430,14,4,10, 0.00000000000000E+0000, 0.00000000000000E+0000,Excluded
191,16,435,16,1,15, 0.00000000000000E+0000, 0.00000000000000E+0000,Excluded
191,16,44,16,5,11, 0.00000000000000E+0000, 0.00000000000000E+0000,Excluded
191,16,461,16,4,12, 0.00000000000000E+0000, 0.00000000000000E+0000,Excluded
191,16,476,16,6,10, 0.00000000000000E+0000, 0.00000000000000E+0000,Excluded
191,16,478,16,3,13, 0.00000000000000E+0000, 0.00000000000000E+0000,Excluded
191,16,48,16,4,12, 0.00000000000000E+0000, 0.00000000000000E+0000,Excluded
191,16,484,16,2,14, 0.00000000000000E+0000, 0.00000000000000E+0000,Excluded
191,16,489,16,3,13, 0.00000000000000E+0000, 0.00000000000000E+0000,Excluded
191,16,492,13,2,11, 0.00000000000000E+0000, 0.00000000000000E+0000,Excluded
191,16,493,16,2,14, 0.00000000000000E+0000, 0.00000000000000E+0000,Excluded
191,16,494,16,3,13, 0.00000000000000E+0000, 0.00000000000000E+0000,Excluded
191,16,500,16,4,12, 0.00000000000000E+0000, 0.00000000000000E+0000,Excluded
191,16,504,16,2,14, 0.00000000000000E+0000, 0.00000000000000E+0000,Excluded
191,16,506,16,3,13, 0.00000000000000E+0000, 0.00000000000000E+0000,Excluded
191,16,52,16,3,13, 0.00000000000000E+0000, 0.00000000000000E+0000,Excluded
191,16,55,16,6,10, 0.00000000000000E+0000, 0.00000000000000E+0000,Excluded
191,16,57,16,5,11, 0.00000000000000E+0000, 0.00000000000000E+0000,Excluded
191,16,59,16,4,12, 0.00000000000000E+0000, 0.00000000000000E+0000,Excluded
191,16,6,16,5,11, 0.00000000000000E+0000, 0.00000000000000E+0000,Excluded
191,16,60,16,4,12, 0.00000000000000E+0000, 0.00000000000000E+0000,Excluded
191,16,61,16,3,13, 0.00000000000000E+0000, 0.00000000000000E+0000,Excluded
191,16,62,16,5,11, 0.00000000000000E+0000, 0.00000000000000E+0000,Excluded
191,16,65,16,2,14, 0.00000000000000E+0000, 0.00000000000000E+0000,Excluded
191,16,73,16,3,13, 0.00000000000000E+0000, 0.00000000000000E+0000,Excluded
191,16,75,16,3,13, 0.00000000000000E+0000, 0.00000000000000E+0000,Excluded
191,16,76,16,3,13, 0.00000000000000E+0000, 0.00000000000000E+0000,Excluded
191,16,77,16,3,13, 0.00000000000000E+0000, 0.00000000000000E+0000,Excluded
191,16,78,16,4,12, 0.00000000000000E+0000, 0.00000000000000E+0000,Excluded
191,16,79,16,2,14, 0.00000000000000E+0000, 0.00000000000000E+0000,Excluded
191,16,8,16,5,11, 0.00000000000000E+0000, 0.00000000000000E+0000,Excluded
191,16,84,16,3,13, 0.00000000000000E+0000, 0.00000000000000E+0000,Excluded
191,16,85,16,4,12, 0.00000000000000E+0000, 0.00000000000000E+0000,Excluded
191,16,86,16,5,11, 0.00000000000000E+0000, 0.00000000000000E+0000,Excluded
191,16,89,16,3,13, 0.00000000000000E+0000, 0.00000000000000E+0000,Excluded
191,16,94,16,5,11, 0.00000000000000E+0000, 0.00000000000000E+0000,Excluded
191,16,95,16,3,13, 0.00000000000000E+0000, 0.00000000000000E+0000,Excluded
191,16,96,16,6,10, 0.00000000000000E+0000, 0.00000000000000E+0000,Excluded
191,16,98,16,3,13, 0.00000000000000E+0000, 0.00000000000000E+0000,Excluded
193,16,204,16,5,11, 0.00000000000000E+0000, 0.00000000000000E+0000,Excluded
193,16,21,15,5,10, 0.00000000000000E+0000, 0.00000000000000E+0000,Excluded
193,16,211,16,5,11, 0.00000000000000E+0000, 0.00000000000000E+0000,Excluded
193,16,216,16,3,13, 0.00000000000000E+0000, 0.00000000000000E+0000,Excluded
193,16,222,16,3,13, 0.00000000000000E+0000, 0.00000000000000E+0000,Excluded
193,16,224,16,4,12, 0.00000000000000E+0000, 0.00000000000000E+0000,Excluded
193,16,226,16,3,13, 0.00000000000000E+0000, 0.00000000000000E+0000,Excluded
193,16,23,15,3,12, 0.00000000000000E+0000, 0.00000000000000E+0000,Excluded
193,16,230,16,4,12, 0.00000000000000E+0000, 0.00000000000000E+0000,Excluded
193,16,232,16,6,10, 0.00000000000000E+0000, 0.00000000000000E+0000,Excluded
193,16,238,16,0,16, 0.00000000000000E+0000, 0.00000000000000E+0000,Excluded
193,16,24,15,5,10, 0.00000000000000E+0000, 0.00000000000000E+0000,Excluded
193,16,242,16,1,15, 0.00000000000000E+0000, 0.00000000000000E+0000,Excluded
193,16,243,16,3,13, 0.00000000000000E+0000, 0.00000000000000E+0000,Excluded
193,16,244,16,3,13, 0.00000000000000E+0000, 0.00000000000000E+0000,Excluded
193,16,25,15,3,12, 0.00000000000000E+0000, 0.00000000000000E+0000,Excluded
193,16,251,16,6,10, 0.00000000000000E+0000, 0.00000000000000E+0000,Excluded
193,16,26,16,4,12, 0.00000000000000E+0000, 0.00000000000000E+0000,Excluded
193,16,266,16,3,13, 0.00000000000000E+0000, 0.00000000000000E+0000,Excluded
193,16,267,16,5,11, 0.00000000000000E+0000, 0.00000000000000E+0000,Excluded
193,16,268,16,2,14, 0.00000000000000E+0000, 0.00000000000000E+0000,Excluded
193,16,270,16,5,11, 0.00000000000000E+0000, 0.00000000000000E+0000,Excluded
193,16,276,16,6,10, 0.00000000000000E+0000, 0.00000000000000E+0000,Excluded
193,16,28,16,5,11, 0.00000000000000E+0000, 0.00000000000000E+0000,Excluded
193,16,29,16,4,12, 0.00000000000000E+0000, 0.00000000000000E+0000,Excluded
193,16,298,15,3,12, 0.00000000000000E+0000, 0.00000000000000E+0000,Excluded
193,16,3,16,5,11, 0.00000000000000E+0000, 0.00000000000000E+0000,Excluded
193,16,30,16,4,12, 0.00000000000000E+0000, 0.00000000000000E+0000,Excluded
193,16,306,16,4,12, 0.00000000000000E+0000, 0.00000000000000E+0000,Excluded
193,16,308,16,4,12, 0.00000000000000E+0000, 0.00000000000000E+0000,Excluded
193,16,311,15,7,8, 0.00000000000000E+0000, 0.00000000000000E+0000,Excluded
193,16,323,16,5,11, 0.00000000000000E+0000, 0.00000000000000E+0000,Excluded
193,16,327,16,5,11, 0.00000000000000E+0000, 0.00000000000000E+0000,Excluded
193,16,33,16,4,12, 0.00000000000000E+0000, 0.00000000000000E+0000,Excluded
193,16,334,16,4,12, 0.00000000000000E+0000, 0.00000000000000E+0000,Excluded
193,16,338,16,6,10, 0.00000000000000E+0000, 0.00000000000000E+0000,Excluded
193,16,341,16,4,12, 0.00000000000000E+0000, 0.00000000000000E+0000,Excluded
193,16,346,16,3,13, 0.00000000000000E+0000, 0.00000000000000E+0000,Excluded
193,16,348,16,4,12, 0.00000000000000E+0000, 0.00000000000000E+0000,Excluded
193,16,351,16,5,11, 0.00000000000000E+0000, 0.00000000000000E+0000,Excluded
193,16,362,16,5,11, 0.00000000000000E+0000, 0.00000000000000E+0000,Excluded
193,16,364,16,4,12, 0.00000000000000E+0000, 0.00000000000000E+0000,Excluded
193,16,366,16,3,13, 0.00000000000000E+0000, 0.00000000000000E+0000,Excluded
193,16,37,16,5,11, 0.00000000000000E+0000, 0.00000000000000E+0000,Excluded
193,16,376,16,3,13, 0.00000000000000E+0000, 0.00000000000000E+0000,Excluded
193,16,377,15,6,9, 0.00000000000000E+0000, 0.00000000000000E+0000,Excluded
193,16,378,16,5,11, 0.00000000000000E+0000, 0.00000000000000E+0000,Excluded
193,16,38,16,3,13, 0.00000000000000E+0000, 0.00000000000000E+0000,Excluded
193,16,388,16,4,12, 0.00000000000000E+0000, 0.00000000000000E+0000,Excluded
193,16,391,16,5,11, 0.00000000000000E+0000, 0.00000000000000E+0000,Excluded
193,16,396,13,5,8, 0.00000000000000E+0000, 0.00000000000000E+0000,Excluded
193,16,4,16,3,13, 0.00000000000000E+0000, 0.00000000000000E+0000,Excluded
193,16,400,13,3,10, 0.00000000000000E+0000, 0.00000000000000E+0000,Excluded
193,16,401,16,3,13, 0.00000000000000E+0000, 0.00000000000000E+0000,Excluded
193,16,406,16,5,11, 0.00000000000000E+0000, 0.00000000000000E+0000,Excluded
193,16,412,15,5,10, 0.00000000000000E+0000, 0.00000000000000E+0000,Excluded
193,16,413,16,7,9, 0.00000000000000E+0000, 0.00000000000000E+0000,Excluded
193,16,421,16,6,10, 0.00000000000000E+0000, 0.00000000000000E+0000,Excluded
193,16,423,16,5,11, 0.00000000000000E+0000, 0.00000000000000E+0000,Excluded
193,16,424,16,7,9, 0.00000000000000E+0000, 0.00000000000000E+0000,Excluded
193,16,426,16,4,12, 0.00000000000000E+0000, 0.00000000000000E+0000,Excluded
193,16,43,16,3,13, 0.00000000000000E+0000, 0.00000000000000E+0000,Excluded
193,16,430,14,8,6, 0.00000000000000E+0000, 0.00000000000000E+0000,Excluded
193,16,435,16,5,11, 0.00000000000000E+0000, 0.00000000000000E+0000,Excluded
193,16,44,16,5,11, 0.00000000000000E+0000, 0.00000000000000E+0000,Excluded
193,16,461,16,6,10, 0.00000000000000E+0000, 0.00000000000000E+0000,Excluded
193,16,476,16,4,12, 0.00000000000000E+0000, 0.00000000000000E+0000,Excluded
193,16,478,16,5,11, 0.00000000000000E+0000, 0.00000000000000E+0000,Excluded
193,16,48,16,3,13, 0.00000000000000E+0000, 0.00000000000000E+0000,Excluded
193,16,484,16,2,14, 0.00000000000000E+0000, 0.00000000000000E+0000,Excluded
193,16,489,16,9,7, 0.00000000000000E+0000, 0.00000000000000E+0000,Excluded
193,16,492,13,3,10, 0.00000000000000E+0000, 0.00000000000000E+0000,Excluded
193,16,493,16,3,13, 0.00000000000000E+0000, 0.00000000000000E+0000,Excluded
193,16,494,16,3,13, 0.00000000000000E+0000, 0.00000000000000E+0000,Excluded
193,16,500,16,3,13, 0.00000000000000E+0000, 0.00000000000000E+0000,Excluded
193,16,504,16,5,11, 0.00000000000000E+0000, 0.00000000000000E+0000,Excluded
193,16,506,16,4,12, 0.00000000000000E+0000, 0.00000000000000E+0000,Excluded
193,16,52,16,3,13, 0.00000000000000E+0000, 0.00000000000000E+0000,Excluded
193,16,55,16,2,14, 0.00000000000000E+0000, 0.00000000000000E+0000,Excluded
193,16,57,16,5,11, 0.00000000000000E+0000, 0.00000000000000E+0000,Excluded
193,16,59,16,3,13, 0.00000000000000E+0000, 0.00000000000000E+0000,Excluded
193,16,6,16,6,10, 0.00000000000000E+0000, 0.00000000000000E+0000,Excluded
193,16,60,16,3,13, 0.00000000000000E+0000, 0.00000000000000E+0000,Excluded
193,16,61,16,8,8, 0.00000000000000E+0000, 0.00000000000000E+0000,Excluded
193,16,62,16,4,12, 0.00000000000000E+0000, 0.00000000000000E+0000,Excluded
193,16,65,16,2,14, 0.00000000000000E+0000, 0.00000000000000E+0000,Excluded
193,16,73,16,7,9, 0.00000000000000E+0000, 0.00000000000000E+0000,Excluded
193,16,75,16,3,13, 0.00000000000000E+0000, 0.00000000000000E+0000,Excluded
193,16,76,16,4,12, 0.00000000000000E+0000, 0.00000000000000E+0000,Excluded
193,16,77,16,3,13, 0.00000000000000E+0000, 0.00000000000000E+0000,Excluded
193,16,78,16,4,12, 0.00000000000000E+0000, 0.00000000000000E+0000,Excluded
193,16,79,16,3,13, 0.00000000000000E+0000, 0.00000000000000E+0000,Excluded
193,16,8,16,4,12, 0.00000000000000E+0000, 0.00000000000000E+0000,Excluded
193,16,84,16,6,10, 0.00000000000000E+0000, 0.00000000000000E+0000,Excluded
193,16,85,16,3,13, 0.00000000000000E+0000, 0.00000000000000E+0000,Excluded
193,16,86,16,5,11, 0.00000000000000E+0000, 0.00000000000000E+0000,Excluded
193,16,89,16,8,8, 0.00000000000000E+0000, 0.00000000000000E+0000,Excluded
193,16,94,16,6,10, 0.00000000000000E+0000, 0.00000000000000E+0000,Excluded
193,16,95,16,4,12, 0.00000000000000E+0000, 0.00000000000000E+0000,Excluded
193,16,96,16,5,11, 0.00000000000000E+0000, 0.00000000000000E+0000,Excluded
193,16,98,16,3,13, 0.00000000000000E+0000, 0.00000000000000E+0000,Excluded
204,16,21,15,5,10, 0.00000000000000E+0000, 0.00000000000000E+0000,Excluded
204,16,211,16,5,11, 0.00000000000000E+0000, 0.00000000000000E+0000,Excluded
204,16,216,16,3,13, 0.00000000000000E+0000, 0.00000000000000E+0000,Excluded
204,16,222,16,3,13, 0.00000000000000E+0000, 0.00000000000000E+0000,Excluded
204,16,224,16,7,9, 0.00000000000000E+0000, 0.00000000000000E+0000,Excluded
204,16,226,16,6,10, 0.00000000000000E+0000, 0.00000000000000E+0000,Excluded
204,16,23,15,4,11, 0.00000000000000E+0000, 0.00000000000000E+0000,Excluded
204,16,230,16,6,10, 0.00000000000000E+0000, 0.00000000000000E+0000,Excluded
204,16,232,16,5,11, 0.00000000000000E+0000, 0.00000000000000E+0000,Excluded
204,16,238,16,3,13, 0.00000000000000E+0000, 0.00000000000000E+0000,Excluded
204,16,24,15,4,11, 0.00000000000000E+0000, 0.00000000000000E+0000,Excluded
204,16,242,16,2,14, 0.00000000000000E+0000, 0.00000000000000E+0000,Excluded
204,16,243,16,2,14, 0.00000000000000E+0000, 0.00000000000000E+0000,Excluded
204,16,244,16,2,14, 0.00000000000000E+0000, 0.00000000000000E+0000,Excluded
204,16,25,15,2,13, 0.00000000000000E+0000, 0.00000000000000E+0000,Excluded
204,16,251,16,4,12, 0.00000000000000E+0000, 0.00000000000000E+0000,Excluded
204,16,26,16,8,8, 0.00000000000000E+0000, 0.00000000000000E+0000,Excluded
204,16,266,16,2,14, 0.00000000000000E+0000, 0.00000000000000E+0000,Excluded
204,16,267,16,3,13, 0.00000000000000E+0000, 0.00000000000000E+0000,Excluded
204,16,268,16,2,14, 0.00000000000000E+0000, 0.00000000000000E+0000,Excluded
204,16,270,16,7,9, 0.00000000000000E+0000, 0.00000000000000E+0000,Excluded
204,16,276,16,6,10, 0.00000000000000E+0000, 0.00000000000000E+0000,Excluded
204,16,28,16,6,10, 0.00000000000000E+0000, 0.00000000000000E+0000,Excluded
204,16,29,16,5,11, 0.00000000000000E+0000, 0.00000000000000E+0000,Excluded
204,16,298,15,3,12, 0.00000000000000E+0000, 0.00000000000000E+0000,Excluded
204,16,3,16,5,11, 0.00000000000000E+0000, 0.00000000000000E+0000,Excluded
204,16,30,16,7,9, 0.00000000000000E+0000, 0.00000000000000E+0000,Excluded
204,16,306,16,3,13, 0.00000000000000E+0000, 0.00000000000000E+0000,Excluded
204,16,308,16,3,13, 0.00000000000000E+0000, 0.00000000000000E+0000,Excluded
204,16,311,15,4,11, 0.00000000000000E+0000, 0.00000000000000E+0000,Excluded
204,16,323,16,7,9, 0.00000000000000E+0000, 0.00000000000000E+0000,Excluded
204,16,327,16,7,9, 0.00000000000000E+0000, 0.00000000000000E+0000,Excluded
204,16,33,16,3,13, 0.00000000000000E+0000, 0.00000000000000E+0000,Excluded
204,16,334,16,3,13, 0.00000000000000E+0000, 0.00000000000000E+0000,Excluded
204,16,338,16,5,11, 0.00000000000000E+0000, 0.00000000000000E+0000,Excluded
204,16,341,16,5,11, 0.00000000000000E+0000, 0.00000000000000E+0000,Excluded
204,16,346,16,3,13, 0.00000000000000E+0000, 0.00000000000000E+0000,Excluded
204,16,348,16,2,14, 0.00000000000000E+0000, 0.00000000000000E+0000,Excluded
204,16,351,16,5,11, 0.00000000000000E+0000, 0.00000000000000E+0000,Excluded
204,16,362,16,12,4, 0.00000000000000E+0000, 0.00000000000000E+0000,Excluded
204,16,364,16,3,13, 0.00000000000000E+0000, 0.00000000000000E+0000,Excluded
204,16,366,16,4,12, 0.00000000000000E+0000, 0.00000000000000E+0000,Excluded
204,16,37,16,4,12, 0.00000000000000E+0000, 0.00000000000000E+0000,Excluded
204,16,376,16,6,10, 0.00000000000000E+0000, 0.00000000000000E+0000,Excluded
204,16,377,15,4,11, 0.00000000000000E+0000, 0.00000000000000E+0000,Excluded
204,16,378,16,6,10, 0.00000000000000E+0000, 0.00000000000000E+0000,Excluded
204,16,38,16,4,12, 0.00000000000000E+0000, 0.00000000000000E+0000,Excluded
204,16,388,16,3,13, 0.00000000000000E+0000, 0.00000000000000E+0000,Excluded
204,16,391,16,2,14, 0.00000000000000E+0000, 0.00000000000000E+0000,Excluded
204,16,396,13,4,9, 0.00000000000000E+0000, 0.00000000000000E+0000,Excluded
204,16,4,16,6,10, 0.00000000000000E+0000, 0.00000000000000E+0000,Excluded
204,16,400,13,3,10, 0.00000000000000E+0000, 0.00000000000000E+0000,Excluded
204,16,401,16,5,11, 0.00000000000000E+0000, 0.00000000000000E+0000,Excluded
204,16,406,16,5,11, 0.00000000000000E+0000, 0.00000000000000E+0000,Excluded
204,16,412,15,6,9, 0.00000000000000E+0000, 0.00000000000000E+0000,Excluded
204,16,413,16,3,13, 0.00000000000000E+0000, 0.00000000000000E+0000,Excluded
204,16,421,16,5,11, 0.00000000000000E+0000, 0.00000000000000E+0000,Excluded
204,16,423,16,4,12, 0.00000000000000E+0000, 0.00000000000000E+0000,Excluded
204,16,424,16,4,12, 0.00000000000000E+0000, 0.00000000000000E+0000,Excluded
204,16,426,16,4,12, 0.00000000000000E+0000, 0.00000000000000E+0000,Excluded
204,16,43,16,5,11, 0.00000000000000E+0000, 0.00000000000000E+0000,Excluded
204,16,430,14,6,8, 0.00000000000000E+0000, 0.00000000000000E+0000,Excluded
204,16,435,16,2,14, 0.00000000000000E+0000, 0.00000000000000E+0000,Excluded
204,16,44,16,5,11, 0.00000000000000E+0000, 0.00000000000000E+0000,Excluded
204,16,461,16,4,12, 0.00000000000000E+0000, 0.00000000000000E+0000,Excluded
204,16,476,16,5,11, 0.00000000000000E+0000, 0.00000000000000E+0000,Excluded
204,16,478,16,5,11, 0.00000000000000E+0000, 0.00000000000000E+0000,Excluded
204,16,48,16,5,11, 0.00000000000000E+0000, 0.00000000000000E+0000,Excluded
204,16,484,16,1,15, 0.00000000000000E+0000, 0.00000000000000E+0000,Excluded
204,16,489,16,6,10, 0.00000000000000E+0000, 0.00000000000000E+0000,Excluded
204,16,492,13,1,12, 0.00000000000000E+0000, 0.00000000000000E+0000,Excluded
204,16,493,16,3,13, 0.00000000000000E+0000, 0.00000000000000E+0000,Excluded
204,16,494,16,3,13, 0.00000000000000E+0000, 0.00000000000000E+0000,Excluded
204,16,500,16,7,9, 0.00000000000000E+0000, 0.00000000000000E+0000,Excluded
204,16,504,16,3,13, 0.00000000000000E+0000, 0.00000000000000E+0000,Excluded
204,16,506,16,7,9, 0.00000000000000E+0000, 0.00000000000000E+0000,Excluded
204,16,52,16,5,11, 0.00000000000000E+0000, 0.00000000000000E+0000,Excluded
204,16,55,16,6,10, 0.00000000000000E+0000, 0.00000000000000E+0000,Excluded
204,16,57,16,6,10, 0.00000000000000E+0000, 0.00000000000000E+0000,Excluded
204,16,59,16,5,11, 0.00000000000000E+0000, 0.00000000000000E+0000,Excluded
204,16,6,16,5,11, 0.00000000000000E+0000, 0.00000000000000E+0000,Excluded
204,16,60,16,5,11, 0.00000000000000E+0000, 0.00000000000000E+0000,Excluded
204,16,61,16,4,12, 0.00000000000000E+0000, 0.00000000000000E+0000,Excluded
204,16,62,16,3,13, 0.00000000000000E+0000, 0.00000000000000E+0000,Excluded
204,16,65,16,2,14, 0.00000000000000E+0000, 0.00000000000000E+0000,Excluded
204,16,73,16,5,11, 0.00000000000000E+0000, 0.00000000000000E+0000,Excluded
204,16,75,16,2,14, 0.00000000000000E+0000, 0.00000000000000E+0000,Excluded
204,16,76,16,3,13, 0.00000000000000E+0000, 0.00000000000000E+0000,Excluded
204,16,77,16,2,14, 0.00000000000000E+0000, 0.00000000000000E+0000,Excluded
204,16,78,16,3,13, 0.00000000000000E+0000, 0.00000000000000E+0000,Excluded
204,16,79,16,1,15, 0.00000000000000E+0000, 0.00000000000000E+0000,Excluded
204,16,8,16,10,6, 0.00000000000000E+0000, 0.00000000000000E+0000,Excluded
204,16,84,16,6,10, 0.00000000000000E+0000, 0.00000000000000E+0000,Excluded
204,16,85,16,3,13, 0.00000000000000E+0000, 0.00000000000000E+0000,Excluded
204,16,86,16,5,11, 0.00000000000000E+0000, 0.00000000000000E+0000,Excluded
204,16,89,16,5,11, 0.00000000000000E+0000, 0.00000000000000E+0000,Excluded
204,16,94,16,7,9, 0.00000000000000E+0000, 0.00000000000000E+0000,Excluded
204,16,95,16,5,11, 0.00000000000000E+0000, 0.00000000000000E+0000,Excluded
204,16,96,16,6,10, 0.00000000000000E+0000, 0.00000000000000E+0000,Excluded
204,16,98,16,3,13, 0.00000000000000E+0000, 0.00000000000000E+0000,Excluded
21,15,211,16,3,12, 0.00000000000000E+0000, 0.00000000000000E+0000,Excluded
21,15,216,16,1,14, 0.00000000000000E+0000, 0.00000000000000E+0000,Excluded
21,15,222,16,4,11, 0.00000000000000E+0000, 0.00000000000000E+0000,Excluded
21,15,224,16,5,10, 0.00000000000000E+0000, 0.00000000000000E+0000,Excluded
21,15,226,16,2,13, 0.00000000000000E+0000, 0.00000000000000E+0000,Excluded
21,15,23,15,5,10, 0.00000000000000E+0000, 0.00000000000000E+0000,Excluded
21,15,230,16,6,9, 0.00000000000000E+0000, 0.00000000000000E+0000,Excluded
21,15,232,16,4,11, 0.00000000000000E+0000, 0.00000000000000E+0000,Excluded
21,15,238,16,0,15, 0.00000000000000E+0000, 0.00000000000000E+0000,Excluded
21,15,24,15,2,13, 0.00000000000000E+0000, 0.00000000000000E+0000,Excluded
21,15,242,16,1,14, 0.00000000000000E+0000, 0.00000000000000E+0000,Excluded
21,15,243,16,5,10, 0.00000000000000E+0000, 0.00000000000000E+0000,Excluded
21,15,244,16,5,10, 0.00000000000000E+0000, 0.00000000000000E+0000,Excluded
21,15,25,15,4,11, 0.00000000000000E+0000, 0.00000000000000E+0000,Excluded
21,15,251,16,2,13, 0.00000000000000E+0000, 0.00000000000000E+0000,Excluded
21,15,26,16,6,9, 0.00000000000000E+0000, 0.00000000000000E+0000,Excluded
21,15,266,16,5,10, 0.00000000000000E+0000, 0.00000000000000E+0000,Excluded
21,15,267,16,4,11, 0.00000000000000E+0000, 0.00000000000000E+0000,Excluded
21,15,268,16,4,11, 0.00000000000000E+0000, 0.00000000000000E+0000,Excluded
21,15,270,16,2,13, 0.00000000000000E+0000, 0.00000000000000E+0000,Excluded
21,15,276,16,6,9, 0.00000000000000E+0000, 0.00000000000000E+0000,Excluded
21,15,28,16,6,9, 0.00000000000000E+0000, 0.00000000000000E+0000,Excluded
21,15,29,16,5,10, 0.00000000000000E+0000, 0.00000000000000E+0000,Excluded
21,15,298,15,3,11, 0.00000000000000E+0000, 0.00000000000000E+0000,Excluded
21,15,3,16,5,10, 0.00000000000000E+0000, 0.00000000000000E+0000,Excluded
21,15,30,16,5,10, 0.00000000000000E+0000, 0.00000000000000E+0000,Excluded
21,15,306,16,4,11, 0.00000000000000E+0000, 0.00000000000000E+0000,Excluded
21,15,308,16,2,13, 0.00000000000000E+0000, 0.00000000000000E+0000,Excluded
21,15,311,15,4,10, 0.00000000000000E+0000, 0.00000000000000E+0000,Excluded
21,15,323,16,4,11, 0.00000000000000E+0000, 0.00000000000000E+0000,Excluded
21,15,327,16,3,12, 0.00000000000000E+0000, 0.00000000000000E+0000,Excluded
21,15,33,16,5,10, 0.00000000000000E+0000, 0.00000000000000E+0000,Excluded
21,15,334,16,3,12, 0.00000000000000E+0000, 0.00000000000000E+0000,Excluded
21,15,338,16,5,10, 0.00000000000000E+0000, 0.00000000000000E+0000,Excluded
21,15,341,16,5,10, 0.00000000000000E+0000, 0.00000000000000E+0000,Excluded
21,15,346,16,1,14, 0.00000000000000E+0000, 0.00000000000000E+0000,Excluded
21,15,348,16,5,10, 0.00000000000000E+0000, 0.00000000000000E+0000,Excluded
21,15,351,16,5,10, 0.00000000000000E+0000, 0.00000000000000E+0000,Excluded
21,15,362,16,6,9, 0.00000000000000E+0000, 0.00000000000000E+0000,Excluded
21,15,364,16,4,11, 0.00000000000000E+0000, 0.00000000000000E+0000,Excluded
21,15,366,16,4,11, 0.00000000000000E+0000, 0.00000000000000E+0000,Excluded
21,15,37,16,4,11, 0.00000000000000E+0000, 0.00000000000000E+0000,Excluded
21,15,376,16,8,7, 0.00000000000000E+0000, 0.00000000000000E+0000,Excluded
21,15,377,15,3,11, 0.00000000000000E+0000, 0.00000000000000E+0000,Excluded
21,15,378,16,6,9, 0.00000000000000E+0000, 0.00000000000000E+0000,Excluded
21,15,38,16,3,12, 0.00000000000000E+0000, 0.00000000000000E+0000,Excluded
21,15,388,16,5,10, 0.00000000000000E+0000, 0.00000000000000E+0000,Excluded
21,15,391,16,4,11, 0.00000000000000E+0000, 0.00000000000000E+0000,Excluded
21,15,396,13,3,9, 0.00000000000000E+0000, 0.00000000000000E+0000,Excluded
21,15,4,16,4,11, 0.00000000000000E+0000, 0.00000000000000E+0000,Excluded
21,15,400,13,2,10, 0.00000000000000E+0000, 0.00000000000000E+0000,Excluded
21,15,401,16,6,9, 0.00000000000000E+0000, 0.00000000000000E+0000,Excluded
21,15,406,16,5,10, 0.00000000000000E+0000, 0.00000000000000E+0000,Excluded
21,15,412,15,4,10, 0.00000000000000E+0000, 0.00000000000000E+0000,Excluded
21,15,413,16,2,13, 0.00000000000000E+0000, 0.00000000000000E+0000,Excluded
21,15,421,16,6,9, 0.00000000000000E+0000, 0.00000000000000E+0000,Excluded
21,15,423,16,3,12, 0.00000000000000E+0000, 0.00000000000000E+0000,Excluded
21,15,424,16,5,10, 0.00000000000000E+0000, 0.00000000000000E+0000,Excluded
21,15,426,16,5,10, 0.00000000000000E+0000, 0.00000000000000E+0000,Excluded
21,15,43,16,4,11, 0.00000000000000E+0000, 0.00000000000000E+0000,Excluded
21,15,430,14,4,9, 0.00000000000000E+0000, 0.00000000000000E+0000,Excluded
21,15,435,16,1,14, 0.00000000000000E+0000, 0.00000000000000E+0000,Excluded
21,15,44,16,5,10, 0.00000000000000E+0000, 0.00000000000000E+0000,Excluded
21,15,461,16,3,12, 0.00000000000000E+0000, 0.00000000000000E+0000,Excluded
21,15,476,16,5,10, 0.00000000000000E+0000, 0.00000000000000E+0000,Excluded
21,15,478,16,4,11, 0.00000000000000E+0000, 0.00000000000000E+0000,Excluded
21,15,48,16,5,10, 0.00000000000000E+0000, 0.00000000000000E+0000,Excluded
21,15,484,16,4,11, 0.00000000000000E+0000, 0.00000000000000E+0000,Excluded
21,15,489,16,3,12, 0.00000000000000E+0000, 0.00000000000000E+0000,Excluded
21,15,492,13,3,9, 0.00000000000000E+0000, 0.00000000000000E+0000,Excluded
21,15,493,16,1,14, 0.00000000000000E+0000, 0.00000000000000E+0000,Excluded
21,15,494,16,0,15, 0.00000000000000E+0000, 0.00000000000000E+0000,Excluded
21,15,500,16,4,11, 0.00000000000000E+0000, 0.00000000000000E+0000,Excluded
21,15,504,16,5,10, 0.00000000000000E+0000, 0.00000000000000E+0000,Excluded
21,15,506,16,2,13, 0.00000000000000E+0000, 0.00000000000000E+0000,Excluded
21,15,52,16,3,12, 0.00000000000000E+0000, 0.00000000000000E+0000,Excluded
21,15,55,16,5,10, 0.00000000000000E+0000, 0.00000000000000E+0000,Excluded
21,15,57,16,6,9, 0.00000000000000E+0000, 0.00000000000000E+0000,Excluded
21,15,59,16,2,13, 0.00000000000000E+0000, 0.00000000000000E+0000,Excluded
21,15,6,16,9,6, 0.00000000000000E+0000, 0.00000000000000E+0000,Excluded
21,15,60,16,5,10, 0.00000000000000E+0000, 0.00000000000000E+0000,Excluded
21,15,61,16,4,11, 0.00000000000000E+0000, 0.00000000000000E+0000,Excluded
21,15,62,16,4,11, 0.00000000000000E+0000, 0.00000000000000E+0000,Excluded
21,15,65,16,2,13, 0.00000000000000E+0000, 0.00000000000000E+0000,Excluded
21,15,73,16,4,11, 0.00000000000000E+0000, 0.00000000000000E+0000,Excluded
21,15,75,16,1,14, 0.00000000000000E+0000, 0.00000000000000E+0000,Excluded
21,15,76,16,3,12, 0.00000000000000E+0000, 0.00000000000000E+0000,Excluded
21,15,77,16,2,13, 0.00000000000000E+0000, 0.00000000000000E+0000,Excluded
21,15,78,16,3,12, 0.00000000000000E+0000, 0.00000000000000E+0000,Excluded
21,15,79,16,2,13, 0.00000000000000E+0000, 0.00000000000000E+0000,Excluded
21,15,8,16,4,11, 0.00000000000000E+0000, 0.00000000000000E+0000,Excluded
21,15,84,16,5,10, 0.00000000000000E+0000, 0.00000000000000E+0000,Excluded
21,15,85,16,3,12, 0.00000000000000E+0000, 0.00000000000000E+0000,Excluded
21,15,86,16,5,10, 0.00000000000000E+0000, 0.00000000000000E+0000,Excluded
21,15,89,16,5,10, 0.00000000000000E+0000, 0.00000000000000E+0000,Excluded
21,15,94,16,4,11, 0.00000000000000E+0000, 0.00000000000000E+0000,Excluded
21,15,95,16,3,12, 0.00000000000000E+0000, 0.00000000000000E+0000,Excluded
21,15,96,16,4,11, 0.00000000000000E+0000, 0.00000000000000E+0000,Excluded
21,15,98,16,4,11, 0.00000000000000E+0000, 0.00000000000000E+0000,Excluded
211,16,216,16,7,9, 0.00000000000000E+0000, 0.00000000000000E+0000,Excluded
211,16,222,16,2,14, 0.00000000000000E+0000, 0.00000000000000E+0000,Excluded
211,16,224,16,4,12, 0.00000000000000E+0000, 0.00000000000000E+0000,Excluded
211,16,226,16,4,12, 0.00000000000000E+0000, 0.00000000000000E+0000,Excluded
211,16,23,15,5,10, 0.00000000000000E+0000, 0.00000000000000E+0000,Excluded
211,16,230,16,2,14, 0.00000000000000E+0000, 0.00000000000000E+0000,Excluded
211,16,232,16,2,14, 0.00000000000000E+0000, 0.00000000000000E+0000,Excluded
211,16,238,16,2,14, 0.00000000000000E+0000, 0.00000000000000E+0000,Excluded
211,16,24,15,3,12, 0.00000000000000E+0000, 0.00000000000000E+0000,Excluded
211,16,242,16,2,14, 0.00000000000000E+0000, 0.00000000000000E+0000,Excluded
211,16,243,16,1,15, 0.00000000000000E+0000, 0.00000000000000E+0000,Excluded
211,16,244,16,3,13, 0.00000000000000E+0000, 0.00000000000000E+0000,Excluded
211,16,25,15,3,12, 0.00000000000000E+0000, 0.00000000000000E+0000,Excluded
211,16,251,16,6,10, 0.00000000000000E+0000, 0.00000000000000E+0000,Excluded
211,16,26,16,5,11, 0.00000000000000E+0000, 0.00000000000000E+0000,Excluded
211,16,266,16,0,16, 0.00000000000000E+0000, 0.00000000000000E+0000,Excluded
211,16,267,16,4,12, 0.00000000000000E+0000, 0.00000000000000E+0000,Excluded
211,16,268,16,4,12, 0.00000000000000E+0000, 0.00000000000000E+0000,Excluded
211,16,270,16,3,13, 0.00000000000000E+0000, 0.00000000000000E+0000,Excluded
211,16,276,16,3,13, 0.00000000000000E+0000, 0.00000000000000E+0000,Excluded
211,16,28,16,3,13, 0.00000000000000E+0000, 0.00000000000000E+0000,Excluded
211,16,29,16,6,10, 0.00000000000000E+0000, 0.00000000000000E+0000,Excluded
211,16,298,15,4,11, 0.00000000000000E+0000, 0.00000000000000E+0000,Excluded
211,16,3,16,4,12, 0.00000000000000E+0000, 0.00000000000000E+0000,Excluded
211,16,30,16,4,12, 0.00000000000000E+0000, 0.00000000000000E+0000,Excluded
211,16,306,16,3,13, 0.00000000000000E+0000, 0.00000000000000E+0000,Excluded
211,16,308,16,5,11, 0.00000000000000E+0000, 0.00000000000000E+0000,Excluded
211,16,311,15,4,11, 0.00000000000000E+0000, 0.00000000000000E+0000,Excluded
211,16,323,16,4,12, 0.00000000000000E+0000, 0.00000000000000E+0000,Excluded
211,16,327,16,5,11, 0.00000000000000E+0000, 0.00000000000000E+0000,Excluded
211,16,33,16,1,15, 0.00000000000000E+0000, 0.00000000000000E+0000,Excluded
211,16,334,16,2,14, 0.00000000000000E+0000, 0.00000000000000E+0000,Excluded
211,16,338,16,4,12, 0.00000000000000E+0000, 0.00000000000000E+0000,Excluded
211,16,341,16,6,10, 0.00000000000000E+0000, 0.00000000000000E+0000,Excluded
211,16,346,16,3,13, 0.00000000000000E+0000, 0.00000000000000E+0000,Excluded
211,16,348,16,1,15, 0.00000000000000E+0000, 0.00000000000000E+0000,Excluded
211,16,351,16,5,11, 0.00000000000000E+0000, 0.00000000000000E+0000,Excluded
211,16,362,16,6,10, 0.00000000000000E+0000, 0.00000000000000E+0000,Excluded
211,16,364,16,2,14, 0.00000000000000E+0000, 0.00000000000000E+0000,Excluded
211,16,366,16,1,15, 0.00000000000000E+0000, 0.00000000000000E+0000,Excluded
211,16,37,16,4,12, 0.00000000000000E+0000, 0.00000000000000E+0000,Excluded
211,16,376,16,3,13, 0.00000000000000E+0000, 0.00000000000000E+0000,Excluded
211,16,377,15,6,9, 0.00000000000000E+0000, 0.00000000000000E+0000,Excluded
211,16,378,16,6,10, 0.00000000000000E+0000, 0.00000000000000E+0000,Excluded
211,16,38,16,2,14, 0.00000000000000E+0000, 0.00000000000000E+0000,Excluded
211,16,388,16,3,13, 0.00000000000000E+0000, 0.00000000000000E+0000,Excluded
211,16,391,16,4,12, 0.00000000000000E+0000, 0.00000000000000E+0000,Excluded
211,16,396,13,3,10, 0.00000000000000E+0000, 0.00000000000000E+0000,Excluded
211,16,4,16,4,12, 0.00000000000000E+0000, 0.00000000000000E+0000,Excluded
211,16,400,13,3,10, 0.00000000000000E+0000, 0.00000000000000E+0000,Excluded
211,16,401,16,3,13, 0.00000000000000E+0000, 0.00000000000000E+0000,Excluded
211,16,406,16,6,10, 0.00000000000000E+0000, 0.00000000000000E+0000,Excluded
211,16,412,15,6,9, 0.00000000000000E+0000, 0.00000000000000E+0000,Excluded
211,16,413,16,3,13, 0.00000000000000E+0000, 0.00000000000000E+0000,Excluded
211,16,421,16,4,12, 0.00000000000000E+0000, 0.00000000000000E+0000,Excluded
211,16,423,16,6,10, 0.00000000000000E+0000, 0.00000000000000E+0000,Excluded
211,16,424,16,5,11, 0.00000000000000E+0000, 0.00000000000000E+0000,Excluded
211,16,426,16,4,12, 0.00000000000000E+0000, 0.00000000000000E+0000,Excluded
211,16,43,16,5,11, 0.00000000000000E+0000, 0.00000000000000E+0000,Excluded
211,16,430,14,3,11, 0.00000000000000E+0000, 0.00000000000000E+0000,Excluded
211,16,435,16,2,14, 0.00000000000000E+0000, 0.00000000000000E+0000,Excluded
211,16,44,16,6,10, 0.00000000000000E+0000, 0.00000000000000E+0000,Excluded
211,16,461,16,6,10, 0.00000000000000E+0000, 0.00000000000000E+0000,Excluded
211,16,476,16,2,14, 0.00000000000000E+0000, 0.00000000000000E+0000,Excluded
211,16,478,16,4,12, 0.00000000000000E+0000, 0.00000000000000E+0000,Excluded
211,16,48,16,3,13, 0.00000000000000E+0000, 0.00000000000000E+0000,Excluded
211,16,484,16,5,11, 0.00000000000000E+0000, 0.00000000000000E+0000,Excluded
211,16,489,16,6,10, 0.00000000000000E+0000, 0.00000000000000E+0000,Excluded
211,16,492,13,1,12, 0.00000000000000E+0000, 0.00000000000000E+0000,Excluded
211,16,493,16,5,11, 0.00000000000000E+0000, 0.00000000000000E+0000,Excluded
211,16,494,16,2,14, 0.00000000000000E+0000, 0.00000000000000E+0000,Excluded
211,16,500,16,2,14, 0.00000000000000E+0000, 0.00000000000000E+0000,Excluded
211,16,504,16,2,14, 0.00000000000000E+0000, 0.00000000000000E+0000,Excluded
211,16,506,16,5,11, 0.00000000000000E+0000, 0.00000000000000E+0000,Excluded
211,16,52,16,5,11, 0.00000000000000E+0000, 0.00000000000000E+0000,Excluded
211,16,55,16,4,12, 0.00000000000000E+0000, 0.00000000000000E+0000,Excluded
211,16,57,16,3,13, 0.00000000000000E+0000, 0.00000000000000E+0000,Excluded
211,16,59,16,3,13, 0.00000000000000E+0000, 0.00000000000000E+0000,Excluded
211,16,6,16,3,13, 0.00000000000000E+0000, 0.00000000000000E+0000,Excluded
211,16,60,16,3,13, 0.00000000000000E+0000, 0.00000000000000E+0000,Excluded
211,16,61,16,2,14, 0.00000000000000E+0000, 0.00000000000000E+0000,Excluded
211,16,62,16,5,11, 0.00000000000000E+0000, 0.00000000000000E+0000,Excluded
211,16,65,16,4,12, 0.00000000000000E+0000, 0.00000000000000E+0000,Excluded
211,16,73,16,4,12, 0.00000000000000E+0000, 0.00000000000000E+0000,Excluded
211,16,75,16,3,13, 0.00000000000000E+0000, 0.00000000000000E+0000,Excluded
211,16,76,16,2,14, 0.00000000000000E+0000, 0.00000000000000E+0000,Excluded
211,16,77,16,3,13, 0.00000000000000E+0000, 0.00000000000000E+0000,Excluded
211,16,78,16,1,15, 0.00000000000000E+0000, 0.00000000000000E+0000,Excluded
211,16,79,16,1,15, 0.00000000000000E+0000, 0.00000000000000E+0000,Excluded
211,16,8,16,4,12, 0.00000000000000E+0000, 0.00000000000000E+0000,Excluded
211,16,84,16,6,10, 0.00000000000000E+0000, 0.00000000000000E+0000,Excluded
211,16,85,16,4,12, 0.00000000000000E+0000, 0.00000000000000E+0000,Excluded
211,16,86,16,2,14, 0.00000000000000E+0000, 0.00000000000000E+0000,Excluded
211,16,89,16,4,12, 0.00000000000000E+0000, 0.00000000000000E+0000,Excluded
211,16,94,16,3,13, 0.00000000000000E+0000, 0.00000000000000E+0000,Excluded
211,16,95,16,4,12, 0.00000000000000E+0000, 0.00000000000000E+0000,Excluded
211,16,96,16,4,12, 0.00000000000000E+0000, 0.00000000000000E+0000,Excluded
211,16,98,16,4,12, 0.00000000000000E+0000, 0.00000000000000E+0000,Excluded
216,16,222,16,4,12, 0.00000000000000E+0000, 0.00000000000000E+0000,Excluded
216,16,224,16,3,13, 0.00000000000000E+0000, 0.00000000000000E+0000,Excluded
216,16,226,16,3,13, 0.00000000000000E+0000, 0.00000000000000E+0000,Excluded
216,16,23,15,2,13, 0.00000000000000E+0000, 0.00000000000000E+0000,Excluded
216,16,230,16,0,16, 0.00000000000000E+0000, 0.00000000000000E+0000,Excluded
216,16,232,16,1,15, 0.00000000000000E+0000, 0.00000000000000E+0000,Excluded
216,16,238,16,1,15, 0.00000000000000E+0000, 0.00000000000000E+0000,Excluded
216,16,24,15,2,13, 0.00000000000000E+0000, 0.00000000000000E+0000,Excluded
216,16,242,16,3,13, 0.00000000000000E+0000, 0.00000000000000E+0000,Excluded
216,16,243,16,1,15, 0.00000000000000E+0000, 0.00000000000000E+0000,Excluded
216,16,244,16,1,15, 0.00000000000000E+0000, 0.00000000000000E+0000,Excluded
216,16,25,15,4,11, 0.00000000000000E+0000, 0.00000000000000E+0000,Excluded
216,16,251,16,6,10, 0.00000000000000E+0000, 0.00000000000000E+0000,Excluded
216,16,26,16,3,13, 0.00000000000000E+0000, 0.00000000000000E+0000,Excluded
216,16,266,16,1,15, 0.00000000000000E+0000, 0.00000000000000E+0000,Excluded
216,16,267,16,3,13, 0.00000000000000E+0000, 0.00000000000000E+0000,Excluded
216,16,268,16,4,12, 0.00000000000000E+0000, 0.00000000000000E+0000,Excluded
216,16,270,16,4,12, 0.00000000000000E+0000, 0.00000000000000E+0000,Excluded
216,16,276,16,2,14, 0.00000000000000E+0000, 0.00000000000000E+0000,Excluded
216,16,28,16,1,15, 0.00000000000000E+0000, 0.00000000000000E+0000,Excluded
216,16,29,16,3,13, 0.00000000000000E+0000, 0.00000000000000E+0000,Excluded
216,16,298,15,5,10, 0.00000000000000E+0000, 0.00000000000000E+0000,Excluded
216,16,3,16,3,13, 0.00000000000000E+0000, 0.00000000000000E+0000,Excluded
216,16,30,16,3,13, 0.00000000000000E+0000, 0.00000000000000E+0000,Excluded
216,16,306,16,3,13, 0.00000000000000E+0000, 0.00000000000000E+0000,Excluded
216,16,308,16,5,11, 0.00000000000000E+0000, 0.00000000000000E+0000,Excluded
216,16,311,15,3,12, 0.00000000000000E+0000, 0.00000000000000E+0000,Excluded
216,16,323,16,4,12, 0.00000000000000E+0000, 0.00000000000000E+0000,Excluded
216,16,327,16,3,13, 0.00000000000000E+0000, 0.00000000000000E+0000,Excluded
216,16,33,16,1,15, 0.00000000000000E+0000, 0.00000000000000E+0000,Excluded
216,16,334,16,3,13, 0.00000000000000E+0000, 0.00000000000000E+0000,Excluded
216,16,338,16,3,13, 0.00000000000000E+0000, 0.00000000000000E+0000,Excluded
216,16,341,16,5,11, 0.00000000000000E+0000, 0.00000000000000E+0000,Excluded
216,16,346,16,4,12, 0.00000000000000E+0000, 0.00000000000000E+0000,Excluded
216,16,348,16,2,14, 0.00000000000000E+0000, 0.00000000000000E+0000,Excluded
216,16,351,16,4,12, 0.00000000000000E+0000, 0.00000000000000E+0000,Excluded
216,16,362,16,3,13, 0.00000000000000E+0000, 0.00000000000000E+0000,Excluded
216,16,364,16,2,14, 0.00000000000000E+0000, 0.00000000000000E+0000,Excluded
216,16,366,16,1,15, 0.00000000000000E+0000, 0.00000000000000E+0000,Excluded
216,16,37,16,2,14, 0.00000000000000E+0000, 0.00000000000000E+0000,Excluded
216,16,376,16,1,15, 0.00000000000000E+0000, 0.00000000000000E+0000,Excluded
216,16,377,15,4,11, 0.00000000000000E+0000, 0.00000000000000E+0000,Excluded
216,16,378,16,4,12, 0.00000000000000E+0000, 0.00000000000000E+0000,Excluded
216,16,38,16,0,16, 0.00000000000000E+0000, 0.00000000000000E+0000,Excluded
216,16,388,16,4,12, 0.00000000000000E+0000, 0.00000000000000E+0000,Excluded
216,16,391,16,3,13, 0.00000000000000E+0000, 0.00000000000000E+0000,Excluded
216,16,396,13,3,10, 0.00000000000000E+0000, 0.00000000000000E+0000,Excluded
216,16,4,16,4,12, 0.00000000000000E+0000, 0.00000000000000E+0000,Excluded
216,16,400,13,2,11, 0.00000000000000E+0000, 0.00000000000000E+0000,Excluded
216,16,401,16,1,15, 0.00000000000000E+0000, 0.00000000000000E+0000,Excluded
216,16,406,16,3,13, 0.00000000000000E+0000, 0.00000000000000E+0000,Excluded
216,16,412,15,3,12, 0.00000000000000E+0000, 0.00000000000000E+0000,Excluded
216,16,413,16,5,11, 0.00000000000000E+0000, 0.00000000000000E+0000,Excluded
216,16,421,16,5,11, 0.00000000000000E+0000, 0.00000000000000E+0000,Excluded
216,16,423,16,4,12, 0.00000000000000E+0000, 0.00000000000000E+0000,Excluded
216,16,424,16,4,12, 0.00000000000000E+0000, 0.00000000000000E+0000,Excluded
216,16,426,16,4,12, 0.00000000000000E+0000, 0.00000000000000E+0000,Excluded
216,16,43,16,2,14, 0.00000000000000E+0000, 0.00000000000000E+0000,Excluded
216,16,430,14,4,10, 0.00000000000000E+0000, 0.00000000000000E+0000,Excluded
216,16,435,16,4,12, 0.00000000000000E+0000, 0.00000000000000E+0000,Excluded
216,16,44,16,5,11, 0.00000000000000E+0000, 0.00000000000000E+0000,Excluded
216,16,461,16,5,11, 0.00000000000000E+0000, 0.00000000000000E+0000,Excluded
216,16,476,16,1,15, 0.00000000000000E+0000, 0.00000000000000E+0000,Excluded
216,16,478,16,5,11, 0.00000000000000E+0000, 0.00000000000000E+0000,Excluded
216,16,48,16,3,13, 0.00000000000000E+0000, 0.00000000000000E+0000,Excluded
216,16,484,16,7,9, 0.00000000000000E+0000, 0.00000000000000E+0000,Excluded
216,16,489,16,6,10, 0.00000000000000E+0000, 0.00000000000000E+0000,Excluded
216,16,492,13,2,11, 0.00000000000000E+0000, 0.00000000000000E+0000,Excluded
216,16,493,16,2,14, 0.00000000000000E+0000, 0.00000000000000E+0000,Excluded
216,16,494,16,2,14, 0.00000000000000E+0000, 0.00000000000000E+0000,Excluded
216,16,500,16,1,15, 0.00000000000000E+0000, 0.00000000000000E+0000,Excluded
216,16,504,16,3,13, 0.00000000000000E+0000, 0.00000000000000E+0000,Excluded
216,16,506,16,5,11, 0.00000000000000E+0000, 0.00000000000000E+0000,Excluded
216,16,52,16,3,13, 0.00000000000000E+0000, 0.00000000000000E+0000,Excluded
216,16,55,16,3,13, 0.00000000000000E+0000, 0.00000000000000E+0000,Excluded
216,16,57,16,3,13, 0.00000000000000E+0000, 0.00000000000000E+0000,Excluded
216,16,59,16,3,13, 0.00000000000000E+0000, 0.00000000000000E+0000,Excluded
216,16,6,16,1,15, 0.00000000000000E+0000, 0.00000000000000E+0000,Excluded
216,16,60,16,2,14, 0.00000000000000E+0000, 0.00000000000000E+0000,Excluded
216,16,61,16,5,11, 0.00000000000000E+0000, 0.00000000000000E+0000,Excluded
216,16,62,16,3,13, 0.00000000000000E+0000, 0.00000000000000E+0000,Excluded
216,16,65,16,3,13, 0.00000000000000E+0000, 0.00000000000000E+0000,Excluded
216,16,73,16,6,10, 0.00000000000000E+0000, 0.00000000000000E+0000,Excluded
216,16,75,16,2,14, 0.00000000000000E+0000, 0.00000000000000E+0000,Excluded
216,16,76,16,3,13, 0.00000000000000E+0000, 0.00000000000000E+0000,Excluded
216,16,77,16,4,12, 0.00000000000000E+0000, 0.00000000000000E+0000,Excluded
216,16,78,16,4,12, 0.00000000000000E+0000, 0.00000000000000E+0000,Excluded
216,16,79,16,2,14, 0.00000000000000E+0000, 0.00000000000000E+0000,Excluded
216,16,8,16,3,13, 0.00000000000000E+0000, 0.00000000000000E+0000,Excluded
216,16,84,16,6,10, 0.00000000000000E+0000, 0.00000000000000E+0000,Excluded
216,16,85,16,3,13, 0.00000000000000E+0000, 0.00000000000000E+0000,Excluded
216,16,86,16,1,15, 0.00000000000000E+0000, 0.00000000000000E+0000,Excluded
216,16,89,16,4,12, 0.00000000000000E+0000, 0.00000000000000E+0000,Excluded
216,16,94,16,3,13, 0.00000000000000E+0000, 0.00000000000000E+0000,Excluded
216,16,95,16,4,12, 0.00000000000000E+0000, 0.00000000000000E+0000,Excluded
216,16,96,16,3,13, 0.00000000000000E+0000, 0.00000000000000E+0000,Excluded
216,16,98,16,4,12, 0.00000000000000E+0000, 0.00000000000000E+0000,Excluded
222,16,224,16,2,14, 0.00000000000000E+0000, 0.00000000000000E+0000,Excluded
222,16,226,16,1,15, 0.00000000000000E+0000, 0.00000000000000E+0000,Excluded
222,16,23,15,3,12, 0.00000000000000E+0000, 0.00000000000000E+0000,Excluded
222,16,230,16,1,15, 0.00000000000000E+0000, 0.00000000000000E+0000,Excluded
222,16,232,16,3,13, 0.00000000000000E+0000, 0.00000000000000E+0000,Excluded
222,16,238,16,2,14, 0.00000000000000E+0000, 0.00000000000000E+0000,Excluded
222,16,24,15,4,11, 0.00000000000000E+0000, 0.00000000000000E+0000,Excluded
222,16,242,16,1,15, 0.00000000000000E+0000, 0.00000000000000E+0000,Excluded
222,16,243,16,1,15, 0.00000000000000E+0000, 0.00000000000000E+0000,Excluded
222,16,244,16,1,15, 0.00000000000000E+0000, 0.00000000000000E+0000,Excluded
222,16,25,15,3,12, 0.00000000000000E+0000, 0.00000000000000E+0000,Excluded
222,16,251,16,1,15, 0.00000000000000E+0000, 0.00000000000000E+0000,Excluded
222,16,26,16,4,12, 0.00000000000000E+0000, 0.00000000000000E+0000,Excluded
222,16,266,16,3,13, 0.00000000000000E+0000, 0.00000000000000E+0000,Excluded
222,16,267,16,6,10, 0.00000000000000E+0000, 0.00000000000000E+0000,Excluded
222,16,268,16,1,15, 0.00000000000000E+0000, 0.00000000000000E+0000,Excluded
222,16,270,16,2,14, 0.00000000000000E+0000, 0.00000000000000E+0000,Excluded
222,16,276,16,4,12, 0.00000000000000E+0000, 0.00000000000000E+0000,Excluded
222,16,28,16,3,13, 0.00000000000000E+0000, 0.00000000000000E+0000,Excluded
222,16,29,16,1,15, 0.00000000000000E+0000, 0.00000000000000E+0000,Excluded
222,16,298,15,2,13, 0.00000000000000E+0000, 0.00000000000000E+0000,Excluded
222,16,3,16,4,12, 0.00000000000000E+0000, 0.00000000000000E+0000,Excluded
222,16,30,16,4,12, 0.00000000000000E+0000, 0.00000000000000E+0000,Excluded
222,16,306,16,2,14, 0.00000000000000E+0000, 0.00000000000000E+0000,Excluded
222,16,308,16,1,15, 0.00000000000000E+0000, 0.00000000000000E+0000,Excluded
222,16,311,15,4,11, 0.00000000000000E+0000, 0.00000000000000E+0000,Excluded
222,16,323,16,4,12, 0.00000000000000E+0000, 0.00000000000000E+0000,Excluded
222,16,327,16,4,12, 0.00000000000000E+0000, 0.00000000000000E+0000,Excluded
222,16,33,16,5,11, 0.00000000000000E+0000, 0.00000000000000E+0000,Excluded
222,16,334,16,3,13, 0.00000000000000E+0000, 0.00000000000000E+0000,Excluded
222,16,338,16,3,13, 0.00000000000000E+0000, 0.00000000000000E+0000,Excluded
222,16,341,16,3,13, 0.00000000000000E+0000, 0.00000000000000E+0000,Excluded
222,16,346,16,0,16, 0.00000000000000E+0000, 0.00000000000000E+0000,Excluded
222,16,348,16,3,13, 0.00000000000000E+0000, 0.00000000000000E+0000,Excluded
222,16,351,16,4,12, 0.00000000000000E+0000, 0.00000000000000E+0000,Excluded
222,16,362,16,2,14, 0.00000000000000E+0000, 0.00000000000000E+0000,Excluded
222,16,364,16,3,13, 0.00000000000000E+0000, 0.00000000000000E+0000,Excluded
222,16,366,16,2,14, 0.00000000000000E+0000, 0.00000000000000E+0000,Excluded
222,16,37,16,3,13, 0.00000000000000E+0000, 0.00000000000000E+0000,Excluded
222,16,376,16,1,15, 0.00000000000000E+0000, 0.00000000000000E+0000,Excluded
222,16,377,15,2,13, 0.00000000000000E+0000, 0.00000000000000E+0000,Excluded
222,16,378,16,1,15, 0.00000000000000E+0000, 0.00000000000000E+0000,Excluded
222,16,38,16,4,12, 0.00000000000000E+0000, 0.00000000000000E+0000,Excluded
222,16,388,16,7,9, 0.00000000000000E+0000, 0.00000000000000E+0000,Excluded
222,16,391,16,3,13, 0.00000000000000E+0000, 0.00000000000000E+0000,Excluded
222,16,396,13,2,11, 0.00000000000000E+0000, 0.00000000000000E+0000,Excluded
222,16,4,16,3,13, 0.00000000000000E+0000, 0.00000000000000E+0000,Excluded
222,16,400,13,3,10, 0.00000000000000E+0000, 0.00000000000000E+0000,Excluded
222,16,401,16,1,15, 0.00000000000000E+0000, 0.00000000000000E+0000,Excluded
222,16,406,16,3,13, 0.00000000000000E+0000, 0.00000000000000E+0000,Excluded
222,16,412,15,3,12, 0.00000000000000E+0000, 0.00000000000000E+0000,Excluded
222,16,413,16,3,13, 0.00000000000000E+0000, 0.00000000000000E+0000,Excluded
222,16,421,16,4,12, 0.00000000000000E+0000, 0.00000000000000E+0000,Excluded
222,16,423,16,5,11, 0.00000000000000E+0000, 0.00000000000000E+0000,Excluded
222,16,424,16,5,11, 0.00000000000000E+0000, 0.00000000000000E+0000,Excluded
222,16,426,16,4,12, 0.00000000000000E+0000, 0.00000000000000E+0000,Excluded
222,16,43,16,2,14, 0.00000000000000E+0000, 0.00000000000000E+0000,Excluded
222,16,430,14,5,9, 0.00000000000000E+0000, 0.00000000000000E+0000,Excluded
222,16,435,16,3,13, 0.00000000000000E+0000, 0.00000000000000E+0000,Excluded
222,16,44,16,2,14, 0.00000000000000E+0000, 0.00000000000000E+0000,Excluded
222,16,461,16,1,15, 0.00000000000000E+0000, 0.00000000000000E+0000,Excluded
222,16,476,16,1,15, 0.00000000000000E+0000, 0.00000000000000E+0000,Excluded
222,16,478,16,3,13, 0.00000000000000E+0000, 0.00000000000000E+0000,Excluded
222,16,48,16,3,13, 0.00000000000000E+0000, 0.00000000000000E+0000,Excluded
222,16,484,16,5,11, 0.00000000000000E+0000, 0.00000000000000E+0000,Excluded
222,16,489,16,4,12, 0.00000000000000E+0000, 0.00000000000000E+0000,Excluded
222,16,492,13,3,10, 0.00000000000000E+0000, 0.00000000000000E+0000,Excluded
222,16,493,16,3,13, 0.00000000000000E+0000, 0.00000000000000E+0000,Excluded
222,16,494,16,2,14, 0.00000000000000E+0000, 0.00000000000000E+0000,Excluded
222,16,500,16,2,14, 0.00000000000000E+0000, 0.00000000000000E+0000,Excluded
222,16,504,16,7,9, 0.00000000000000E+0000, 0.00000000000000E+0000,Excluded
222,16,506,16,5,11, 0.00000000000000E+0000, 0.00000000000000E+0000,Excluded
222,16,52,16,1,15, 0.00000000000000E+0000, 0.00000000000000E+0000,Excluded
222,16,55,16,3,13, 0.00000000000000E+0000, 0.00000000000000E+0000,Excluded
222,16,57,16,4,12, 0.00000000000000E+0000, 0.00000000000000E+0000,Excluded
222,16,59,16,1,15, 0.00000000000000E+0000, 0.00000000000000E+0000,Excluded
222,16,6,16,5,11, 0.00000000000000E+0000, 0.00000000000000E+0000,Excluded
222,16,60,16,3,13, 0.00000000000000E+0000, 0.00000000000000E+0000,Excluded
222,16,61,16,4,12, 0.00000000000000E+0000, 0.00000000000000E+0000,Excluded
222,16,62,16,2,14, 0.00000000000000E+0000, 0.00000000000000E+0000,Excluded
222,16,65,16,1,15, 0.00000000000000E+0000, 0.00000000000000E+0000,Excluded
222,16,73,16,6,10, 0.00000000000000E+0000, 0.00000000000000E+0000,Excluded
222,16,75,16,3,13, 0.00000000000000E+0000, 0.00000000000000E+0000,Excluded
222,16,76,16,0,16, 0.00000000000000E+0000, 0.00000000000000E+0000,Excluded
222,16,77,16,1,15, 0.00000000000000E+0000, 0.00000000000000E+0000,Excluded
222,16,78,16,3,13, 0.00000000000000E+0000, 0.00000000000000E+0000,Excluded
222,16,79,16,1,15, 0.00000000000000E+0000, 0.00000000000000E+0000,Excluded
222,16,8,16,1,15, 0.00000000000000E+0000, 0.00000000000000E+0000,Excluded
222,16,84,16,2,14, 0.00000000000000E+0000, 0.00000000000000E+0000,Excluded
222,16,85,16,3,13, 0.00000000000000E+0000, 0.00000000000000E+0000,Excluded
222,16,86,16,4,12, 0.00000000000000E+0000, 0.00000000000000E+0000,Excluded
222,16,89,16,3,13, 0.00000000000000E+0000, 0.00000000000000E+0000,Excluded
222,16,94,16,3,13, 0.00000000000000E+0000, 0.00000000000000E+0000,Excluded
222,16,95,16,2,14, 0.00000000000000E+0000, 0.00000000000000E+0000,Excluded
222,16,96,16,2,14, 0.00000000000000E+0000, 0.00000000000000E+0000,Excluded
222,16,98,16,2,14, 0.00000000000000E+0000, 0.00000000000000E+0000,Excluded
224,16,226,16,3,13, 0.00000000000000E+0000, 0.00000000000000E+0000,Excluded
224,16,23,15,2,13, 0.00000000000000E+0000, 0.00000000000000E+0000,Excluded
224,16,230,16,5,11, 0.00000000000000E+0000, 0.00000000000000E+0000,Excluded
224,16,232,16,4,12, 0.00000000000000E+0000, 0.00000000000000E+0000,Excluded
224,16,238,16,2,14, 0.00000000000000E+0000, 0.00000000000000E+0000,Excluded
224,16,24,15,3,12, 0.00000000000000E+0000, 0.00000000000000E+0000,Excluded
224,16,242,16,1,15, 0.00000000000000E+0000, 0.00000000000000E+0000,Excluded
224,16,243,16,4,12, 0.00000000000000E+0000, 0.00000000000000E+0000,Excluded
224,16,244,16,2,14, 0.00000000000000E+0000, 0.00000000000000E+0000,Excluded
224,16,25,15,2,13, 0.00000000000000E+0000, 0.00000000000000E+0000,Excluded
224,16,251,16,5,11, 0.00000000000000E+0000, 0.00000000000000E+0000,Excluded
224,16,26,16,5,11, 0.00000000000000E+0000, 0.00000000000000E+0000,Excluded
224,16,266,16,1,15, 0.00000000000000E+0000, 0.00000000000000E+0000,Excluded
224,16,267,16,3,13, 0.00000000000000E+0000, 0.00000000000000E+0000,Excluded
224,16,268,16,4,12, 0.00000000000000E+0000, 0.00000000000000E+0000,Excluded
224,16,270,16,5,11, 0.00000000000000E+0000, 0.00000000000000E+0000,Excluded
224,16,276,16,5,11, 0.00000000000000E+0000, 0.00000000000000E+0000,Excluded
224,16,28,16,5,11, 0.00000000000000E+0000, 0.00000000000000E+0000,Excluded
224,16,29,16,6,10, 0.00000000000000E+0000, 0.00000000000000E+0000,Excluded
224,16,298,15,5,10, 0.00000000000000E+0000, 0.00000000000000E+0000,Excluded
224,16,3,16,4,12, 0.00000000000000E+0000, 0.00000000000000E+0000,Excluded
224,16,30,16,5,11, 0.00000000000000E+0000, 0.00000000000000E+0000,Excluded
224,16,306,16,3,13, 0.00000000000000E+0000, 0.00000000000000E+0000,Excluded
224,16,308,16,5,11, 0.00000000000000E+0000, 0.00000000000000E+0000,Excluded
224,16,311,15,3,12, 0.00000000000000E+0000, 0.00000000000000E+0000,Excluded
224,16,323,16,5,11, 0.00000000000000E+0000, 0.00000000000000E+0000,Excluded
224,16,327,16,6,10, 0.00000000000000E+0000, 0.00000000000000E+0000,Excluded
224,16,33,16,1,15, 0.00000000000000E+0000, 0.00000000000000E+0000,Excluded
224,16,334,16,1,15, 0.00000000000000E+0000, 0.00000000000000E+0000,Excluded
224,16,338,16,5,11, 0.00000000000000E+0000, 0.00000000000000E+0000,Excluded
224,16,341,16,5,11, 0.00000000000000E+0000, 0.00000000000000E+0000,Excluded
224,16,346,16,3,13, 0.00000000000000E+0000, 0.00000000000000E+0000,Excluded
224,16,348,16,3,13, 0.00000000000000E+0000, 0.00000000000000E+0000,Excluded
224,16,351,16,4,12, 0.00000000000000E+0000, 0.00000000000000E+0000,Excluded
224,16,362,16,6,10, 0.00000000000000E+0000, 0.00000000000000E+0000,Excluded
224,16,364,16,2,14, 0.00000000000000E+0000, 0.00000000000000E+0000,Excluded
224,16,366,16,3,13, 0.00000000000000E+0000, 0.00000000000000E+0000,Excluded
224,16,37,16,4,12, 0.00000000000000E+0000, 0.00000000000000E+0000,Excluded
224,16,376,16,5,11, 0.00000000000000E+0000, 0.00000000000000E+0000,Excluded
224,16,377,15,7,8, 0.00000000000000E+0000, 0.00000000000000E+0000,Excluded
224,16,378,16,8,8, 0.00000000000000E+0000, 0.00000000000000E+0000,Excluded
224,16,38,16,4,12, 0.00000000000000E+0000, 0.00000000000000E+0000,Excluded
224,16,388,16,4,12, 0.00000000000000E+0000, 0.00000000000000E+0000,Excluded
224,16,391,16,5,11, 0.00000000000000E+0000, 0.00000000000000E+0000,Excluded
224,16,396,13,4,9, 0.00000000000000E+0000, 0.00000000000000E+0000,Excluded
224,16,4,16,7,9, 0.00000000000000E+0000, 0.00000000000000E+0000,Excluded
224,16,400,13,2,11, 0.00000000000000E+0000, 0.00000000000000E+0000,Excluded
224,16,401,16,3,13, 0.00000000000000E+0000, 0.00000000000000E+0000,Excluded
224,16,406,16,4,12, 0.00000000000000E+0000, 0.00000000000000E+0000,Excluded
224,16,412,15,5,10, 0.00000000000000E+0000, 0.00000000000000E+0000,Excluded
224,16,413,16,4,12, 0.00000000000000E+0000, 0.00000000000000E+0000,Excluded
224,16,421,16,5,11, 0.00000000000000E+0000, 0.00000000000000E+0000,Excluded
224,16,423,16,6,10, 0.00000000000000E+0000, 0.00000000000000E+0000,Excluded
224,16,424,16,2,14, 0.00000000000000E+0000, 0.00000000000000E+0000,Excluded
224,16,426,16,3,13, 0.00000000000000E+0000, 0.00000000000000E+0000,Excluded
224,16,43,16,5,11, 0.00000000000000E+0000, 0.00000000000000E+0000,Excluded
224,16,430,14,4,10, 0.00000000000000E+0000, 0.00000000000000E+0000,Excluded
224,16,435,16,3,13, 0.00000000000000E+0000, 0.00000000000000E+0000,Excluded
224,16,44,16,7,9, 0.00000000000000E+0000, 0.00000000000000E+0000,Excluded
224,16,461,16,5,11, 0.00000000000000E+0000, 0.00000000000000E+0000,Excluded
224,16,476,16,6,10, 0.00000000000000E+0000, 0.00000000000000E+0000,Excluded
224,16,478,16,4,12, 0.00000000000000E+0000, 0.00000000000000E+0000,Excluded
224,16,48,16,5,11, 0.00000000000000E+0000, 0.00000000000000E+0000,Excluded
224,16,484,16,3,13, 0.00000000000000E+0000, 0.00000000000000E+0000,Excluded
224,16,489,16,5,11, 0.00000000000000E+0000, 0.00000000000000E+0000,Excluded
224,16,492,13,1,12, 0.00000000000000E+0000, 0.00000000000000E+0000,Excluded
224,16,493,16,3,13, 0.00000000000000E+0000, 0.00000000000000E+0000,Excluded
224,16,494,16,2,14, 0.00000000000000E+0000, 0.00000000000000E+0000,Excluded
224,16,500,16,3,13, 0.00000000000000E+0000, 0.00000000000000E+0000,Excluded
224,16,504,16,2,14, 0.00000000000000E+0000, 0.00000000000000E+0000,Excluded
224,16,506,16,3,13, 0.00000000000000E+0000, 0.00000000000000E+0000,Excluded
224,16,52,16,3,13, 0.00000000000000E+0000, 0.00000000000000E+0000,Excluded
224,16,55,16,8,8, 0.00000000000000E+0000, 0.00000000000000E+0000,Excluded
224,16,57,16,4,12, 0.00000000000000E+0000, 0.00000000000000E+0000,Excluded
224,16,59,16,3,13, 0.00000000000000E+0000, 0.00000000000000E+0000,Excluded
224,16,6,16,4,12, 0.00000000000000E+0000, 0.00000000000000E+0000,Excluded
224,16,60,16,5,11, 0.00000000000000E+0000, 0.00000000000000E+0000,Excluded
224,16,61,16,3,13, 0.00000000000000E+0000, 0.00000000000000E+0000,Excluded
224,16,62,16,5,11, 0.00000000000000E+0000, 0.00000000000000E+0000,Excluded
224,16,65,16,4,12, 0.00000000000000E+0000, 0.00000000000000E+0000,Excluded
224,16,73,16,4,12, 0.00000000000000E+0000, 0.00000000000000E+0000,Excluded
224,16,75,16,2,14, 0.00000000000000E+0000, 0.00000000000000E+0000,Excluded
224,16,76,16,4,12, 0.00000000000000E+0000, 0.00000000000000E+0000,Excluded
224,16,77,16,1,15, 0.00000000000000E+0000, 0.00000000000000E+0000,Excluded
224,16,78,16,3,13, 0.00000000000000E+0000, 0.00000000000000E+0000,Excluded
224,16,79,16,1,15, 0.00000000000000E+0000, 0.00000000000000E+0000,Excluded
224,16,8,16,8,8, 0.00000000000000E+0000, 0.00000000000000E+0000,Excluded
224,16,84,16,5,11, 0.00000000000000E+0000, 0.00000000000000E+0000,Excluded
224,16,85,16,6,10, 0.00000000000000E+0000, 0.00000000000000E+0000,Excluded
224,16,86,16,5,11, 0.00000000000000E+0000, 0.00000000000000E+0000,Excluded
224,16,89,16,3,13, 0.00000000000000E+0000, 0.00000000000000E+0000,Excluded
224,16,94,16,6,10, 0.00000000000000E+0000, 0.00000000000000E+0000,Excluded
224,16,95,16,4,12, 0.00000000000000E+0000, 0.00000000000000E+0000,Excluded
224,16,96,16,5,11, 0.00000000000000E+0000, 0.00000000000000E+0000,Excluded
224,16,98,16,4,12, 0.00000000000000E+0000, 0.00000000000000E+0000,Excluded
226,16,23,15,2,13, 0.00000000000000E+0000, 0.00000000000000E+0000,Excluded
226,16,230,16,4,12, 0.00000000000000E+0000, 0.00000000000000E+0000,Excluded
226,16,232,16,5,11, 0.00000000000000E+0000, 0.00000000000000E+0000,Excluded
226,16,238,16,2,14, 0.00000000000000E+0000, 0.00000000000000E+0000,Excluded
226,16,24,15,0,15, 0.00000000000000E+0000, 0.00000000000000E+0000,Excluded
226,16,242,16,2,14, 0.00000000000000E+0000, 0.00000000000000E+0000,Excluded
226,16,243,16,4,12, 0.00000000000000E+0000, 0.00000000000000E+0000,Excluded
226,16,244,16,3,13, 0.00000000000000E+0000, 0.00000000000000E+0000,Excluded
226,16,25,15,1,14, 0.00000000000000E+0000, 0.00000000000000E+0000,Excluded
226,16,251,16,3,13, 0.00000000000000E+0000, 0.00000000000000E+0000,Excluded
226,16,26,16,4,12, 0.00000000000000E+0000, 0.00000000000000E+0000,Excluded
226,16,266,16,0,16, 0.00000000000000E+0000, 0.00000000000000E+0000,Excluded
226,16,267,16,2,14, 0.00000000000000E+0000, 0.00000000000000E+0000,Excluded
226,16,268,16,1,15, 0.00000000000000E+0000, 0.00000000000000E+0000,Excluded
226,16,270,16,4,12, 0.00000000000000E+0000, 0.00000000000000E+0000,Excluded
226,16,276,16,3,13, 0.00000000000000E+0000, 0.00000000000000E+0000,Excluded
226,16,28,16,2,14, 0.00000000000000E+0000, 0.00000000000000E+0000,Excluded
226,16,29,16,3,13, 0.00000000000000E+0000, 0.00000000000000E+0000,Excluded
226,16,298,15,0,15, 0.00000000000000E+0000, 0.00000000000000E+0000,Excluded
226,16,3,16,8,8, 0.00000000000000E+0000, 0.00000000000000E+0000,Excluded
226,16,30,16,5,11, 0.00000000000000E+0000, 0.00000000000000E+0000,Excluded
226,16,306,16,1,15, 0.00000000000000E+0000, 0.00000000000000E+0000,Excluded
226,16,308,16,2,14, 0.00000000000000E+0000, 0.00000000000000E+0000,Excluded
226,16,311,15,3,12, 0.00000000000000E+0000, 0.00000000000000E+0000,Excluded
226,16,323,16,10,6, 0.00000000000000E+0000, 0.00000000000000E+0000,Excluded
226,16,327,16,3,13, 0.00000000000000E+0000, 0.00000000000000E+0000,Excluded
226,16,33,16,2,14, 0.00000000000000E+0000, 0.00000000000000E+0000,Excluded
226,16,334,16,2,14, 0.00000000000000E+0000, 0.00000000000000E+0000,Excluded
226,16,338,16,3,13, 0.00000000000000E+0000, 0.00000000000000E+0000,Excluded
226,16,341,16,9,7, 0.00000000000000E+0000, 0.00000000000000E+0000,Excluded
226,16,346,16,5,11, 0.00000000000000E+0000, 0.00000000000000E+0000,Excluded
226,16,348,16,1,15, 0.00000000000000E+0000, 0.00000000000000E+0000,Excluded
226,16,351,16,3,13, 0.00000000000000E+0000, 0.00000000000000E+0000,Excluded
226,16,362,16,6,10, 0.00000000000000E+0000, 0.00000000000000E+0000,Excluded
226,16,364,16,2,14, 0.00000000000000E+0000, 0.00000000000000E+0000,Excluded
226,16,366,16,2,14, 0.00000000000000E+0000, 0.00000000000000E+0000,Excluded
226,16,37,16,4,12, 0.00000000000000E+0000, 0.00000000000000E+0000,Excluded
226,16,376,16,6,10, 0.00000000000000E+0000, 0.00000000000000E+0000,Excluded
226,16,377,15,3,12, 0.00000000000000E+0000, 0.00000000000000E+0000,Excluded
226,16,378,16,3,13, 0.00000000000000E+0000, 0.00000000000000E+0000,Excluded
226,16,38,16,3,13, 0.00000000000000E+0000, 0.00000000000000E+0000,Excluded
226,16,388,16,1,15, 0.00000000000000E+0000, 0.00000000000000E+0000,Excluded
226,16,391,16,3,13, 0.00000000000000E+0000, 0.00000000000000E+0000,Excluded
226,16,396,13,2,11, 0.00000000000000E+0000, 0.00000000000000E+0000,Excluded
226,16,4,16,5,11, 0.00000000000000E+0000, 0.00000000000000E+0000,Excluded
226,16,400,13,2,11, 0.00000000000000E+0000, 0.00000000000000E+0000,Excluded
226,16,401,16,4,12, 0.00000000000000E+0000, 0.00000000000000E+0000,Excluded
226,16,406,16,6,10, 0.00000000000000E+0000, 0.00000000000000E+0000,Excluded
226,16,412,15,4,11, 0.00000000000000E+0000, 0.00000000000000E+0000,Excluded
226,16,413,16,2,14, 0.00000000000000E+0000, 0.00000000000000E+0000,Excluded
226,16,421,16,2,14, 0.00000000000000E+0000, 0.00000000000000E+0000,Excluded
226,16,423,16,2,14, 0.00000000000000E+0000, 0.00000000000000E+0000,Excluded
226,16,424,16,4,12, 0.00000000000000E+0000, 0.00000000000000E+0000,Excluded
226,16,426,16,4,12, 0.00000000000000E+0000, 0.00000000000000E+0000,Excluded
226,16,43,16,3,13, 0.00000000000000E+0000, 0.00000000000000E+0000,Excluded
226,16,430,14,3,11, 0.00000000000000E+0000, 0.00000000000000E+0000,Excluded
226,16,435,16,2,14, 0.00000000000000E+0000, 0.00000000000000E+0000,Excluded
226,16,44,16,4,12, 0.00000000000000E+0000, 0.00000000000000E+0000,Excluded
226,16,461,16,3,13, 0.00000000000000E+0000, 0.00000000000000E+0000,Excluded
226,16,476,16,6,10, 0.00000000000000E+0000, 0.00000000000000E+0000,Excluded
226,16,478,16,5,11, 0.00000000000000E+0000, 0.00000000000000E+0000,Excluded
226,16,48,16,5,11, 0.00000000000000E+0000, 0.00000000000000E+0000,Excluded
226,16,484,16,2,14, 0.00000000000000E+0000, 0.00000000000000E+0000,Excluded
226,16,489,16,5,11, 0.00000000000000E+0000, 0.00000000000000E+0000,Excluded
226,16,492,13,0,13, 0.00000000000000E+0000, 0.00000000000000E+0000,Excluded
226,16,493,16,2,14, 0.00000000000000E+0000, 0.00000000000000E+0000,Excluded
226,16,494,16,5,11, 0.00000000000000E+0000, 0.00000000000000E+0000,Excluded
226,16,500,16,6,10, 0.00000000000000E+0000, 0.00000000000000E+0000,Excluded
226,16,504,16,1,15, 0.00000000000000E+0000, 0.00000000000000E+0000,Excluded
226,16,506,16,5,11, 0.00000000000000E+0000, 0.00000000000000E+0000,Excluded
226,16,52,16,2,14, 0.00000000000000E+0000, 0.00000000000000E+0000,Excluded
226,16,55,16,4,12, 0.00000000000000E+0000, 0.00000000000000E+0000,Excluded
226,16,57,16,7,9, 0.00000000000000E+0000, 0.00000000000000E+0000,Excluded
226,16,59,16,11,5, 0.00000000000000E+0000, 0.00000000000000E+0000,Excluded
226,16,6,16,3,13, 0.00000000000000E+0000, 0.00000000000000E+0000,Excluded
226,16,60,16,3,13, 0.00000000000000E+0000, 0.00000000000000E+0000,Excluded
226,16,61,16,3,13, 0.00000000000000E+0000, 0.00000000000000E+0000,Excluded
226,16,62,16,2,14, 0.00000000000000E+0000, 0.00000000000000E+0000,Excluded
226,16,65,16,2,14, 0.00000000000000E+0000, 0.00000000000000E+0000,Excluded
226,16,73,16,1,15, 0.00000000000000E+0000, 0.00000000000000E+0000,Excluded
226,16,75,16,0,16, 0.00000000000000E+0000, 0.00000000000000E+0000,Excluded
226,16,76,16,3,13, 0.00000000000000E+0000, 0.00000000000000E+0000,Excluded
226,16,77,16,5,11, 0.00000000000000E+0000, 0.00000000000000E+0000,Excluded
226,16,78,16,3,13, 0.00000000000000E+0000, 0.00000000000000E+0000,Excluded
226,16,79,16,2,14, 0.00000000000000E+0000, 0.00000000000000E+0000,Excluded
226,16,8,16,5,11, 0.00000000000000E+0000, 0.00000000000000E+0000,Excluded
226,16,84,16,3,13, 0.00000000000000E+0000, 0.00000000000000E+0000,Excluded
226,16,85,16,2,14, 0.00000000000000E+0000, 0.00000000000000E+0000,Excluded
226,16,86,16,1,15, 0.00000000000000E+0000, 0.00000000000000E+0000,Excluded
226,16,89,16,5,11, 0.00000000000000E+0000, 0.00000000000000E+0000,Excluded
226,16,94,16,5,11, 0.00000000000000E+0000, 0.00000000000000E+0000,Excluded
226,16,95,16,9,7, 0.00000000000000E+0000, 0.00000000000000E+0000,Excluded
226,16,96,16,3,13, 0.00000000000000E+0000, 0.00000000000000E+0000,Excluded
226,16,98,16,4,12, 0.00000000000000E+0000, 0.00000000000000E+0000,Excluded
23,15,230,16,2,13, 0.00000000000000E+0000, 0.00000000000000E+0000,Excluded
23,15,232,16,2,13, 0.00000000000000E+0000, 0.00000000000000E+0000,Excluded
23,15,238,16,3,12, 0.00000000000000E+0000, 0.00000000000000E+0000,Excluded
23,15,24,15,1,14, 0.00000000000000E+0000, 0.00000000000000E+0000,Excluded
23,15,242,16,4,11, 0.00000000000000E+0000, 0.00000000000000E+0000,Excluded
23,15,243,16,1,14, 0.00000000000000E+0000, 0.00000000000000E+0000,Excluded
23,15,244,16,4,11, 0.00000000000000E+0000, 0.00000000000000E+0000,Excluded
23,15,25,15,2,13, 0.00000000000000E+0000, 0.00000000000000E+0000,Excluded
23,15,251,16,4,11, 0.00000000000000E+0000, 0.00000000000000E+0000,Excluded
23,15,26,16,3,12, 0.00000000000000E+0000, 0.00000000000000E+0000,Excluded
23,15,266,16,4,11, 0.00000000000000E+0000, 0.00000000000000E+0000,Excluded
23,15,267,16,5,10, 0.00000000000000E+0000, 0.00000000000000E+0000,Excluded
23,15,268,16,1,14, 0.00000000000000E+0000, 0.00000000000000E+0000,Excluded
23,15,270,16,2,13, 0.00000000000000E+0000, 0.00000000000000E+0000,Excluded
23,15,276,16,4,11, 0.00000000000000E+0000, 0.00000000000000E+0000,Excluded
23,15,28,16,2,13, 0.00000000000000E+0000, 0.00000000000000E+0000,Excluded
23,15,29,16,4,11, 0.00000000000000E+0000, 0.00000000000000E+0000,Excluded
23,15,298,15,3,11, 0.00000000000000E+0000, 0.00000000000000E+0000,Excluded
23,15,3,16,4,11, 0.00000000000000E+0000, 0.00000000000000E+0000,Excluded
23,15,30,16,4,11, 0.00000000000000E+0000, 0.00000000000000E+0000,Excluded
23,15,306,16,4,11, 0.00000000000000E+0000, 0.00000000000000E+0000,Excluded
23,15,308,16,4,11, 0.00000000000000E+0000, 0.00000000000000E+0000,Excluded
23,15,311,15,3,11, 0.00000000000000E+0000, 0.00000000000000E+0000,Excluded
23,15,323,16,3,12, 0.00000000000000E+0000, 0.00000000000000E+0000,Excluded
23,15,327,16,3,12, 0.00000000000000E+0000, 0.00000000000000E+0000,Excluded
23,15,33,16,3,12, 0.00000000000000E+0000, 0.00000000000000E+0000,Excluded
23,15,334,16,5,10, 0.00000000000000E+0000, 0.00000000000000E+0000,Excluded
23,15,338,16,3,12, 0.00000000000000E+0000, 0.00000000000000E+0000,Excluded
23,15,341,16,4,11, 0.00000000000000E+0000, 0.00000000000000E+0000,Excluded
23,15,346,16,4,11, 0.00000000000000E+0000, 0.00000000000000E+0000,Excluded
23,15,348,16,1,14, 0.00000000000000E+0000, 0.00000000000000E+0000,Excluded
23,15,351,16,4,11, 0.00000000000000E+0000, 0.00000000000000E+0000,Excluded
23,15,362,16,4,11, 0.00000000000000E+0000, 0.00000000000000E+0000,Excluded
23,15,364,16,2,13, 0.00000000000000E+0000, 0.00000000000000E+0000,Excluded
23,15,366,16,4,11, 0.00000000000000E+0000, 0.00000000000000E+0000,Excluded
23,15,37,16,4,11, 0.00000000000000E+0000, 0.00000000000000E+0000,Excluded
23,15,376,16,4,11, 0.00000000000000E+0000, 0.00000000000000E+0000,Excluded
23,15,377,15,5,9, 0.00000000000000E+0000, 0.00000000000000E+0000,Excluded
23,15,378,16,7,8, 0.00000000000000E+0000, 0.00000000000000E+0000,Excluded
23,15,38,16,2,13, 0.00000000000000E+0000, 0.00000000000000E+0000,Excluded
23,15,388,16,7,8, 0.00000000000000E+0000, 0.00000000000000E+0000,Excluded
23,15,391,16,5,10, 0.00000000000000E+0000, 0.00000000000000E+0000,Excluded
23,15,396,13,2,10, 0.00000000000000E+0000, 0.00000000000000E+0000,Excluded
23,15,4,16,4,11, 0.00000000000000E+0000, 0.00000000000000E+0000,Excluded
23,15,400,13,4,8, 0.00000000000000E+0000, 0.00000000000000E+0000,Excluded
23,15,401,16,2,13, 0.00000000000000E+0000, 0.00000000000000E+0000,Excluded
23,15,406,16,5,10, 0.00000000000000E+0000, 0.00000000000000E+0000,Excluded
23,15,412,15,5,9, 0.00000000000000E+0000, 0.00000000000000E+0000,Excluded
23,15,413,16,3,12, 0.00000000000000E+0000, 0.00000000000000E+0000,Excluded
23,15,421,16,3,12, 0.00000000000000E+0000, 0.00000000000000E+0000,Excluded
23,15,423,16,1,14, 0.00000000000000E+0000, 0.00000000000000E+0000,Excluded
23,15,424,16,8,7, 0.00000000000000E+0000, 0.00000000000000E+0000,Excluded
23,15,426,16,8,7, 0.00000000000000E+0000, 0.00000000000000E+0000,Excluded
23,15,43,16,4,11, 0.00000000000000E+0000, 0.00000000000000E+0000,Excluded
23,15,430,14,3,10, 0.00000000000000E+0000, 0.00000000000000E+0000,Excluded
23,15,435,16,3,12, 0.00000000000000E+0000, 0.00000000000000E+0000,Excluded
23,15,44,16,2,13, 0.00000000000000E+0000, 0.00000000000000E+0000,Excluded
23,15,461,16,3,12, 0.00000000000000E+0000, 0.00000000000000E+0000,Excluded
23,15,476,16,3,12, 0.00000000000000E+0000, 0.00000000000000E+0000,Excluded
23,15,478,16,2,13, 0.00000000000000E+0000, 0.00000000000000E+0000,Excluded
23,15,48,16,3,12, 0.00000000000000E+0000, 0.00000000000000E+0000,Excluded
23,15,484,16,6,9, 0.00000000000000E+0000, 0.00000000000000E+0000,Excluded
23,15,489,16,3,12, 0.00000000000000E+0000, 0.00000000000000E+0000,Excluded
23,15,492,13,4,8, 0.00000000000000E+0000, 0.00000000000000E+0000,Excluded
23,15,493,16,4,11, 0.00000000000000E+0000, 0.00000000000000E+0000,Excluded
23,15,494,16,0,15, 0.00000000000000E+0000, 0.00000000000000E+0000,Excluded
23,15,500,16,0,15, 0.00000000000000E+0000, 0.00000000000000E+0000,Excluded
23,15,504,16,4,11, 0.00000000000000E+0000, 0.00000000000000E+0000,Excluded
23,15,506,16,6,9, 0.00000000000000E+0000, 0.00000000000000E+0000,Excluded
23,15,52,16,5,10, 0.00000000000000E+0000, 0.00000000000000E+0000,Excluded
23,15,55,16,4,11, 0.00000000000000E+0000, 0.00000000000000E+0000,Excluded
23,15,57,16,3,12, 0.00000000000000E+0000, 0.00000000000000E+0000,Excluded
23,15,59,16,1,14, 0.00000000000000E+0000, 0.00000000000000E+0000,Excluded
23,15,6,16,4,11, 0.00000000000000E+0000, 0.00000000000000E+0000,Excluded
23,15,60,16,4,11, 0.00000000000000E+0000, 0.00000000000000E+0000,Excluded
23,15,61,16,2,13, 0.00000000000000E+0000, 0.00000000000000E+0000,Excluded
23,15,62,16,5,10, 0.00000000000000E+0000, 0.00000000000000E+0000,Excluded
23,15,65,16,2,13, 0.00000000000000E+0000, 0.00000000000000E+0000,Excluded
23,15,73,16,6,9, 0.00000000000000E+0000, 0.00000000000000E+0000,Excluded
23,15,75,16,2,13, 0.00000000000000E+0000, 0.00000000000000E+0000,Excluded
23,15,76,16,2,13, 0.00000000000000E+0000, 0.00000000000000E+0000,Excluded
23,15,77,16,4,11, 0.00000000000000E+0000, 0.00000000000000E+0000,Excluded
23,15,78,16,2,13, 0.00000000000000E+0000, 0.00000000000000E+0000,Excluded
23,15,79,16,1,14, 0.00000000000000E+0000, 0.00000000000000E+0000,Excluded
23,15,8,16,4,11, 0.00000000000000E+0000, 0.00000000000000E+0000,Excluded
23,15,84,16,3,12, 0.00000000000000E+0000, 0.00000000000000E+0000,Excluded
23,15,85,16,1,14, 0.00000000000000E+0000, 0.00000000000000E+0000,Excluded
23,15,86,16,2,13, 0.00000000000000E+0000, 0.00000000000000E+0000,Excluded
23,15,89,16,4,11, 0.00000000000000E+0000, 0.00000000000000E+0000,Excluded
23,15,94,16,3,12, 0.00000000000000E+0000, 0.00000000000000E+0000,Excluded
23,15,95,16,2,13, 0.00000000000000E+0000, 0.00000000000000E+0000,Excluded
23,15,96,16,4,11, 0.00000000000000E+0000, 0.00000000000000E+0000,Excluded
23,15,98,16,3,12, 0.00000000000000E+0000, 0.00000000000000E+0000,Excluded
230,16,232,16,7,9, 0.00000000000000E+0000, 0.00000000000000E+0000,Excluded
230,16,238,16,0,16, 0.00000000000000E+0000, 0.00000000000000E+0000,Excluded
230,16,24,15,1,14, 0.00000000000000E+0000, 0.00000000000000E+0000,Excluded
230,16,242,16,1,15, 0.00000000000000E+0000, 0.00000000000000E+0000,Excluded
230,16,243,16,5,11, 0.00000000000000E+0000, 0.00000000000000E+0000,Excluded
230,16,244,16,4,12, 0.00000000000000E+0000, 0.00000000000000E+0000,Excluded
230,16,25,15,2,13, 0.00000000000000E+0000, 0.00000000000000E+0000,Excluded
230,16,251,16,1,15, 0.00000000000000E+0000, 0.00000000000000E+0000,Excluded
230,16,26,16,5,11, 0.00000000000000E+0000, 0.00000000000000E+0000,Excluded
230,16,266,16,4,12, 0.00000000000000E+0000, 0.00000000000000E+0000,Excluded
230,16,267,16,2,14, 0.00000000000000E+0000, 0.00000000000000E+0000,Excluded
230,16,268,16,2,14, 0.00000000000000E+0000, 0.00000000000000E+0000,Excluded
230,16,270,16,2,14, 0.00000000000000E+0000, 0.00000000000000E+0000,Excluded
230,16,276,16,6,10, 0.00000000000000E+0000, 0.00000000000000E+0000,Excluded
230,16,28,16,4,12, 0.00000000000000E+0000, 0.00000000000000E+0000,Excluded
230,16,29,16,5,11, 0.00000000000000E+0000, 0.00000000000000E+0000,Excluded
230,16,298,15,1,14, 0.00000000000000E+0000, 0.00000000000000E+0000,Excluded
230,16,3,16,5,11, 0.00000000000000E+0000, 0.00000000000000E+0000,Excluded
230,16,30,16,5,11, 0.00000000000000E+0000, 0.00000000000000E+0000,Excluded
230,16,306,16,1,15, 0.00000000000000E+0000, 0.00000000000000E+0000,Excluded
230,16,308,16,1,15, 0.00000000000000E+0000, 0.00000000000000E+0000,Excluded
230,16,311,15,4,11, 0.00000000000000E+0000, 0.00000000000000E+0000,Excluded
230,16,323,16,3,13, 0.00000000000000E+0000, 0.00000000000000E+0000,Excluded
230,16,327,16,3,13, 0.00000000000000E+0000, 0.00000000000000E+0000,Excluded
230,16,33,16,3,13, 0.00000000000000E+0000, 0.00000000000000E+0000,Excluded
230,16,334,16,1,15, 0.00000000000000E+0000, 0.00000000000000E+0000,Excluded
230,16,338,16,4,12, 0.00000000000000E+0000, 0.00000000000000E+0000,Excluded
230,16,341,16,4,12, 0.00000000000000E+0000, 0.00000000000000E+0000,Excluded
230,16,346,16,2,14, 0.00000000000000E+0000, 0.00000000000000E+0000,Excluded
230,16,348,16,3,13, 0.00000000000000E+0000, 0.00000000000000E+0000,Excluded
230,16,351,16,3,13, 0.00000000000000E+0000, 0.00000000000000E+0000,Excluded
230,16,362,16,6,10, 0.00000000000000E+0000, 0.00000000000000E+0000,Excluded
230,16,364,16,2,14, 0.00000000000000E+0000, 0.00000000000000E+0000,Excluded
230,16,366,16,3,13, 0.00000000000000E+0000, 0.00000000000000E+0000,Excluded
230,16,37,16,3,13, 0.00000000000000E+0000, 0.00000000000000E+0000,Excluded
230,16,376,16,7,9, 0.00000000000000E+0000, 0.00000000000000E+0000,Excluded
230,16,377,15,3,12, 0.00000000000000E+0000, 0.00000000000000E+0000,Excluded
230,16,378,16,5,11, 0.00000000000000E+0000, 0.00000000000000E+0000,Excluded
230,16,38,16,3,13, 0.00000000000000E+0000, 0.00000000000000E+0000,Excluded
230,16,388,16,3,13, 0.00000000000000E+0000, 0.00000000000000E+0000,Excluded
230,16,391,16,2,14, 0.00000000000000E+0000, 0.00000000000000E+0000,Excluded
230,16,396,13,2,11, 0.00000000000000E+0000, 0.00000000000000E+0000,Excluded
230,16,4,16,5,11, 0.00000000000000E+0000, 0.00000000000000E+0000,Excluded
230,16,400,13,1,12, 0.00000000000000E+0000, 0.00000000000000E+0000,Excluded
230,16,401,16,6,10, 0.00000000000000E+0000, 0.00000000000000E+0000,Excluded
230,16,406,16,3,13, 0.00000000000000E+0000, 0.00000000000000E+0000,Excluded
230,16,412,15,3,12, 0.00000000000000E+0000, 0.00000000000000E+0000,Excluded
230,16,413,16,2,14, 0.00000000000000E+0000, 0.00000000000000E+0000,Excluded
230,16,421,16,3,13, 0.00000000000000E+0000, 0.00000000000000E+0000,Excluded
230,16,423,16,3,13, 0.00000000000000E+0000, 0.00000000000000E+0000,Excluded
230,16,424,16,3,13, 0.00000000000000E+0000, 0.00000000000000E+0000,Excluded
230,16,426,16,2,14, 0.00000000000000E+0000, 0.00000000000000E+0000,Excluded
230,16,43,16,5,11, 0.00000000000000E+0000, 0.00000000000000E+0000,Excluded
230,16,430,14,4,10, 0.00000000000000E+0000, 0.00000000000000E+0000,Excluded
230,16,435,16,2,14, 0.00000000000000E+0000, 0.00000000000000E+0000,Excluded
230,16,44,16,2,14, 0.00000000000000E+0000, 0.00000000000000E+0000,Excluded
230,16,461,16,2,14, 0.00000000000000E+0000, 0.00000000000000E+0000,Excluded
230,16,476,16,4,12, 0.00000000000000E+0000, 0.00000000000000E+0000,Excluded
230,16,478,16,2,14, 0.00000000000000E+0000, 0.00000000000000E+0000,Excluded
230,16,48,16,2,14, 0.00000000000000E+0000, 0.00000000000000E+0000,Excluded
230,16,484,16,1,15, 0.00000000000000E+0000, 0.00000000000000E+0000,Excluded
230,16,489,16,3,13, 0.00000000000000E+0000, 0.00000000000000E+0000,Excluded
230,16,492,13,1,12, 0.00000000000000E+0000, 0.00000000000000E+0000,Excluded
230,16,493,16,1,15, 0.00000000000000E+0000, 0.00000000000000E+0000,Excluded
230,16,494,16,2,14, 0.00000000000000E+0000, 0.00000000000000E+0000,Excluded
230,16,500,16,8,8, 0.00000000000000E+0000, 0.00000000000000E+0000,Excluded
230,16,504,16,2,14, 0.00000000000000E+0000, 0.00000000000000E+0000,Excluded
230,16,506,16,1,15, 0.00000000000000E+0000, 0.00000000000000E+0000,Excluded
230,16,52,16,3,13, 0.00000000000000E+0000, 0.00000000000000E+0000,Excluded
230,16,55,16,5,11, 0.00000000000000E+0000, 0.00000000000000E+0000,Excluded
230,16,57,16,3,13, 0.00000000000000E+0000, 0.00000000000000E+0000,Excluded
230,16,59,16,4,12, 0.00000000000000E+0000, 0.00000000000000E+0000,Excluded
230,16,6,16,6,10, 0.00000000000000E+0000, 0.00000000000000E+0000,Excluded
230,16,60,16,4,12, 0.00000000000000E+0000, 0.00000000000000E+0000,Excluded
230,16,61,16,4,12, 0.00000000000000E+0000, 0.00000000000000E+0000,Excluded
230,16,62,16,4,12, 0.00000000000000E+0000, 0.00000000000000E+0000,Excluded
230,16,65,16,1,15, 0.00000000000000E+0000, 0.00000000000000E+0000,Excluded
230,16,73,16,2,14, 0.00000000000000E+0000, 0.00000000000000E+0000,Excluded
230,16,75,16,0,16, 0.00000000000000E+0000, 0.00000000000000E+0000,Excluded
230,16,76,16,5,11, 0.00000000000000E+0000, 0.00000000000000E+0000,Excluded
230,16,77,16,1,15, 0.00000000000000E+0000, 0.00000000000000E+0000,Excluded
230,16,78,16,4,12, 0.00000000000000E+0000, 0.00000000000000E+0000,Excluded
230,16,79,16,2,14, 0.00000000000000E+0000, 0.00000000000000E+0000,Excluded
230,16,8,16,5,11, 0.00000000000000E+0000, 0.00000000000000E+0000,Excluded
230,16,84,16,3,13, 0.00000000000000E+0000, 0.00000000000000E+0000,Excluded
230,16,85,16,3,13, 0.00000000000000E+0000, 0.00000000000000E+0000,Excluded
230,16,86,16,3,13, 0.00000000000000E+0000, 0.00000000000000E+0000,Excluded
230,16,89,16,3,13, 0.00000000000000E+0000, 0.00000000000000E+0000,Excluded
230,16,94,16,5,11, 0.00000000000000E+0000, 0.00000000000000E+0000,Excluded
230,16,95,16,3,13, 0.00000000000000E+0000, 0.00000000000000E+0000,Excluded
230,16,96,16,4,12, 0.00000000000000E+0000, 0.00000000000000E+0000,Excluded
230,16,98,16,2,14, 0.00000000000000E+0000, 0.00000000000000E+0000,Excluded
232,16,238,16,2,14, 0.00000000000000E+0000, 0.00000000000000E+0000,Excluded
232,16,24,15,3,12, 0.00000000000000E+0000, 0.00000000000000E+0000,Excluded
232,16,242,16,1,15, 0.00000000000000E+0000, 0.00000000000000E+0000,Excluded
232,16,243,16,5,11, 0.00000000000000E+0000, 0.00000000000000E+0000,Excluded
232,16,244,16,5,11, 0.00000000000000E+0000, 0.00000000000000E+0000,Excluded
232,16,25,15,1,14, 0.00000000000000E+0000, 0.00000000000000E+0000,Excluded
232,16,251,16,3,13, 0.00000000000000E+0000, 0.00000000000000E+0000,Excluded
232,16,26,16,4,12, 0.00000000000000E+0000, 0.00000000000000E+0000,Excluded
232,16,266,16,2,14, 0.00000000000000E+0000, 0.00000000000000E+0000,Excluded
232,16,267,16,5,11, 0.00000000000000E+0000, 0.00000000000000E+0000,Excluded
232,16,268,16,2,14, 0.00000000000000E+0000, 0.00000000000000E+0000,Excluded
232,16,270,16,4,12, 0.00000000000000E+0000, 0.00000000000000E+0000,Excluded
232,16,276,16,7,9, 0.00000000000000E+0000, 0.00000000000000E+0000,Excluded
232,16,28,16,4,12, 0.00000000000000E+0000, 0.00000000000000E+0000,Excluded
232,16,29,16,4,12, 0.00000000000000E+0000, 0.00000000000000E+0000,Excluded
232,16,298,15,2,13, 0.00000000000000E+0000, 0.00000000000000E+0000,Excluded
232,16,3,16,7,9, 0.00000000000000E+0000, 0.00000000000000E+0000,Excluded
232,16,30,16,4,12, 0.00000000000000E+0000, 0.00000000000000E+0000,Excluded
232,16,306,16,5,11, 0.00000000000000E+0000, 0.00000000000000E+0000,Excluded
232,16,308,16,1,15, 0.00000000000000E+0000, 0.00000000000000E+0000,Excluded
232,16,311,15,4,11, 0.00000000000000E+0000, 0.00000000000000E+0000,Excluded
232,16,323,16,4,12, 0.00000000000000E+0000, 0.00000000000000E+0000,Excluded
232,16,327,16,4,12, 0.00000000000000E+0000, 0.00000000000000E+0000,Excluded
232,16,33,16,3,13, 0.00000000000000E+0000, 0.00000000000000E+0000,Excluded
232,16,334,16,1,15, 0.00000000000000E+0000, 0.00000000000000E+0000,Excluded
232,16,338,16,4,12, 0.00000000000000E+0000, 0.00000000000000E+0000,Excluded
232,16,341,16,4,12, 0.00000000000000E+0000, 0.00000000000000E+0000,Excluded
232,16,346,16,4,12, 0.00000000000000E+0000, 0.00000000000000E+0000,Excluded
232,16,348,16,4,12, 0.00000000000000E+0000, 0.00000000000000E+0000,Excluded
232,16,351,16,3,13, 0.00000000000000E+0000, 0.00000000000000E+0000,Excluded
232,16,362,16,4,12, 0.00000000000000E+0000, 0.00000000000000E+0000,Excluded
232,16,364,16,5,11, 0.00000000000000E+0000, 0.00000000000000E+0000,Excluded
232,16,366,16,4,12, 0.00000000000000E+0000, 0.00000000000000E+0000,Excluded
232,16,37,16,3,13, 0.00000000000000E+0000, 0.00000000000000E+0000,Excluded
232,16,376,16,6,10, 0.00000000000000E+0000, 0.00000000000000E+0000,Excluded
232,16,377,15,5,10, 0.00000000000000E+0000, 0.00000000000000E+0000,Excluded
232,16,378,16,6,10, 0.00000000000000E+0000, 0.00000000000000E+0000,Excluded
232,16,38,16,4,12, 0.00000000000000E+0000, 0.00000000000000E+0000,Excluded
232,16,388,16,3,13, 0.00000000000000E+0000, 0.00000000000000E+0000,Excluded
232,16,391,16,5,11, 0.00000000000000E+0000, 0.00000000000000E+0000,Excluded
232,16,396,13,4,9, 0.00000000000000E+0000, 0.00000000000000E+0000,Excluded
232,16,4,16,3,13, 0.00000000000000E+0000, 0.00000000000000E+0000,Excluded
232,16,400,13,3,10, 0.00000000000000E+0000, 0.00000000000000E+0000,Excluded
232,16,401,16,3,13, 0.00000000000000E+0000, 0.00000000000000E+0000,Excluded
232,16,406,16,6,10, 0.00000000000000E+0000, 0.00000000000000E+0000,Excluded
232,16,412,15,5,10, 0.00000000000000E+0000, 0.00000000000000E+0000,Excluded
232,16,413,16,3,13, 0.00000000000000E+0000, 0.00000000000000E+0000,Excluded
232,16,421,16,3,13, 0.00000000000000E+0000, 0.00000000000000E+0000,Excluded
232,16,423,16,3,13, 0.00000000000000E+0000, 0.00000000000000E+0000,Excluded
232,16,424,16,7,9, 0.00000000000000E+0000, 0.00000000000000E+0000,Excluded
232,16,426,16,6,10, 0.00000000000000E+0000, 0.00000000000000E+0000,Excluded
232,16,43,16,3,13, 0.00000000000000E+0000, 0.00000000000000E+0000,Excluded
232,16,430,14,5,9, 0.00000000000000E+0000, 0.00000000000000E+0000,Excluded
232,16,435,16,4,12, 0.00000000000000E+0000, 0.00000000000000E+0000,Excluded
232,16,44,16,3,13, 0.00000000000000E+0000, 0.00000000000000E+0000,Excluded
232,16,461,16,3,13, 0.00000000000000E+0000, 0.00000000000000E+0000,Excluded
232,16,476,16,4,12, 0.00000000000000E+0000, 0.00000000000000E+0000,Excluded
232,16,478,16,6,10, 0.00000000000000E+0000, 0.00000000000000E+0000,Excluded
232,16,48,16,2,14, 0.00000000000000E+0000, 0.00000000000000E+0000,Excluded
232,16,484,16,2,14, 0.00000000000000E+0000, 0.00000000000000E+0000,Excluded
232,16,489,16,6,10, 0.00000000000000E+0000, 0.00000000000000E+0000,Excluded
232,16,492,13,1,12, 0.00000000000000E+0000, 0.00000000000000E+0000,Excluded
232,16,493,16,0,16, 0.00000000000000E+0000, 0.00000000000000E+0000,Excluded
232,16,494,16,4,12, 0.00000000000000E+0000, 0.00000000000000E+0000,Excluded
232,16,500,16,8,8, 0.00000000000000E+0000, 0.00000000000000E+0000,Excluded
232,16,504,16,5,11, 0.00000000000000E+0000, 0.00000000000000E+0000,Excluded
232,16,506,16,4,12, 0.00000000000000E+0000, 0.00000000000000E+0000,Excluded
232,16,52,16,3,13, 0.00000000000000E+0000, 0.00000000000000E+0000,Excluded
232,16,55,16,3,13, 0.00000000000000E+0000, 0.00000000000000E+0000,Excluded
232,16,57,16,6,10, 0.00000000000000E+0000, 0.00000000000000E+0000,Excluded
232,16,59,16,5,11, 0.00000000000000E+0000, 0.00000000000000E+0000,Excluded
232,16,6,16,5,11, 0.00000000000000E+0000, 0.00000000000000E+0000,Excluded
232,16,60,16,4,12, 0.00000000000000E+0000, 0.00000000000000E+0000,Excluded
232,16,61,16,5,11, 0.00000000000000E+0000, 0.00000000000000E+0000,Excluded
232,16,62,16,5,11, 0.00000000000000E+0000, 0.00000000000000E+0000,Excluded
232,16,65,16,2,14, 0.00000000000000E+0000, 0.00000000000000E+0000,Excluded
232,16,73,16,5,11, 0.00000000000000E+0000, 0.00000000000000E+0000,Excluded
232,16,75,16,1,15, 0.00000000000000E+0000, 0.00000000000000E+0000,Excluded
232,16,76,16,4,12, 0.00000000000000E+0000, 0.00000000000000E+0000,Excluded
232,16,77,16,3,13, 0.00000000000000E+0000, 0.00000000000000E+0000,Excluded
232,16,78,16,5,11, 0.00000000000000E+0000, 0.00000000000000E+0000,Excluded
232,16,79,16,4,12, 0.00000000000000E+0000, 0.00000000000000E+0000,Excluded
232,16,8,16,5,11, 0.00000000000000E+0000, 0.00000000000000E+0000,Excluded
232,16,84,16,5,11, 0.00000000000000E+0000, 0.00000000000000E+0000,Excluded
232,16,85,16,3,13, 0.00000000000000E+0000, 0.00000000000000E+0000,Excluded
232,16,86,16,4,12, 0.00000000000000E+0000, 0.00000000000000E+0000,Excluded
232,16,89,16,6,10, 0.00000000000000E+0000, 0.00000000000000E+0000,Excluded
232,16,94,16,5,11, 0.00000000000000E+0000, 0.00000000000000E+0000,Excluded
232,16,95,16,5,11, 0.00000000000000E+0000, 0.00000000000000E+0000,Excluded
232,16,96,16,4,12, 0.00000000000000E+0000, 0.00000000000000E+0000,Excluded
232,16,98,16,2,14, 0.00000000000000E+0000, 0.00000000000000E+0000,Excluded
238,16,24,15,1,14, 0.00000000000000E+0000, 0.00000000000000E+0000,Excluded
238,16,242,16,3,13, 0.00000000000000E+0000, 0.00000000000000E+0000,Excluded
238,16,243,16,1,15, 0.00000000000000E+0000, 0.00000000000000E+0000,Excluded
238,16,244,16,1,15, 0.00000000000000E+0000, 0.00000000000000E+0000,Excluded
238,16,25,15,1,14, 0.00000000000000E+0000, 0.00000000000000E+0000,Excluded
238,16,251,16,2,14, 0.00000000000000E+0000, 0.00000000000000E+0000,Excluded
238,16,26,16,3,13, 0.00000000000000E+0000, 0.00000000000000E+0000,Excluded
238,16,266,16,0,16, 0.00000000000000E+0000, 0.00000000000000E+0000,Excluded
238,16,267,16,3,13, 0.00000000000000E+0000, 0.00000000000000E+0000,Excluded
238,16,268,16,2,14, 0.00000000000000E+0000, 0.00000000000000E+0000,Excluded
238,16,270,16,3,13, 0.00000000000000E+0000, 0.00000000000000E+0000,Excluded
238,16,276,16,2,14, 0.00000000000000E+0000, 0.00000000000000E+0000,Excluded
238,16,28,16,2,14, 0.00000000000000E+0000, 0.00000000000000E+0000,Excluded
238,16,29,16,2,14, 0.00000000000000E+0000, 0.00000000000000E+0000,Excluded
238,16,298,15,1,14, 0.00000000000000E+0000, 0.00000000000000E+0000,Excluded
238,16,3,16,2,14, 0.00000000000000E+0000, 0.00000000000000E+0000,Excluded
238,16,30,16,2,14, 0.00000000000000E+0000, 0.00000000000000E+0000,Excluded
238,16,306,16,3,13, 0.00000000000000E+0000, 0.00000000000000E+0000,Excluded
238,16,308,16,3,13, 0.00000000000000E+0000, 0.00000000000000E+0000,Excluded
238,16,311,15,0,15, 0.00000000000000E+0000, 0.00000000000000E+0000,Excluded
238,16,323,16,3,13, 0.00000000000000E+0000, 0.00000000000000E+0000,Excluded
238,16,327,16,1,15, 0.00000000000000E+0000, 0.00000000000000E+0000,Excluded
238,16,33,16,1,15, 0.00000000000000E+0000, 0.00000000000000E+0000,Excluded
238,16,334,16,2,14, 0.00000000000000E+0000, 0.00000000000000E+0000,Excluded
238,16,338,16,2,14, 0.00000000000000E+0000, 0.00000000000000E+0000,Excluded
238,16,341,16,1,15, 0.00000000000000E+0000, 0.00000000000000E+0000,Excluded
238,16,346,16,3,13, 0.00000000000000E+0000, 0.00000000000000E+0000,Excluded
238,16,348,16,2,14, 0.00000000000000E+0000, 0.00000000000000E+0000,Excluded
238,16,351,16,2,14, 0.00000000000000E+0000, 0.00000000000000E+0000,Excluded
238,16,362,16,3,13, 0.00000000000000E+0000, 0.00000000000000E+0000,Excluded
238,16,364,16,3,13, 0.00000000000000E+0000, 0.00000000000000E+0000,Excluded
238,16,366,16,2,14, 0.00000000000000E+0000, 0.00000000000000E+0000,Excluded
238,16,37,16,2,14, 0.00000000000000E+0000, 0.00000000000000E+0000,Excluded
238,16,376,16,1,15, 0.00000000000000E+0000, 0.00000000000000E+0000,Excluded
238,16,377,15,2,13, 0.00000000000000E+0000, 0.00000000000000E+0000,Excluded
238,16,378,16,1,15, 0.00000000000000E+0000, 0.00000000000000E+0000,Excluded
238,16,38,16,2,14, 0.00000000000000E+0000, 0.00000000000000E+0000,Excluded
238,16,388,16,0,16, 0.00000000000000E+0000, 0.00000000000000E+0000,Excluded
238,16,391,16,1,15, 0.00000000000000E+0000, 0.00000000000000E+0000,Excluded
238,16,396,13,2,11, 0.00000000000000E+0000, 0.00000000000000E+0000,Excluded
238,16,4,16,2,14, 0.00000000000000E+0000, 0.00000000000000E+0000,Excluded
238,16,400,13,2,11, 0.00000000000000E+0000, 0.00000000000000E+0000,Excluded
238,16,401,16,2,14, 0.00000000000000E+0000, 0.00000000000000E+0000,Excluded
238,16,406,16,1,15, 0.00000000000000E+0000, 0.00000000000000E+0000,Excluded
238,16,412,15,3,12, 0.00000000000000E+0000, 0.00000000000000E+0000,Excluded
238,16,413,16,1,15, 0.00000000000000E+0000, 0.00000000000000E+0000,Excluded
238,16,421,16,0,16, 0.00000000000000E+0000, 0.00000000000000E+0000,Excluded
238,16,423,16,1,15, 0.00000000000000E+0000, 0.00000000000000E+0000,Excluded
238,16,424,16,3,13, 0.00000000000000E+0000, 0.00000000000000E+0000,Excluded
238,16,426,16,1,15, 0.00000000000000E+0000, 0.00000000000000E+0000,Excluded
238,16,43,16,3,13, 0.00000000000000E+0000, 0.00000000000000E+0000,Excluded
238,16,430,14,2,12, 0.00000000000000E+0000, 0.00000000000000E+0000,Excluded
238,16,435,16,3,13, 0.00000000000000E+0000, 0.00000000000000E+0000,Excluded
238,16,44,16,2,14, 0.00000000000000E+0000, 0.00000000000000E+0000,Excluded
238,16,461,16,1,15, 0.00000000000000E+0000, 0.00000000000000E+0000,Excluded
238,16,476,16,1,15, 0.00000000000000E+0000, 0.00000000000000E+0000,Excluded
238,16,478,16,3,13, 0.00000000000000E+0000, 0.00000000000000E+0000,Excluded
238,16,48,16,3,13, 0.00000000000000E+0000, 0.00000000000000E+0000,Excluded
238,16,484,16,0,16, 0.00000000000000E+0000, 0.00000000000000E+0000,Excluded
238,16,489,16,2,14, 0.00000000000000E+0000, 0.00000000000000E+0000,Excluded
238,16,492,13,1,12, 0.00000000000000E+0000, 0.00000000000000E+0000,Excluded
238,16,493,16,5,11, 0.00000000000000E+0000, 0.00000000000000E+0000,Excluded
238,16,494,16,2,14, 0.00000000000000E+0000, 0.00000000000000E+0000,Excluded
238,16,500,16,2,14, 0.00000000000000E+0000, 0.00000000000000E+0000,Excluded
238,16,504,16,0,16, 0.00000000000000E+0000, 0.00000000000000E+0000,Excluded
238,16,506,16,2,14, 0.00000000000000E+0000, 0.00000000000000E+0000,Excluded
238,16,52,16,2,14, 0.00000000000000E+0000, 0.00000000000000E+0000,Excluded
238,16,55,16,2,14, 0.00000000000000E+0000, 0.00000000000000E+0000,Excluded
238,16,57,16,2,14, 0.00000000000000E+0000, 0.00000000000000E+0000,Excluded
238,16,59,16,2,14, 0.00000000000000E+0000, 0.00000000000000E+0000,Excluded
238,16,6,16,0,16, 0.00000000000000E+0000, 0.00000000000000E+0000,Excluded
238,16,60,16,0,16, 0.00000000000000E+0000, 0.00000000000000E+0000,Excluded
238,16,61,16,1,15, 0.00000000000000E+0000, 0.00000000000000E+0000,Excluded
238,16,62,16,2,14, 0.00000000000000E+0000, 0.00000000000000E+0000,Excluded
238,16,65,16,4,12, 0.00000000000000E+0000, 0.00000000000000E+0000,Excluded
238,16,73,16,1,15, 0.00000000000000E+0000, 0.00000000000000E+0000,Excluded
238,16,75,16,1,15, 0.00000000000000E+0000, 0.00000000000000E+0000,Excluded
238,16,76,16,2,14, 0.00000000000000E+0000, 0.00000000000000E+0000,Excluded
238,16,77,16,3,13, 0.00000000000000E+0000, 0.00000000000000E+0000,Excluded
238,16,78,16,3,13, 0.00000000000000E+0000, 0.00000000000000E+0000,Excluded
238,16,79,16,4,12, 0.00000000000000E+0000, 0.00000000000000E+0000,Excluded
238,16,8,16,2,14, 0.00000000000000E+0000, 0.00000000000000E+0000,Excluded
238,16,84,16,2,14, 0.00000000000000E+0000, 0.00000000000000E+0000,Excluded
238,16,85,16,4,12, 0.00000000000000E+0000, 0.00000000000000E+0000,Excluded
238,16,86,16,4,12, 0.00000000000000E+0000, 0.00000000000000E+0000,Excluded
238,16,89,16,1,15, 0.00000000000000E+0000, 0.00000000000000E+0000,Excluded
238,16,94,16,4,12, 0.00000000000000E+0000, 0.00000000000000E+0000,Excluded
238,16,95,16,3,13, 0.00000000000000E+0000, 0.00000000000000E+0000,Excluded
238,16,96,16,3,13, 0.00000000000000E+0000, 0.00000000000000E+0000,Excluded
238,16,98,16,3,13, 0.00000000000000E+0000, 0.00000000000000E+0000,Excluded
24,15,242,16,1,14, 0.00000000000000E+0000, 0.00000000000000E+0000,Excluded
24,15,243,16,1,14, 0.00000000000000E+0000, 0.00000000000000E+0000,Excluded
24,15,244,16,1,14, 0.00000000000000E+0000, 0.00000000000000E+0000,Excluded
24,15,25,15,3,12, 0.00000000000000E+0000, 0.00000000000000E+0000,Excluded
24,15,251,16,3,12, 0.00000000000000E+0000, 0.00000000000000E+0000,Excluded
24,15,26,16,3,12, 0.00000000000000E+0000, 0.00000000000000E+0000,Excluded
24,15,266,16,2,13, 0.00000000000000E+0000, 0.00000000000000E+0000,Excluded
24,15,267,16,2,13, 0.00000000000000E+0000, 0.00000000000000E+0000,Excluded
24,15,268,16,2,13, 0.00000000000000E+0000, 0.00000000000000E+0000,Excluded
24,15,270,16,3,12, 0.00000000000000E+0000, 0.00000000000000E+0000,Excluded
24,15,276,16,5,10, 0.00000000000000E+0000, 0.00000000000000E+0000,Excluded
24,15,28,16,5,10, 0.00000000000000E+0000, 0.00000000000000E+0000,Excluded
24,15,29,16,5,10, 0.00000000000000E+0000, 0.00000000000000E+0000,Excluded
24,15,298,15,2,12, 0.00000000000000E+0000, 0.00000000000000E+0000,Excluded
24,15,3,16,1,14, 0.00000000000000E+0000, 0.00000000000000E+0000,Excluded
24,15,30,16,4,11, 0.00000000000000E+0000, 0.00000000000000E+0000,Excluded
24,15,306,16,3,12, 0.00000000000000E+0000, 0.00000000000000E+0000,Excluded
24,15,308,16,3,12, 0.00000000000000E+0000, 0.00000000000000E+0000,Excluded
24,15,311,15,2,12, 0.00000000000000E+0000, 0.00000000000000E+0000,Excluded
24,15,323,16,2,13, 0.00000000000000E+0000, 0.00000000000000E+0000,Excluded
24,15,327,16,7,8, 0.00000000000000E+0000, 0.00000000000000E+0000,Excluded
24,15,33,16,2,13, 0.00000000000000E+0000, 0.00000000000000E+0000,Excluded
24,15,334,16,2,13, 0.00000000000000E+0000, 0.00000000000000E+0000,Excluded
24,15,338,16,2,13, 0.00000000000000E+0000, 0.00000000000000E+0000,Excluded
24,15,341,16,1,14, 0.00000000000000E+0000, 0.00000000000000E+0000,Excluded
24,15,346,16,1,14, 0.00000000000000E+0000, 0.00000000000000E+0000,Excluded
24,15,348,16,1,14, 0.00000000000000E+0000, 0.00000000000000E+0000,Excluded
24,15,351,16,4,11, 0.00000000000000E+0000, 0.00000000000000E+0000,Excluded
24,15,362,16,3,12, 0.00000000000000E+0000, 0.00000000000000E+0000,Excluded
24,15,364,16,4,11, 0.00000000000000E+0000, 0.00000000000000E+0000,Excluded
24,15,366,16,2,13, 0.00000000000000E+0000, 0.00000000000000E+0000,Excluded
24,15,37,16,3,12, 0.00000000000000E+0000, 0.00000000000000E+0000,Excluded
24,15,376,16,1,14, 0.00000000000000E+0000, 0.00000000000000E+0000,Excluded
24,15,377,15,2,12, 0.00000000000000E+0000, 0.00000000000000E+0000,Excluded
24,15,378,16,3,12, 0.00000000000000E+0000, 0.00000000000000E+0000,Excluded
24,15,38,16,2,13, 0.00000000000000E+0000, 0.00000000000000E+0000,Excluded
24,15,388,16,1,14, 0.00000000000000E+0000, 0.00000000000000E+0000,Excluded
24,15,391,16,1,14, 0.00000000000000E+0000, 0.00000000000000E+0000,Excluded
24,15,396,13,3,9, 0.00000000000000E+0000, 0.00000000000000E+0000,Excluded
24,15,4,16,2,13, 0.00000000000000E+0000, 0.00000000000000E+0000,Excluded
24,15,400,13,1,11, 0.00000000000000E+0000, 0.00000000000000E+0000,Excluded
24,15,401,16,1,14, 0.00000000000000E+0000, 0.00000000000000E+0000,Excluded
24,15,406,16,2,13, 0.00000000000000E+0000, 0.00000000000000E+0000,Excluded
24,15,412,15,2,12, 0.00000000000000E+0000, 0.00000000000000E+0000,Excluded
24,15,413,16,3,12, 0.00000000000000E+0000, 0.00000000000000E+0000,Excluded
24,15,421,16,3,12, 0.00000000000000E+0000, 0.00000000000000E+0000,Excluded
24,15,423,16,3,12, 0.00000000000000E+0000, 0.00000000000000E+0000,Excluded
24,15,424,16,2,13, 0.00000000000000E+0000, 0.00000000000000E+0000,Excluded
24,15,426,16,1,14, 0.00000000000000E+0000, 0.00000000000000E+0000,Excluded
24,15,43,16,4,11, 0.00000000000000E+0000, 0.00000000000000E+0000,Excluded
24,15,430,14,4,9, 0.00000000000000E+0000, 0.00000000000000E+0000,Excluded
24,15,435,16,1,14, 0.00000000000000E+0000, 0.00000000000000E+0000,Excluded
24,15,44,16,2,13, 0.00000000000000E+0000, 0.00000000000000E+0000,Excluded
24,15,461,16,4,11, 0.00000000000000E+0000, 0.00000000000000E+0000,Excluded
24,15,476,16,0,15, 0.00000000000000E+0000, 0.00000000000000E+0000,Excluded
24,15,478,16,3,12, 0.00000000000000E+0000, 0.00000000000000E+0000,Excluded
24,15,48,16,2,13, 0.00000000000000E+0000, 0.00000000000000E+0000,Excluded
24,15,484,16,1,14, 0.00000000000000E+0000, 0.00000000000000E+0000,Excluded
24,15,489,16,4,11, 0.00000000000000E+0000, 0.00000000000000E+0000,Excluded
24,15,492,13,2,10, 0.00000000000000E+0000, 0.00000000000000E+0000,Excluded
24,15,493,16,3,12, 0.00000000000000E+0000, 0.00000000000000E+0000,Excluded
24,15,494,16,3,12, 0.00000000000000E+0000, 0.00000000000000E+0000,Excluded
24,15,500,16,1,14, 0.00000000000000E+0000, 0.00000000000000E+0000,Excluded
24,15,504,16,5,10, 0.00000000000000E+0000, 0.00000000000000E+0000,Excluded
24,15,506,16,2,13, 0.00000000000000E+0000, 0.00000000000000E+0000,Excluded
24,15,52,16,3,12, 0.00000000000000E+0000, 0.00000000000000E+0000,Excluded
24,15,55,16,2,13, 0.00000000000000E+0000, 0.00000000000000E+0000,Excluded
24,15,57,16,1,14, 0.00000000000000E+0000, 0.00000000000000E+0000,Excluded
24,15,59,16,0,15, 0.00000000000000E+0000, 0.00000000000000E+0000,Excluded
24,15,6,16,3,12, 0.00000000000000E+0000, 0.00000000000000E+0000,Excluded
24,15,60,16,3,12, 0.00000000000000E+0000, 0.00000000000000E+0000,Excluded
24,15,61,16,3,12, 0.00000000000000E+0000, 0.00000000000000E+0000,Excluded
24,15,62,16,1,14, 0.00000000000000E+0000, 0.00000000000000E+0000,Excluded
24,15,65,16,2,13, 0.00000000000000E+0000, 0.00000000000000E+0000,Excluded
24,15,73,16,5,10, 0.00000000000000E+0000, 0.00000000000000E+0000,Excluded
24,15,75,16,3,12, 0.00000000000000E+0000, 0.00000000000000E+0000,Excluded
24,15,76,16,2,13, 0.00000000000000E+0000, 0.00000000000000E+0000,Excluded
24,15,77,16,1,14, 0.00000000000000E+0000, 0.00000000000000E+0000,Excluded
24,15,78,16,1,14, 0.00000000000000E+0000, 0.00000000000000E+0000,Excluded
24,15,79,16,0,15, 0.00000000000000E+0000, 0.00000000000000E+0000,Excluded
24,15,8,16,3,12, 0.00000000000000E+0000, 0.00000000000000E+0000,Excluded
24,15,84,16,3,12, 0.00000000000000E+0000, 0.00000000000000E+0000,Excluded
24,15,85,16,2,13, 0.00000000000000E+0000, 0.00000000000000E+0000,Excluded
24,15,86,16,4,11, 0.00000000000000E+0000, 0.00000000000000E+0000,Excluded
24,15,89,16,4,11, 0.00000000000000E+0000, 0.00000000000000E+0000,Excluded
24,15,94,16,3,12, 0.00000000000000E+0000, 0.00000000000000E+0000,Excluded
24,15,95,16,2,13, 0.00000000000000E+0000, 0.00000000000000E+0000,Excluded
24,15,96,16,2,13, 0.00000000000000E+0000, 0.00000000000000E+0000,Excluded
24,15,98,16,2,13, 0.00000000000000E+0000, 0.00000000000000E+0000,Excluded
242,16,243,16,1,15, 0.00000000000000E+0000, 0.00000000000000E+0000,Excluded
242,16,244,16,2,14, 0.00000000000000E+0000, 0.00000000000000E+0000,Excluded
242,16,25,15,2,13, 0.00000000000000E+0000, 0.00000000000000E+0000,Excluded
242,16,251,16,5,11, 0.00000000000000E+0000, 0.00000000000000E+0000,Excluded
242,16,26,16,3,13, 0.00000000000000E+0000, 0.00000000000000E+0000,Excluded
242,16,266,16,3,13, 0.00000000000000E+0000, 0.00000000000000E+0000,Excluded
242,16,267,16,3,13, 0.00000000000000E+0000, 0.00000000000000E+0000,Excluded
242,16,268,16,3,13, 0.00000000000000E+0000, 0.00000000000000E+0000,Excluded
242,16,270,16,3,13, 0.00000000000000E+0000, 0.00000000000000E+0000,Excluded
242,16,276,16,2,14, 0.00000000000000E+0000, 0.00000000000000E+0000,Excluded
242,16,28,16,1,15, 0.00000000000000E+0000, 0.00000000000000E+0000,Excluded
242,16,29,16,1,15, 0.00000000000000E+0000, 0.00000000000000E+0000,Excluded
242,16,298,15,3,12, 0.00000000000000E+0000, 0.00000000000000E+0000,Excluded
242,16,3,16,4,12, 0.00000000000000E+0000, 0.00000000000000E+0000,Excluded
242,16,30,16,1,15, 0.00000000000000E+0000, 0.00000000000000E+0000,Excluded
242,16,306,16,4,12, 0.00000000000000E+0000, 0.00000000000000E+0000,Excluded
242,16,308,16,3,13, 0.00000000000000E+0000, 0.00000000000000E+0000,Excluded
242,16,311,15,2,13, 0.00000000000000E+0000, 0.00000000000000E+0000,Excluded
242,16,323,16,3,13, 0.00000000000000E+0000, 0.00000000000000E+0000,Excluded
242,16,327,16,2,14, 0.00000000000000E+0000, 0.00000000000000E+0000,Excluded
242,16,33,16,4,12, 0.00000000000000E+0000, 0.00000000000000E+0000,Excluded
242,16,334,16,6,10, 0.00000000000000E+0000, 0.00000000000000E+0000,Excluded
242,16,338,16,2,14, 0.00000000000000E+0000, 0.00000000000000E+0000,Excluded
242,16,341,16,4,12, 0.00000000000000E+0000, 0.00000000000000E+0000,Excluded
242,16,346,16,5,11, 0.00000000000000E+0000, 0.00000000000000E+0000,Excluded
242,16,348,16,0,16, 0.00000000000000E+0000, 0.00000000000000E+0000,Excluded
242,16,351,16,6,10, 0.00000000000000E+0000, 0.00000000000000E+0000,Excluded
242,16,362,16,2,14, 0.00000000000000E+0000, 0.00000000000000E+0000,Excluded
242,16,364,16,3,13, 0.00000000000000E+0000, 0.00000000000000E+0000,Excluded
242,16,366,16,4,12, 0.00000000000000E+0000, 0.00000000000000E+0000,Excluded
242,16,37,16,6,10, 0.00000000000000E+0000, 0.00000000000000E+0000,Excluded
242,16,376,16,2,14, 0.00000000000000E+0000, 0.00000000000000E+0000,Excluded
242,16,377,15,2,13, 0.00000000000000E+0000, 0.00000000000000E+0000,Excluded
242,16,378,16,2,14, 0.00000000000000E+0000, 0.00000000000000E+0000,Excluded
242,16,38,16,3,13, 0.00000000000000E+0000, 0.00000000000000E+0000,Excluded
242,16,388,16,3,13, 0.00000000000000E+0000, 0.00000000000000E+0000,Excluded
242,16,391,16,4,12, 0.00000000000000E+0000, 0.00000000000000E+0000,Excluded
242,16,396,13,2,11, 0.00000000000000E+0000, 0.00000000000000E+0000,Excluded
242,16,4,16,5,11, 0.00000000000000E+0000, 0.00000000000000E+0000,Excluded
242,16,400,13,1,12, 0.00000000000000E+0000, 0.00000000000000E+0000,Excluded
242,16,401,16,2,14, 0.00000000000000E+0000, 0.00000000000000E+0000,Excluded
242,16,406,16,4,12, 0.00000000000000E+0000, 0.00000000000000E+0000,Excluded
242,16,412,15,4,11, 0.00000000000000E+0000, 0.00000000000000E+0000,Excluded
242,16,413,16,1,15, 0.00000000000000E+0000, 0.00000000000000E+0000,Excluded
242,16,421,16,3,13, 0.00000000000000E+0000, 0.00000000000000E+0000,Excluded
242,16,423,16,1,15, 0.00000000000000E+0000, 0.00000000000000E+0000,Excluded
242,16,424,16,6,10, 0.00000000000000E+0000, 0.00000000000000E+0000,Excluded
242,16,426,16,3,13, 0.00000000000000E+0000, 0.00000000000000E+0000,Excluded
242,16,43,16,2,14, 0.00000000000000E+0000, 0.00000000000000E+0000,Excluded
242,16,430,14,2,12, 0.00000000000000E+0000, 0.00000000000000E+0000,Excluded
242,16,435,16,3,13, 0.00000000000000E+0000, 0.00000000000000E+0000,Excluded
242,16,44,16,3,13, 0.00000000000000E+0000, 0.00000000000000E+0000,Excluded
242,16,461,16,2,14, 0.00000000000000E+0000, 0.00000000000000E+0000,Excluded
242,16,476,16,2,14, 0.00000000000000E+0000, 0.00000000000000E+0000,Excluded
242,16,478,16,3,13, 0.00000000000000E+0000, 0.00000000000000E+0000,Excluded
242,16,48,16,3,13, 0.00000000000000E+0000, 0.00000000000000E+0000,Excluded
242,16,484,16,3,13, 0.00000000000000E+0000, 0.00000000000000E+0000,Excluded
242,16,489,16,3,13, 0.00000000000000E+0000, 0.00000000000000E+0000,Excluded
242,16,492,13,3,10, 0.00000000000000E+0000, 0.00000000000000E+0000,Excluded
242,16,493,16,2,14, 0.00000000000000E+0000, 0.00000000000000E+0000,Excluded
242,16,494,16,2,14, 0.00000000000000E+0000, 0.00000000000000E+0000,Excluded
242,16,500,16,1,15, 0.00000000000000E+0000, 0.00000000000000E+0000,Excluded
242,16,504,16,2,14, 0.00000000000000E+0000, 0.00000000000000E+0000,Excluded
242,16,506,16,3,13, 0.00000000000000E+0000, 0.00000000000000E+0000,Excluded
242,16,52,16,2,14, 0.00000000000000E+0000, 0.00000000000000E+0000,Excluded
242,16,55,16,4,12, 0.00000000000000E+0000, 0.00000000000000E+0000,Excluded
242,16,57,16,4,12, 0.00000000000000E+0000, 0.00000000000000E+0000,Excluded
242,16,59,16,2,14, 0.00000000000000E+0000, 0.00000000000000E+0000,Excluded
242,16,6,16,2,14, 0.00000000000000E+0000, 0.00000000000000E+0000,Excluded
242,16,60,16,2,14, 0.00000000000000E+0000, 0.00000000000000E+0000,Excluded
242,16,61,16,3,13, 0.00000000000000E+0000, 0.00000000000000E+0000,Excluded
242,16,62,16,3,13, 0.00000000000000E+0000, 0.00000000000000E+0000,Excluded
242,16,65,16,5,11, 0.00000000000000E+0000, 0.00000000000000E+0000,Excluded
242,16,73,16,2,14, 0.00000000000000E+0000, 0.00000000000000E+0000,Excluded
242,16,75,16,0,16, 0.00000000000000E+0000, 0.00000000000000E+0000,Excluded
242,16,76,16,3,13, 0.00000000000000E+0000, 0.00000000000000E+0000,Excluded
242,16,77,16,2,14, 0.00000000000000E+0000, 0.00000000000000E+0000,Excluded
242,16,78,16,2,14, 0.00000000000000E+0000, 0.00000000000000E+0000,Excluded
242,16,79,16,1,15, 0.00000000000000E+0000, 0.00000000000000E+0000,Excluded
242,16,8,16,3,13, 0.00000000000000E+0000, 0.00000000000000E+0000,Excluded
242,16,84,16,3,13, 0.00000000000000E+0000, 0.00000000000000E+0000,Excluded
242,16,85,16,2,14, 0.00000000000000E+0000, 0.00000000000000E+0000,Excluded
242,16,86,16,0,16, 0.00000000000000E+0000, 0.00000000000000E+0000,Excluded
242,16,89,16,3,13, 0.00000000000000E+0000, 0.00000000000000E+0000,Excluded
242,16,94,16,2,14, 0.00000000000000E+0000, 0.00000000000000E+0000,Excluded
242,16,95,16,2,14, 0.00000000000000E+0000, 0.00000000000000E+0000,Excluded
242,16,96,16,1,15, 0.00000000000000E+0000, 0.00000000000000E+0000,Excluded
242,16,98,16,2,14, 0.00000000000000E+0000, 0.00000000000000E+0000,Excluded
243,16,244,16,4,12, 0.00000000000000E+0000, 0.00000000000000E+0000,Excluded
243,16,25,15,2,13, 0.00000000000000E+0000, 0.00000000000000E+0000,Excluded
243,16,251,16,2,14, 0.00000000000000E+0000, 0.00000000000000E+0000,Excluded
243,16,26,16,2,14, 0.00000000000000E+0000, 0.00000000000000E+0000,Excluded
243,16,266,16,2,14, 0.00000000000000E+0000, 0.00000000000000E+0000,Excluded
243,16,267,16,1,15, 0.00000000000000E+0000, 0.00000000000000E+0000,Excluded
243,16,268,16,3,13, 0.00000000000000E+0000, 0.00000000000000E+0000,Excluded
243,16,270,16,1,15, 0.00000000000000E+0000, 0.00000000000000E+0000,Excluded
243,16,276,16,5,11, 0.00000000000000E+0000, 0.00000000000000E+0000,Excluded
243,16,28,16,2,14, 0.00000000000000E+0000, 0.00000000000000E+0000,Excluded
243,16,29,16,3,13, 0.00000000000000E+0000, 0.00000000000000E+0000,Excluded
243,16,298,15,1,14, 0.00000000000000E+0000, 0.00000000000000E+0000,Excluded
243,16,3,16,4,12, 0.00000000000000E+0000, 0.00000000000000E+0000,Excluded
243,16,30,16,3,13, 0.00000000000000E+0000, 0.00000000000000E+0000,Excluded
243,16,306,16,2,14, 0.00000000000000E+0000, 0.00000000000000E+0000,Excluded
243,16,308,16,2,14, 0.00000000000000E+0000, 0.00000000000000E+0000,Excluded
243,16,311,15,6,9, 0.00000000000000E+0000, 0.00000000000000E+0000,Excluded
243,16,323,16,3,13, 0.00000000000000E+0000, 0.00000000000000E+0000,Excluded
243,16,327,16,1,15, 0.00000000000000E+0000, 0.00000000000000E+0000,Excluded
243,16,33,16,3,13, 0.00000000000000E+0000, 0.00000000000000E+0000,Excluded
243,16,334,16,1,15, 0.00000000000000E+0000, 0.00000000000000E+0000,Excluded
243,16,338,16,3,13, 0.00000000000000E+0000, 0.00000000000000E+0000,Excluded
243,16,341,16,3,13, 0.00000000000000E+0000, 0.00000000000000E+0000,Excluded
243,16,346,16,1,15, 0.00000000000000E+0000, 0.00000000000000E+0000,Excluded
243,16,348,16,5,11, 0.00000000000000E+0000, 0.00000000000000E+0000,Excluded
243,16,351,16,1,15, 0.00000000000000E+0000, 0.00000000000000E+0000,Excluded
243,16,362,16,3,13, 0.00000000000000E+0000, 0.00000000000000E+0000,Excluded
243,16,364,16,4,12, 0.00000000000000E+0000, 0.00000000000000E+0000,Excluded
243,16,366,16,3,13, 0.00000000000000E+0000, 0.00000000000000E+0000,Excluded
243,16,37,16,3,13, 0.00000000000000E+0000, 0.00000000000000E+0000,Excluded
243,16,376,16,4,12, 0.00000000000000E+0000, 0.00000000000000E+0000,Excluded
243,16,377,15,3,12, 0.00000000000000E+0000, 0.00000000000000E+0000,Excluded
243,16,378,16,3,13, 0.00000000000000E+0000, 0.00000000000000E+0000,Excluded
243,16,38,16,2,14, 0.00000000000000E+0000, 0.00000000000000E+0000,Excluded
243,16,388,16,2,14, 0.00000000000000E+0000, 0.00000000000000E+0000,Excluded
243,16,391,16,3,13, 0.00000000000000E+0000, 0.00000000000000E+0000,Excluded
243,16,396,13,2,11, 0.00000000000000E+0000, 0.00000000000000E+0000,Excluded
243,16,4,16,1,15, 0.00000000000000E+0000, 0.00000000000000E+0000,Excluded
243,16,400,13,1,12, 0.00000000000000E+0000, 0.00000000000000E+0000,Excluded
243,16,401,16,4,12, 0.00000000000000E+0000, 0.00000000000000E+0000,Excluded
243,16,406,16,3,13, 0.00000000000000E+0000, 0.00000000000000E+0000,Excluded
243,16,412,15,3,12, 0.00000000000000E+0000, 0.00000000000000E+0000,Excluded
243,16,413,16,1,15, 0.00000000000000E+0000, 0.00000000000000E+0000,Excluded
243,16,421,16,1,15, 0.00000000000000E+0000, 0.00000000000000E+0000,Excluded
243,16,423,16,2,14, 0.00000000000000E+0000, 0.00000000000000E+0000,Excluded
243,16,424,16,1,15, 0.00000000000000E+0000, 0.00000000000000E+0000,Excluded
243,16,426,16,3,13, 0.00000000000000E+0000, 0.00000000000000E+0000,Excluded
243,16,43,16,2,14, 0.00000000000000E+0000, 0.00000000000000E+0000,Excluded
243,16,430,14,2,12, 0.00000000000000E+0000, 0.00000000000000E+0000,Excluded
243,16,435,16,1,15, 0.00000000000000E+0000, 0.00000000000000E+0000,Excluded
243,16,44,16,2,14, 0.00000000000000E+0000, 0.00000000000000E+0000,Excluded
243,16,461,16,4,12, 0.00000000000000E+0000, 0.00000000000000E+0000,Excluded
243,16,476,16,7,9, 0.00000000000000E+0000, 0.00000000000000E+0000,Excluded
243,16,478,16,4,12, 0.00000000000000E+0000, 0.00000000000000E+0000,Excluded
243,16,48,16,3,13, 0.00000000000000E+0000, 0.00000000000000E+0000,Excluded
243,16,484,16,2,14, 0.00000000000000E+0000, 0.00000000000000E+0000,Excluded
243,16,489,16,2,14, 0.00000000000000E+0000, 0.00000000000000E+0000,Excluded
243,16,492,13,1,12, 0.00000000000000E+0000, 0.00000000000000E+0000,Excluded
243,16,493,16,1,15, 0.00000000000000E+0000, 0.00000000000000E+0000,Excluded
243,16,494,16,1,15, 0.00000000000000E+0000, 0.00000000000000E+0000,Excluded
243,16,500,16,4,12, 0.00000000000000E+0000, 0.00000000000000E+0000,Excluded
243,16,504,16,4,12, 0.00000000000000E+0000, 0.00000000000000E+0000,Excluded
243,16,506,16,2,14, 0.00000000000000E+0000, 0.00000000000000E+0000,Excluded
243,16,52,16,1,15, 0.00000000000000E+0000, 0.00000000000000E+0000,Excluded
243,16,55,16,2,14, 0.00000000000000E+0000, 0.00000000000000E+0000,Excluded
243,16,57,16,4,12, 0.00000000000000E+0000, 0.00000000000000E+0000,Excluded
243,16,59,16,4,12, 0.00000000000000E+0000, 0.00000000000000E+0000,Excluded
243,16,6,16,4,12, 0.00000000000000E+0000, 0.00000000000000E+0000,Excluded
243,16,60,16,4,12, 0.00000000000000E+0000, 0.00000000000000E+0000,Excluded
243,16,61,16,2,14, 0.00000000000000E+0000, 0.00000000000000E+0000,Excluded
243,16,62,16,3,13, 0.00000000000000E+0000, 0.00000000000000E+0000,Excluded
243,16,65,16,3,13, 0.00000000000000E+0000, 0.00000000000000E+0000,Excluded
243,16,73,16,3,13, 0.00000000000000E+0000, 0.00000000000000E+0000,Excluded
243,16,75,16,1,15, 0.00000000000000E+0000, 0.00000000000000E+0000,Excluded
243,16,76,16,3,13, 0.00000000000000E+0000, 0.00000000000000E+0000,Excluded
243,16,77,16,2,14, 0.00000000000000E+0000, 0.00000000000000E+0000,Excluded
243,16,78,16,3,13, 0.00000000000000E+0000, 0.00000000000000E+0000,Excluded
243,16,79,16,3,13, 0.00000000000000E+0000, 0.00000000000000E+0000,Excluded
243,16,8,16,2,14, 0.00000000000000E+0000, 0.00000000000000E+0000,Excluded
243,16,84,16,3,13, 0.00000000000000E+0000, 0.00000000000000E+0000,Excluded
243,16,85,16,3,13, 0.00000000000000E+0000, 0.00000000000000E+0000,Excluded
243,16,86,16,3,13, 0.00000000000000E+0000, 0.00000000000000E+0000,Excluded
243,16,89,16,4,12, 0.00000000000000E+0000, 0.00000000000000E+0000,Excluded
243,16,94,16,2,14, 0.00000000000000E+0000, 0.00000000000000E+0000,Excluded
243,16,95,16,3,13, 0.00000000000000E+0000, 0.00000000000000E+0000,Excluded
243,16,96,16,3,13, 0.00000000000000E+0000, 0.00000000000000E+0000,Excluded
243,16,98,16,6,10, 0.00000000000000E+0000, 0.00000000000000E+0000,Excluded
244,16,25,15,0,15, 0.00000000000000E+0000, 0.00000000000000E+0000,Excluded
244,16,251,16,4,12, 0.00000000000000E+0000, 0.00000000000000E+0000,Excluded
244,16,26,16,2,14, 0.00000000000000E+0000, 0.00000000000000E+0000,Excluded
244,16,266,16,1,15, 0.00000000000000E+0000, 0.00000000000000E+0000,Excluded
244,16,267,16,2,14, 0.00000000000000E+0000, 0.00000000000000E+0000,Excluded
244,16,268,16,2,14, 0.00000000000000E+0000, 0.00000000000000E+0000,Excluded
244,16,270,16,3,13, 0.00000000000000E+0000, 0.00000000000000E+0000,Excluded
244,16,276,16,3,13, 0.00000000000000E+0000, 0.00000000000000E+0000,Excluded
244,16,28,16,4,12, 0.00000000000000E+0000, 0.00000000000000E+0000,Excluded
244,16,29,16,5,11, 0.00000000000000E+0000, 0.00000000000000E+0000,Excluded
244,16,298,15,1,14, 0.00000000000000E+0000, 0.00000000000000E+0000,Excluded
244,16,3,16,5,11, 0.00000000000000E+0000, 0.00000000000000E+0000,Excluded
244,16,30,16,3,13, 0.00000000000000E+0000, 0.00000000000000E+0000,Excluded
244,16,306,16,2,14, 0.00000000000000E+0000, 0.00000000000000E+0000,Excluded
244,16,308,16,3,13, 0.00000000000000E+0000, 0.00000000000000E+0000,Excluded
244,16,311,15,3,12, 0.00000000000000E+0000, 0.00000000000000E+0000,Excluded
244,16,323,16,3,13, 0.00000000000000E+0000, 0.00000000000000E+0000,Excluded
244,16,327,16,1,15, 0.00000000000000E+0000, 0.00000000000000E+0000,Excluded
244,16,33,16,4,12, 0.00000000000000E+0000, 0.00000000000000E+0000,Excluded
244,16,334,16,3,13, 0.00000000000000E+0000, 0.00000000000000E+0000,Excluded
244,16,338,16,2,14, 0.00000000000000E+0000, 0.00000000000000E+0000,Excluded
244,16,341,16,4,12, 0.00000000000000E+0000, 0.00000000000000E+0000,Excluded
244,16,346,16,5,11, 0.00000000000000E+0000, 0.00000000000000E+0000,Excluded
244,16,348,16,3,13, 0.00000000000000E+0000, 0.00000000000000E+0000,Excluded
244,16,351,16,3,13, 0.00000000000000E+0000, 0.00000000000000E+0000,Excluded
244,16,362,16,2,14, 0.00000000000000E+0000, 0.00000000000000E+0000,Excluded
244,16,364,16,6,10, 0.00000000000000E+0000, 0.00000000000000E+0000,Excluded
244,16,366,16,4,12, 0.00000000000000E+0000, 0.00000000000000E+0000,Excluded
244,16,37,16,4,12, 0.00000000000000E+0000, 0.00000000000000E+0000,Excluded
244,16,376,16,5,11, 0.00000000000000E+0000, 0.00000000000000E+0000,Excluded
244,16,377,15,4,11, 0.00000000000000E+0000, 0.00000000000000E+0000,Excluded
244,16,378,16,5,11, 0.00000000000000E+0000, 0.00000000000000E+0000,Excluded
244,16,38,16,2,14, 0.00000000000000E+0000, 0.00000000000000E+0000,Excluded
244,16,388,16,3,13, 0.00000000000000E+0000, 0.00000000000000E+0000,Excluded
244,16,391,16,1,15, 0.00000000000000E+0000, 0.00000000000000E+0000,Excluded
244,16,396,13,1,12, 0.00000000000000E+0000, 0.00000000000000E+0000,Excluded
244,16,4,16,3,13, 0.00000000000000E+0000, 0.00000000000000E+0000,Excluded
244,16,400,13,2,11, 0.00000000000000E+0000, 0.00000000000000E+0000,Excluded
244,16,401,16,3,13, 0.00000000000000E+0000, 0.00000000000000E+0000,Excluded
244,16,406,16,3,13, 0.00000000000000E+0000, 0.00000000000000E+0000,Excluded
244,16,412,15,3,12, 0.00000000000000E+0000, 0.00000000000000E+0000,Excluded
244,16,413,16,3,13, 0.00000000000000E+0000, 0.00000000000000E+0000,Excluded
244,16,421,16,3,13, 0.00000000000000E+0000, 0.00000000000000E+0000,Excluded
244,16,423,16,2,14, 0.00000000000000E+0000, 0.00000000000000E+0000,Excluded
244,16,424,16,4,12, 0.00000000000000E+0000, 0.00000000000000E+0000,Excluded
244,16,426,16,5,11, 0.00000000000000E+0000, 0.00000000000000E+0000,Excluded
244,16,43,16,4,12, 0.00000000000000E+0000, 0.00000000000000E+0000,Excluded
244,16,430,14,2,12, 0.00000000000000E+0000, 0.00000000000000E+0000,Excluded
244,16,435,16,3,13, 0.00000000000000E+0000, 0.00000000000000E+0000,Excluded
244,16,44,16,1,15, 0.00000000000000E+0000, 0.00000000000000E+0000,Excluded
244,16,461,16,4,12, 0.00000000000000E+0000, 0.00000000000000E+0000,Excluded
244,16,476,16,3,13, 0.00000000000000E+0000, 0.00000000000000E+0000,Excluded
244,16,478,16,4,12, 0.00000000000000E+0000, 0.00000000000000E+0000,Excluded
244,16,48,16,4,12, 0.00000000000000E+0000, 0.00000000000000E+0000,Excluded
244,16,484,16,3,13, 0.00000000000000E+0000, 0.00000000000000E+0000,Excluded
244,16,489,16,2,14, 0.00000000000000E+0000, 0.00000000000000E+0000,Excluded
244,16,492,13,2,11, 0.00000000000000E+0000, 0.00000000000000E+0000,Excluded
244,16,493,16,0,16, 0.00000000000000E+0000, 0.00000000000000E+0000,Excluded
244,16,494,16,2,14, 0.00000000000000E+0000, 0.00000000000000E+0000,Excluded
244,16,500,16,4,12, 0.00000000000000E+0000, 0.00000000000000E+0000,Excluded
244,16,504,16,4,12, 0.00000000000000E+0000, 0.00000000000000E+0000,Excluded
244,16,506,16,2,14, 0.00000000000000E+0000, 0.00000000000000E+0000,Excluded
244,16,52,16,4,12, 0.00000000000000E+0000, 0.00000000000000E+0000,Excluded
244,16,55,16,2,14, 0.00000000000000E+0000, 0.00000000000000E+0000,Excluded
244,16,57,16,5,11, 0.00000000000000E+0000, 0.00000000000000E+0000,Excluded
244,16,59,16,3,13, 0.00000000000000E+0000, 0.00000000000000E+0000,Excluded
244,16,6,16,4,12, 0.00000000000000E+0000, 0.00000000000000E+0000,Excluded
244,16,60,16,2,14, 0.00000000000000E+0000, 0.00000000000000E+0000,Excluded
244,16,61,16,4,12, 0.00000000000000E+0000, 0.00000000000000E+0000,Excluded
244,16,62,16,4,12, 0.00000000000000E+0000, 0.00000000000000E+0000,Excluded
244,16,65,16,2,14, 0.00000000000000E+0000, 0.00000000000000E+0000,Excluded
244,16,73,16,2,14, 0.00000000000000E+0000, 0.00000000000000E+0000,Excluded
244,16,75,16,1,15, 0.00000000000000E+0000, 0.00000000000000E+0000,Excluded
244,16,76,16,2,14, 0.00000000000000E+0000, 0.00000000000000E+0000,Excluded
244,16,77,16,6,10, 0.00000000000000E+0000, 0.00000000000000E+0000,Excluded
244,16,78,16,3,13, 0.00000000000000E+0000, 0.00000000000000E+0000,Excluded
244,16,79,16,3,13, 0.00000000000000E+0000, 0.00000000000000E+0000,Excluded
244,16,8,16,3,13, 0.00000000000000E+0000, 0.00000000000000E+0000,Excluded
244,16,84,16,3,13, 0.00000000000000E+0000, 0.00000000000000E+0000,Excluded
244,16,85,16,3,13, 0.00000000000000E+0000, 0.00000000000000E+0000,Excluded
244,16,86,16,4,12, 0.00000000000000E+0000, 0.00000000000000E+0000,Excluded
244,16,89,16,5,11, 0.00000000000000E+0000, 0.00000000000000E+0000,Excluded
244,16,94,16,3,13, 0.00000000000000E+0000, 0.00000000000000E+0000,Excluded
244,16,95,16,4,12, 0.00000000000000E+0000, 0.00000000000000E+0000,Excluded
244,16,96,16,3,13, 0.00000000000000E+0000, 0.00000000000000E+0000,Excluded
244,16,98,16,2,14, 0.00000000000000E+0000, 0.00000000000000E+0000,Excluded
25,15,251,16,2,13, 0.00000000000000E+0000, 0.00000000000000E+0000,Excluded
25,15,26,16,3,12, 0.00000000000000E+0000, 0.00000000000000E+0000,Excluded
25,15,266,16,3,12, 0.00000000000000E+0000, 0.00000000000000E+0000,Excluded
25,15,267,16,2,13, 0.00000000000000E+0000, 0.00000000000000E+0000,Excluded
25,15,268,16,5,10, 0.00000000000000E+0000, 0.00000000000000E+0000,Excluded
25,15,270,16,2,13, 0.00000000000000E+0000, 0.00000000000000E+0000,Excluded
25,15,276,16,4,11, 0.00000000000000E+0000, 0.00000000000000E+0000,Excluded
25,15,28,16,3,12, 0.00000000000000E+0000, 0.00000000000000E+0000,Excluded
25,15,29,16,3,12, 0.00000000000000E+0000, 0.00000000000000E+0000,Excluded
25,15,298,15,3,11, 0.00000000000000E+0000, 0.00000000000000E+0000,Excluded
25,15,3,16,0,15, 0.00000000000000E+0000, 0.00000000000000E+0000,Excluded
25,15,30,16,3,12, 0.00000000000000E+0000, 0.00000000000000E+0000,Excluded
25,15,306,16,6,9, 0.00000000000000E+0000, 0.00000000000000E+0000,Excluded
25,15,308,16,3,12, 0.00000000000000E+0000, 0.00000000000000E+0000,Excluded
25,15,311,15,2,12, 0.00000000000000E+0000, 0.00000000000000E+0000,Excluded
25,15,323,16,1,14, 0.00000000000000E+0000, 0.00000000000000E+0000,Excluded
25,15,327,16,4,11, 0.00000000000000E+0000, 0.00000000000000E+0000,Excluded
25,15,33,16,3,12, 0.00000000000000E+0000, 0.00000000000000E+0000,Excluded
25,15,334,16,1,14, 0.00000000000000E+0000, 0.00000000000000E+0000,Excluded
25,15,338,16,2,13, 0.00000000000000E+0000, 0.00000000000000E+0000,Excluded
25,15,341,16,2,13, 0.00000000000000E+0000, 0.00000000000000E+0000,Excluded
25,15,346,16,2,13, 0.00000000000000E+0000, 0.00000000000000E+0000,Excluded
25,15,348,16,2,13, 0.00000000000000E+0000, 0.00000000000000E+0000,Excluded
25,15,351,16,3,12, 0.00000000000000E+0000, 0.00000000000000E+0000,Excluded
25,15,362,16,3,12, 0.00000000000000E+0000, 0.00000000000000E+0000,Excluded
25,15,364,16,2,13, 0.00000000000000E+0000, 0.00000000000000E+0000,Excluded
25,15,366,16,3,12, 0.00000000000000E+0000, 0.00000000000000E+0000,Excluded
25,15,37,16,0,15, 0.00000000000000E+0000, 0.00000000000000E+0000,Excluded
25,15,376,16,2,13, 0.00000000000000E+0000, 0.00000000000000E+0000,Excluded
25,15,377,15,2,12, 0.00000000000000E+0000, 0.00000000000000E+0000,Excluded
25,15,378,16,3,12, 0.00000000000000E+0000, 0.00000000000000E+0000,Excluded
25,15,38,16,0,15, 0.00000000000000E+0000, 0.00000000000000E+0000,Excluded
25,15,388,16,2,13, 0.00000000000000E+0000, 0.00000000000000E+0000,Excluded
25,15,391,16,4,11, 0.00000000000000E+0000, 0.00000000000000E+0000,Excluded
25,15,396,13,3,9, 0.00000000000000E+0000, 0.00000000000000E+0000,Excluded
25,15,4,16,2,13, 0.00000000000000E+0000, 0.00000000000000E+0000,Excluded
25,15,400,13,1,11, 0.00000000000000E+0000, 0.00000000000000E+0000,Excluded
25,15,401,16,2,13, 0.00000000000000E+0000, 0.00000000000000E+0000,Excluded
25,15,406,16,2,13, 0.00000000000000E+0000, 0.00000000000000E+0000,Excluded
25,15,412,15,3,11, 0.00000000000000E+0000, 0.00000000000000E+0000,Excluded
25,15,413,16,1,14, 0.00000000000000E+0000, 0.00000000000000E+0000,Excluded
25,15,421,16,4,11, 0.00000000000000E+0000, 0.00000000000000E+0000,Excluded
25,15,423,16,3,12, 0.00000000000000E+0000, 0.00000000000000E+0000,Excluded
25,15,424,16,3,12, 0.00000000000000E+0000, 0.00000000000000E+0000,Excluded
25,15,426,16,3,12, 0.00000000000000E+0000, 0.00000000000000E+0000,Excluded
25,15,43,16,2,13, 0.00000000000000E+0000, 0.00000000000000E+0000,Excluded
25,15,430,14,3,10, 0.00000000000000E+0000, 0.00000000000000E+0000,Excluded
25,15,435,16,3,12, 0.00000000000000E+0000, 0.00000000000000E+0000,Excluded
25,15,44,16,2,13, 0.00000000000000E+0000, 0.00000000000000E+0000,Excluded
25,15,461,16,2,13, 0.00000000000000E+0000, 0.00000000000000E+0000,Excluded
25,15,476,16,1,14, 0.00000000000000E+0000, 0.00000000000000E+0000,Excluded
25,15,478,16,1,14, 0.00000000000000E+0000, 0.00000000000000E+0000,Excluded
25,15,48,16,1,14, 0.00000000000000E+0000, 0.00000000000000E+0000,Excluded
25,15,484,16,2,13, 0.00000000000000E+0000, 0.00000000000000E+0000,Excluded
25,15,489,16,3,12, 0.00000000000000E+0000, 0.00000000000000E+0000,Excluded
25,15,492,13,2,10, 0.00000000000000E+0000, 0.00000000000000E+0000,Excluded
25,15,493,16,2,13, 0.00000000000000E+0000, 0.00000000000000E+0000,Excluded
25,15,494,16,0,15, 0.00000000000000E+0000, 0.00000000000000E+0000,Excluded
25,15,500,16,2,13, 0.00000000000000E+0000, 0.00000000000000E+0000,Excluded
25,15,504,16,3,12, 0.00000000000000E+0000, 0.00000000000000E+0000,Excluded
25,15,506,16,1,14, 0.00000000000000E+0000, 0.00000000000000E+0000,Excluded
25,15,52,16,1,14, 0.00000000000000E+0000, 0.00000000000000E+0000,Excluded
25,15,55,16,2,13, 0.00000000000000E+0000, 0.00000000000000E+0000,Excluded
25,15,57,16,0,15, 0.00000000000000E+0000, 0.00000000000000E+0000,Excluded
25,15,59,16,1,14, 0.00000000000000E+0000, 0.00000000000000E+0000,Excluded
25,15,6,16,6,9, 0.00000000000000E+0000, 0.00000000000000E+0000,Excluded
25,15,60,16,4,11, 0.00000000000000E+0000, 0.00000000000000E+0000,Excluded
25,15,61,16,3,12, 0.00000000000000E+0000, 0.00000000000000E+0000,Excluded
25,15,62,16,2,13, 0.00000000000000E+0000, 0.00000000000000E+0000,Excluded
25,15,65,16,3,12, 0.00000000000000E+0000, 0.00000000000000E+0000,Excluded
25,15,73,16,3,12, 0.00000000000000E+0000, 0.00000000000000E+0000,Excluded
25,15,75,16,0,15, 0.00000000000000E+0000, 0.00000000000000E+0000,Excluded
25,15,76,16,2,13, 0.00000000000000E+0000, 0.00000000000000E+0000,Excluded
25,15,77,16,1,14, 0.00000000000000E+0000, 0.00000000000000E+0000,Excluded
25,15,78,16,2,13, 0.00000000000000E+0000, 0.00000000000000E+0000,Excluded
25,15,79,16,1,14, 0.00000000000000E+0000, 0.00000000000000E+0000,Excluded
25,15,8,16,1,14, 0.00000000000000E+0000, 0.00000000000000E+0000,Excluded
25,15,84,16,4,11, 0.00000000000000E+0000, 0.00000000000000E+0000,Excluded
25,15,85,16,2,13, 0.00000000000000E+0000, 0.00000000000000E+0000,Excluded
25,15,86,16,2,13, 0.00000000000000E+0000, 0.00000000000000E+0000,Excluded
25,15,89,16,4,11, 0.00000000000000E+0000, 0.00000000000000E+0000,Excluded
25,15,94,16,4,11, 0.00000000000000E+0000, 0.00000000000000E+0000,Excluded
25,15,95,16,1,14, 0.00000000000000E+0000, 0.00000000000000E+0000,Excluded
25,15,96,16,4,11, 0.00000000000000E+0000, 0.00000000000000E+0000,Excluded
25,15,98,16,5,10, 0.00000000000000E+0000, 0.00000000000000E+0000,Excluded
251,16,26,16,3,13, 0.00000000000000E+0000, 0.00000000000000E+0000,Excluded
251,16,266,16,0,16, 0.00000000000000E+0000, 0.00000000000000E+0000,Excluded
251,16,267,16,3,13, 0.00000000000000E+0000, 0.00000000000000E+0000,Excluded
251,16,268,16,3,13, 0.00000000000000E+0000, 0.00000000000000E+0000,Excluded
251,16,270,16,5,11, 0.00000000000000E+0000, 0.00000000000000E+0000,Excluded
251,16,276,16,3,13, 0.00000000000000E+0000, 0.00000000000000E+0000,Excluded
251,16,28,16,2,14, 0.00000000000000E+0000, 0.00000000000000E+0000,Excluded
251,16,29,16,5,11, 0.00000000000000E+0000, 0.00000000000000E+0000,Excluded
251,16,298,15,5,10, 0.00000000000000E+0000, 0.00000000000000E+0000,Excluded
251,16,3,16,4,12, 0.00000000000000E+0000, 0.00000000000000E+0000,Excluded
251,16,30,16,3,13, 0.00000000000000E+0000, 0.00000000000000E+0000,Excluded
251,16,306,16,3,13, 0.00000000000000E+0000, 0.00000000000000E+0000,Excluded
251,16,308,16,7,9, 0.00000000000000E+0000, 0.00000000000000E+0000,Excluded
251,16,311,15,4,11, 0.00000000000000E+0000, 0.00000000000000E+0000,Excluded
251,16,323,16,4,12, 0.00000000000000E+0000, 0.00000000000000E+0000,Excluded
251,16,327,16,4,12, 0.00000000000000E+0000, 0.00000000000000E+0000,Excluded
251,16,33,16,2,14, 0.00000000000000E+0000, 0.00000000000000E+0000,Excluded
251,16,334,16,4,12, 0.00000000000000E+0000, 0.00000000000000E+0000,Excluded
251,16,338,16,4,12, 0.00000000000000E+0000, 0.00000000000000E+0000,Excluded
251,16,341,16,5,11, 0.00000000000000E+0000, 0.00000000000000E+0000,Excluded
251,16,346,16,6,10, 0.00000000000000E+0000, 0.00000000000000E+0000,Excluded
251,16,348,16,3,13, 0.00000000000000E+0000, 0.00000000000000E+0000,Excluded
251,16,351,16,6,10, 0.00000000000000E+0000, 0.00000000000000E+0000,Excluded
251,16,362,16,4,12, 0.00000000000000E+0000, 0.00000000000000E+0000,Excluded
251,16,364,16,3,13, 0.00000000000000E+0000, 0.00000000000000E+0000,Excluded
251,16,366,16,2,14, 0.00000000000000E+0000, 0.00000000000000E+0000,Excluded
251,16,37,16,4,12, 0.00000000000000E+0000, 0.00000000000000E+0000,Excluded
251,16,376,16,3,13, 0.00000000000000E+0000, 0.00000000000000E+0000,Excluded
251,16,377,15,8,7, 0.00000000000000E+0000, 0.00000000000000E+0000,Excluded
251,16,378,16,7,9, 0.00000000000000E+0000, 0.00000000000000E+0000,Excluded
251,16,38,16,2,14, 0.00000000000000E+0000, 0.00000000000000E+0000,Excluded
251,16,388,16,3,13, 0.00000000000000E+0000, 0.00000000000000E+0000,Excluded
251,16,391,16,4,12, 0.00000000000000E+0000, 0.00000000000000E+0000,Excluded
251,16,396,13,3,10, 0.00000000000000E+0000, 0.00000000000000E+0000,Excluded
251,16,4,16,4,12, 0.00000000000000E+0000, 0.00000000000000E+0000,Excluded
251,16,400,13,2,11, 0.00000000000000E+0000, 0.00000000000000E+0000,Excluded
251,16,401,16,2,14, 0.00000000000000E+0000, 0.00000000000000E+0000,Excluded
251,16,406,16,4,12, 0.00000000000000E+0000, 0.00000000000000E+0000,Excluded
251,16,412,15,5,10, 0.00000000000000E+0000, 0.00000000000000E+0000,Excluded
251,16,413,16,6,10, 0.00000000000000E+0000, 0.00000000000000E+0000,Excluded
251,16,421,16,6,10, 0.00000000000000E+0000, 0.00000000000000E+0000,Excluded
251,16,423,16,4,12, 0.00000000000000E+0000, 0.00000000000000E+0000,Excluded
251,16,424,16,5,11, 0.00000000000000E+0000, 0.00000000000000E+0000,Excluded
251,16,426,16,6,10, 0.00000000000000E+0000, 0.00000000000000E+0000,Excluded
251,16,43,16,4,12, 0.00000000000000E+0000, 0.00000000000000E+0000,Excluded
251,16,430,14,4,10, 0.00000000000000E+0000, 0.00000000000000E+0000,Excluded
251,16,435,16,5,11, 0.00000000000000E+0000, 0.00000000000000E+0000,Excluded
251,16,44,16,6,10, 0.00000000000000E+0000, 0.00000000000000E+0000,Excluded
251,16,461,16,7,9, 0.00000000000000E+0000, 0.00000000000000E+0000,Excluded
251,16,476,16,2,14, 0.00000000000000E+0000, 0.00000000000000E+0000,Excluded
251,16,478,16,6,10, 0.00000000000000E+0000, 0.00000000000000E+0000,Excluded
251,16,48,16,5,11, 0.00000000000000E+0000, 0.00000000000000E+0000,Excluded
251,16,484,16,5,11, 0.00000000000000E+0000, 0.00000000000000E+0000,Excluded
251,16,489,16,7,9, 0.00000000000000E+0000, 0.00000000000000E+0000,Excluded
251,16,492,13,2,11, 0.00000000000000E+0000, 0.00000000000000E+0000,Excluded
251,16,493,16,4,12, 0.00000000000000E+0000, 0.00000000000000E+0000,Excluded
251,16,494,16,2,14, 0.00000000000000E+0000, 0.00000000000000E+0000,Excluded
251,16,500,16,1,15, 0.00000000000000E+0000, 0.00000000000000E+0000,Excluded
251,16,504,16,4,12, 0.00000000000000E+0000, 0.00000000000000E+0000,Excluded
251,16,506,16,4,12, 0.00000000000000E+0000, 0.00000000000000E+0000,Excluded
251,16,52,16,6,10, 0.00000000000000E+0000, 0.00000000000000E+0000,Excluded
251,16,55,16,3,13, 0.00000000000000E+0000, 0.00000000000000E+0000,Excluded
251,16,57,16,4,12, 0.00000000000000E+0000, 0.00000000000000E+0000,Excluded
251,16,59,16,3,13, 0.00000000000000E+0000, 0.00000000000000E+0000,Excluded
251,16,6,16,2,14, 0.00000000000000E+0000, 0.00000000000000E+0000,Excluded
251,16,60,16,3,13, 0.00000000000000E+0000, 0.00000000000000E+0000,Excluded
251,16,61,16,4,12, 0.00000000000000E+0000, 0.00000000000000E+0000,Excluded
251,16,62,16,7,9, 0.00000000000000E+0000, 0.00000000000000E+0000,Excluded
251,16,65,16,6,10, 0.00000000000000E+0000, 0.00000000000000E+0000,Excluded
251,16,73,16,6,10, 0.00000000000000E+0000, 0.00000000000000E+0000,Excluded
251,16,75,16,2,14, 0.00000000000000E+0000, 0.00000000000000E+0000,Excluded
251,16,76,16,3,13, 0.00000000000000E+0000, 0.00000000000000E+0000,Excluded
251,16,77,16,4,12, 0.00000000000000E+0000, 0.00000000000000E+0000,Excluded
251,16,78,16,3,13, 0.00000000000000E+0000, 0.00000000000000E+0000,Excluded
251,16,79,16,1,15, 0.00000000000000E+0000, 0.00000000000000E+0000,Excluded
251,16,8,16,5,11, 0.00000000000000E+0000, 0.00000000000000E+0000,Excluded
251,16,84,16,8,8, 0.00000000000000E+0000, 0.00000000000000E+0000,Excluded
251,16,85,16,4,12, 0.00000000000000E+0000, 0.00000000000000E+0000,Excluded
251,16,86,16,3,13, 0.00000000000000E+0000, 0.00000000000000E+0000,Excluded
251,16,89,16,7,9, 0.00000000000000E+0000, 0.00000000000000E+0000,Excluded
251,16,94,16,6,10, 0.00000000000000E+0000, 0.00000000000000E+0000,Excluded
251,16,95,16,4,12, 0.00000000000000E+0000, 0.00000000000000E+0000,Excluded
251,16,96,16,6,10, 0.00000000000000E+0000, 0.00000000000000E+0000,Excluded
251,16,98,16,5,11, 0.00000000000000E+0000, 0.00000000000000E+0000,Excluded
26,16,266,16,2,14, 0.00000000000000E+0000, 0.00000000000000E+0000,Excluded
26,16,267,16,5,11, 0.00000000000000E+0000, 0.00000000000000E+0000,Excluded
26,16,268,16,3,13, 0.00000000000000E+0000, 0.00000000000000E+0000,Excluded
26,16,270,16,6,10, 0.00000000000000E+0000, 0.00000000000000E+0000,Excluded
26,16,276,16,5,11, 0.00000000000000E+0000, 0.00000000000000E+0000,Excluded
26,16,28,16,5,11, 0.00000000000000E+0000, 0.00000000000000E+0000,Excluded
26,16,29,16,5,11, 0.00000000000000E+0000, 0.00000000000000E+0000,Excluded
26,16,298,15,1,14, 0.00000000000000E+0000, 0.00000000000000E+0000,Excluded
26,16,3,16,6,10, 0.00000000000000E+0000, 0.00000000000000E+0000,Excluded
26,16,30,16,8,8, 0.00000000000000E+0000, 0.00000000000000E+0000,Excluded
26,16,306,16,2,14, 0.00000000000000E+0000, 0.00000000000000E+0000,Excluded
26,16,308,16,2,14, 0.00000000000000E+0000, 0.00000000000000E+0000,Excluded
26,16,311,15,2,13, 0.00000000000000E+0000, 0.00000000000000E+0000,Excluded
26,16,323,16,7,9, 0.00000000000000E+0000, 0.00000000000000E+0000,Excluded
26,16,327,16,5,11, 0.00000000000000E+0000, 0.00000000000000E+0000,Excluded
26,16,33,16,4,12, 0.00000000000000E+0000, 0.00000000000000E+0000,Excluded
26,16,334,16,4,12, 0.00000000000000E+0000, 0.00000000000000E+0000,Excluded
26,16,338,16,5,11, 0.00000000000000E+0000, 0.00000000000000E+0000,Excluded
26,16,341,16,6,10, 0.00000000000000E+0000, 0.00000000000000E+0000,Excluded
26,16,346,16,4,12, 0.00000000000000E+0000, 0.00000000000000E+0000,Excluded
26,16,348,16,2,14, 0.00000000000000E+0000, 0.00000000000000E+0000,Excluded
26,16,351,16,6,10, 0.00000000000000E+0000, 0.00000000000000E+0000,Excluded
26,16,362,16,8,8, 0.00000000000000E+0000, 0.00000000000000E+0000,Excluded
26,16,364,16,3,13, 0.00000000000000E+0000, 0.00000000000000E+0000,Excluded
26,16,366,16,4,12, 0.00000000000000E+0000, 0.00000000000000E+0000,Excluded
26,16,37,16,5,11, 0.00000000000000E+0000, 0.00000000000000E+0000,Excluded
26,16,376,16,6,10, 0.00000000000000E+0000, 0.00000000000000E+0000,Excluded
26,16,377,15,3,12, 0.00000000000000E+0000, 0.00000000000000E+0000,Excluded
26,16,378,16,5,11, 0.00000000000000E+0000, 0.00000000000000E+0000,Excluded
26,16,38,16,6,10, 0.00000000000000E+0000, 0.00000000000000E+0000,Excluded
26,16,388,16,4,12, 0.00000000000000E+0000, 0.00000000000000E+0000,Excluded
26,16,391,16,3,13, 0.00000000000000E+0000, 0.00000000000000E+0000,Excluded
26,16,396,13,5,8, 0.00000000000000E+0000, 0.00000000000000E+0000,Excluded
26,16,4,16,5,11, 0.00000000000000E+0000, 0.00000000000000E+0000,Excluded
26,16,400,13,4,9, 0.00000000000000E+0000, 0.00000000000000E+0000,Excluded
26,16,401,16,4,12, 0.00000000000000E+0000, 0.00000000000000E+0000,Excluded
26,16,406,16,5,11, 0.00000000000000E+0000, 0.00000000000000E+0000,Excluded
26,16,412,15,5,10, 0.00000000000000E+0000, 0.00000000000000E+0000,Excluded
26,16,413,16,2,14, 0.00000000000000E+0000, 0.00000000000000E+0000,Excluded
26,16,421,16,4,12, 0.00000000000000E+0000, 0.00000000000000E+0000,Excluded
26,16,423,16,4,12, 0.00000000000000E+0000, 0.00000000000000E+0000,Excluded
26,16,424,16,5,11, 0.00000000000000E+0000, 0.00000000000000E+0000,Excluded
26,16,426,16,5,11, 0.00000000000000E+0000, 0.00000000000000E+0000,Excluded
26,16,43,16,7,9, 0.00000000000000E+0000, 0.00000000000000E+0000,Excluded
26,16,430,14,6,8, 0.00000000000000E+0000, 0.00000000000000E+0000,Excluded
26,16,435,16,2,14, 0.00000000000000E+0000, 0.00000000000000E+0000,Excluded
26,16,44,16,6,10, 0.00000000000000E+0000, 0.00000000000000E+0000,Excluded
26,16,461,16,3,13, 0.00000000000000E+0000, 0.00000000000000E+0000,Excluded
26,16,476,16,4,12, 0.00000000000000E+0000, 0.00000000000000E+0000,Excluded
26,16,478,16,5,11, 0.00000000000000E+0000, 0.00000000000000E+0000,Excluded
26,16,48,16,6,10, 0.00000000000000E+0000, 0.00000000000000E+0000,Excluded
26,16,484,16,2,14, 0.00000000000000E+0000, 0.00000000000000E+0000,Excluded
26,16,489,16,5,11, 0.00000000000000E+0000, 0.00000000000000E+0000,Excluded
26,16,492,13,2,11, 0.00000000000000E+0000, 0.00000000000000E+0000,Excluded
26,16,493,16,4,12, 0.00000000000000E+0000, 0.00000000000000E+0000,Excluded
26,16,494,16,3,13, 0.00000000000000E+0000, 0.00000000000000E+0000,Excluded
26,16,500,16,5,11, 0.00000000000000E+0000, 0.00000000000000E+0000,Excluded
26,16,504,16,4,12, 0.00000000000000E+0000, 0.00000000000000E+0000,Excluded
26,16,506,16,4,12, 0.00000000000000E+0000, 0.00000000000000E+0000,Excluded
26,16,52,16,3,13, 0.00000000000000E+0000, 0.00000000000000E+0000,Excluded
26,16,55,16,5,11, 0.00000000000000E+0000, 0.00000000000000E+0000,Excluded
26,16,57,16,7,9, 0.00000000000000E+0000, 0.00000000000000E+0000,Excluded
26,16,59,16,4,12, 0.00000000000000E+0000, 0.00000000000000E+0000,Excluded
26,16,6,16,7,9, 0.00000000000000E+0000, 0.00000000000000E+0000,Excluded
26,16,60,16,3,13, 0.00000000000000E+0000, 0.00000000000000E+0000,Excluded
26,16,61,16,4,12, 0.00000000000000E+0000, 0.00000000000000E+0000,Excluded
26,16,62,16,3,13, 0.00000000000000E+0000, 0.00000000000000E+0000,Excluded
26,16,65,16,3,13, 0.00000000000000E+0000, 0.00000000000000E+0000,Excluded
26,16,73,16,3,13, 0.00000000000000E+0000, 0.00000000000000E+0000,Excluded
26,16,75,16,1,15, 0.00000000000000E+0000, 0.00000000000000E+0000,Excluded
26,16,76,16,2,14, 0.00000000000000E+0000, 0.00000000000000E+0000,Excluded
26,16,77,16,2,14, 0.00000000000000E+0000, 0.00000000000000E+0000,Excluded
26,16,78,16,3,13, 0.00000000000000E+0000, 0.00000000000000E+0000,Excluded
26,16,79,16,1,15, 0.00000000000000E+0000, 0.00000000000000E+0000,Excluded
26,16,8,16,6,10, 0.00000000000000E+0000, 0.00000000000000E+0000,Excluded
26,16,84,16,6,10, 0.00000000000000E+0000, 0.00000000000000E+0000,Excluded
26,16,85,16,4,12, 0.00000000000000E+0000, 0.00000000000000E+0000,Excluded
26,16,86,16,4,12, 0.00000000000000E+0000, 0.00000000000000E+0000,Excluded
26,16,89,16,5,11, 0.00000000000000E+0000, 0.00000000000000E+0000,Excluded
26,16,94,16,7,9, 0.00000000000000E+0000, 0.00000000000000E+0000,Excluded
26,16,95,16,5,11, 0.00000000000000E+0000, 0.00000000000000E+0000,Excluded
26,16,96,16,4,12, 0.00000000000000E+0000, 0.00000000000000E+0000,Excluded
26,16,98,16,3,13, 0.00000000000000E+0000, 0.00000000000000E+0000,Excluded
266,16,267,16,5,11, 0.00000000000000E+0000, 0.00000000000000E+0000,Excluded
266,16,268,16,5,11, 0.00000000000000E+0000, 0.00000000000000E+0000,Excluded
266,16,270,16,0,16, 0.00000000000000E+0000, 0.00000000000000E+0000,Excluded
266,16,276,16,5,11, 0.00000000000000E+0000, 0.00000000000000E+0000,Excluded
266,16,28,16,2,14, 0.00000000000000E+0000, 0.00000000000000E+0000,Excluded
266,16,29,16,1,15, 0.00000000000000E+0000, 0.00000000000000E+0000,Excluded
266,16,298,15,4,11, 0.00000000000000E+0000, 0.00000000000000E+0000,Excluded
266,16,3,16,3,13, 0.00000000000000E+0000, 0.00000000000000E+0000,Excluded
266,16,30,16,2,14, 0.00000000000000E+0000, 0.00000000000000E+0000,Excluded
266,16,306,16,2,14, 0.00000000000000E+0000, 0.00000000000000E+0000,Excluded
266,16,308,16,0,16, 0.00000000000000E+0000, 0.00000000000000E+0000,Excluded
266,16,311,15,3,12, 0.00000000000000E+0000, 0.00000000000000E+0000,Excluded
266,16,323,16,1,15, 0.00000000000000E+0000, 0.00000000000000E+0000,Excluded
266,16,327,16,3,13, 0.00000000000000E+0000, 0.00000000000000E+0000,Excluded
266,16,33,16,4,12, 0.00000000000000E+0000, 0.00000000000000E+0000,Excluded
266,16,334,16,3,13, 0.00000000000000E+0000, 0.00000000000000E+0000,Excluded
266,16,338,16,3,13, 0.00000000000000E+0000, 0.00000000000000E+0000,Excluded
266,16,341,16,1,15, 0.00000000000000E+0000, 0.00000000000000E+0000,Excluded
266,16,346,16,2,14, 0.00000000000000E+0000, 0.00000000000000E+0000,Excluded
266,16,348,16,3,13, 0.00000000000000E+0000, 0.00000000000000E+0000,Excluded
266,16,351,16,4,12, 0.00000000000000E+0000, 0.00000000000000E+0000,Excluded
266,16,362,16,3,13, 0.00000000000000E+0000, 0.00000000000000E+0000,Excluded
266,16,364,16,1,15, 0.00000000000000E+0000, 0.00000000000000E+0000,Excluded
266,16,366,16,4,12, 0.00000000000000E+0000, 0.00000000000000E+0000,Excluded
266,16,37,16,3,13, 0.00000000000000E+0000, 0.00000000000000E+0000,Excluded
266,16,376,16,2,14, 0.00000000000000E+0000, 0.00000000000000E+0000,Excluded
266,16,377,15,0,15, 0.00000000000000E+0000, 0.00000000000000E+0000,Excluded
266,16,378,16,1,15, 0.00000000000000E+0000, 0.00000000000000E+0000,Excluded
266,16,38,16,2,14, 0.00000000000000E+0000, 0.00000000000000E+0000,Excluded
266,16,388,16,3,13, 0.00000000000000E+0000, 0.00000000000000E+0000,Excluded
266,16,391,16,1,15, 0.00000000000000E+0000, 0.00000000000000E+0000,Excluded
266,16,396,13,1,12, 0.00000000000000E+0000, 0.00000000000000E+0000,Excluded
266,16,4,16,3,13, 0.00000000000000E+0000, 0.00000000000000E+0000,Excluded
266,16,400,13,1,12, 0.00000000000000E+0000, 0.00000000000000E+0000,Excluded
266,16,401,16,2,14, 0.00000000000000E+0000, 0.00000000000000E+0000,Excluded
266,16,406,16,2,14, 0.00000000000000E+0000, 0.00000000000000E+0000,Excluded
266,16,412,15,3,12, 0.00000000000000E+0000, 0.00000000000000E+0000,Excluded
266,16,413,16,3,13, 0.00000000000000E+0000, 0.00000000000000E+0000,Excluded
266,16,421,16,2,14, 0.00000000000000E+0000, 0.00000000000000E+0000,Excluded
266,16,423,16,1,15, 0.00000000000000E+0000, 0.00000000000000E+0000,Excluded
266,16,424,16,4,12, 0.00000000000000E+0000, 0.00000000000000E+0000,Excluded
266,16,426,16,4,12, 0.00000000000000E+0000, 0.00000000000000E+0000,Excluded
266,16,43,16,1,15, 0.00000000000000E+0000, 0.00000000000000E+0000,Excluded
266,16,430,14,5,9, 0.00000000000000E+0000, 0.00000000000000E+0000,Excluded
266,16,435,16,1,15, 0.00000000000000E+0000, 0.00000000000000E+0000,Excluded
266,16,44,16,0,16, 0.00000000000000E+0000, 0.00000000000000E+0000,Excluded
266,16,461,16,0,16, 0.00000000000000E+0000, 0.00000000000000E+0000,Excluded
266,16,476,16,2,14, 0.00000000000000E+0000, 0.00000000000000E+0000,Excluded
266,16,478,16,0,16, 0.00000000000000E+0000, 0.00000000000000E+0000,Excluded
266,16,48,16,1,15, 0.00000000000000E+0000, 0.00000000000000E+0000,Excluded
266,16,484,16,2,14, 0.00000000000000E+0000, 0.00000000000000E+0000,Excluded
266,16,489,16,1,15, 0.00000000000000E+0000, 0.00000000000000E+0000,Excluded
266,16,492,13,4,9, 0.00000000000000E+0000, 0.00000000000000E+0000,Excluded
266,16,493,16,0,16, 0.00000000000000E+0000, 0.00000000000000E+0000,Excluded
266,16,494,16,0,16, 0.00000000000000E+0000, 0.00000000000000E+0000,Excluded
266,16,500,16,2,14, 0.00000000000000E+0000, 0.00000000000000E+0000,Excluded
266,16,504,16,4,12, 0.00000000000000E+0000, 0.00000000000000E+0000,Excluded
266,16,506,16,2,14, 0.00000000000000E+0000, 0.00000000000000E+0000,Excluded
266,16,52,16,0,16, 0.00000000000000E+0000, 0.00000000000000E+0000,Excluded
266,16,55,16,3,13, 0.00000000000000E+0000, 0.00000000000000E+0000,Excluded
266,16,57,16,2,14, 0.00000000000000E+0000, 0.00000000000000E+0000,Excluded
266,16,59,16,0,16, 0.00000000000000E+0000, 0.00000000000000E+0000,Excluded
266,16,6,16,5,11, 0.00000000000000E+0000, 0.00000000000000E+0000,Excluded
266,16,60,16,4,12, 0.00000000000000E+0000, 0.00000000000000E+0000,Excluded
266,16,61,16,6,10, 0.00000000000000E+0000, 0.00000000000000E+0000,Excluded
266,16,62,16,0,16, 0.00000000000000E+0000, 0.00000000000000E+0000,Excluded
266,16,65,16,3,13, 0.00000000000000E+0000, 0.00000000000000E+0000,Excluded
266,16,73,16,3,13, 0.00000000000000E+0000, 0.00000000000000E+0000,Excluded
266,16,75,16,2,14, 0.00000000000000E+0000, 0.00000000000000E+0000,Excluded
266,16,76,16,3,13, 0.00000000000000E+0000, 0.00000000000000E+0000,Excluded
266,16,77,16,2,14, 0.00000000000000E+0000, 0.00000000000000E+0000,Excluded
266,16,78,16,3,13, 0.00000000000000E+0000, 0.00000000000000E+0000,Excluded
266,16,79,16,2,14, 0.00000000000000E+0000, 0.00000000000000E+0000,Excluded
266,16,8,16,1,15, 0.00000000000000E+0000, 0.00000000000000E+0000,Excluded
266,16,84,16,2,14, 0.00000000000000E+0000, 0.00000000000000E+0000,Excluded
266,16,85,16,1,15, 0.00000000000000E+0000, 0.00000000000000E+0000,Excluded
266,16,86,16,3,13, 0.00000000000000E+0000, 0.00000000000000E+0000,Excluded
266,16,89,16,3,13, 0.00000000000000E+0000, 0.00000000000000E+0000,Excluded
266,16,94,16,1,15, 0.00000000000000E+0000, 0.00000000000000E+0000,Excluded
266,16,95,16,0,16, 0.00000000000000E+0000, 0.00000000000000E+0000,Excluded
266,16,96,16,2,14, 0.00000000000000E+0000, 0.00000000000000E+0000,Excluded
266,16,98,16,2,14, 0.00000000000000E+0000, 0.00000000000000E+0000,Excluded
267,16,268,16,3,13, 0.00000000000000E+0000, 0.00000000000000E+0000,Excluded
267,16,270,16,2,14, 0.00000000000000E+0000, 0.00000000000000E+0000,Excluded
267,16,276,16,4,12, 0.00000000000000E+0000, 0.00000000000000E+0000,Excluded
267,16,28,16,3,13, 0.00000000000000E+0000, 0.00000000000000E+0000,Excluded
267,16,29,16,3,13, 0.00000000000000E+0000, 0.00000000000000E+0000,Excluded
267,16,298,15,5,10, 0.00000000000000E+0000, 0.00000000000000E+0000,Excluded
267,16,3,16,5,11, 0.00000000000000E+0000, 0.00000000000000E+0000,Excluded
267,16,30,16,3,13, 0.00000000000000E+0000, 0.00000000000000E+0000,Excluded
267,16,306,16,4,12, 0.00000000000000E+0000, 0.00000000000000E+0000,Excluded
267,16,308,16,2,14, 0.00000000000000E+0000, 0.00000000000000E+0000,Excluded
267,16,311,15,3,12, 0.00000000000000E+0000, 0.00000000000000E+0000,Excluded
267,16,323,16,4,12, 0.00000000000000E+0000, 0.00000000000000E+0000,Excluded
267,16,327,16,3,13, 0.00000000000000E+0000, 0.00000000000000E+0000,Excluded
267,16,33,16,3,13, 0.00000000000000E+0000, 0.00000000000000E+0000,Excluded
267,16,334,16,4,12, 0.00000000000000E+0000, 0.00000000000000E+0000,Excluded
267,16,338,16,6,10, 0.00000000000000E+0000, 0.00000000000000E+0000,Excluded
267,16,341,16,5,11, 0.00000000000000E+0000, 0.00000000000000E+0000,Excluded
267,16,346,16,2,14, 0.00000000000000E+0000, 0.00000000000000E+0000,Excluded
267,16,348,16,3,13, 0.00000000000000E+0000, 0.00000000000000E+0000,Excluded
267,16,351,16,4,12, 0.00000000000000E+0000, 0.00000000000000E+0000,Excluded
267,16,362,16,4,12, 0.00000000000000E+0000, 0.00000000000000E+0000,Excluded
267,16,364,16,3,13, 0.00000000000000E+0000, 0.00000000000000E+0000,Excluded
267,16,366,16,4,12, 0.00000000000000E+0000, 0.00000000000000E+0000,Excluded
267,16,37,16,3,13, 0.00000000000000E+0000, 0.00000000000000E+0000,Excluded
267,16,376,16,3,13, 0.00000000000000E+0000, 0.00000000000000E+0000,Excluded
267,16,377,15,6,9, 0.00000000000000E+0000, 0.00000000000000E+0000,Excluded
267,16,378,16,3,13, 0.00000000000000E+0000, 0.00000000000000E+0000,Excluded
267,16,38,16,4,12, 0.00000000000000E+0000, 0.00000000000000E+0000,Excluded
267,16,388,16,7,9, 0.00000000000000E+0000, 0.00000000000000E+0000,Excluded
267,16,391,16,7,9, 0.00000000000000E+0000, 0.00000000000000E+0000,Excluded
267,16,396,13,3,10, 0.00000000000000E+0000, 0.00000000000000E+0000,Excluded
267,16,4,16,2,14, 0.00000000000000E+0000, 0.00000000000000E+0000,Excluded
267,16,400,13,5,8, 0.00000000000000E+0000, 0.00000000000000E+0000,Excluded
267,16,401,16,2,14, 0.00000000000000E+0000, 0.00000000000000E+0000,Excluded
267,16,406,16,6,10, 0.00000000000000E+0000, 0.00000000000000E+0000,Excluded
267,16,412,15,6,9, 0.00000000000000E+0000, 0.00000000000000E+0000,Excluded
267,16,413,16,4,12, 0.00000000000000E+0000, 0.00000000000000E+0000,Excluded
267,16,421,16,3,13, 0.00000000000000E+0000, 0.00000000000000E+0000,Excluded
267,16,423,16,4,12, 0.00000000000000E+0000, 0.00000000000000E+0000,Excluded
267,16,424,16,9,7, 0.00000000000000E+0000, 0.00000000000000E+0000,Excluded
267,16,426,16,5,11, 0.00000000000000E+0000, 0.00000000000000E+0000,Excluded
267,16,43,16,3,13, 0.00000000000000E+0000, 0.00000000000000E+0000,Excluded
267,16,430,14,4,10, 0.00000000000000E+0000, 0.00000000000000E+0000,Excluded
267,16,435,16,4,12, 0.00000000000000E+0000, 0.00000000000000E+0000,Excluded
267,16,44,16,4,12, 0.00000000000000E+0000, 0.00000000000000E+0000,Excluded
267,16,461,16,1,15, 0.00000000000000E+0000, 0.00000000000000E+0000,Excluded
267,16,476,16,2,14, 0.00000000000000E+0000, 0.00000000000000E+0000,Excluded
267,16,478,16,2,14, 0.00000000000000E+0000, 0.00000000000000E+0000,Excluded
267,16,48,16,3,13, 0.00000000000000E+0000, 0.00000000000000E+0000,Excluded
267,16,484,16,7,9, 0.00000000000000E+0000, 0.00000000000000E+0000,Excluded
267,16,489,16,4,12, 0.00000000000000E+0000, 0.00000000000000E+0000,Excluded
267,16,492,13,4,9, 0.00000000000000E+0000, 0.00000000000000E+0000,Excluded
267,16,493,16,4,12, 0.00000000000000E+0000, 0.00000000000000E+0000,Excluded
267,16,494,16,2,14, 0.00000000000000E+0000, 0.00000000000000E+0000,Excluded
267,16,500,16,3,13, 0.00000000000000E+0000, 0.00000000000000E+0000,Excluded
267,16,504,16,6,10, 0.00000000000000E+0000, 0.00000000000000E+0000,Excluded
267,16,506,16,5,11, 0.00000000000000E+0000, 0.00000000000000E+0000,Excluded
267,16,52,16,2,14, 0.00000000000000E+0000, 0.00000000000000E+0000,Excluded
267,16,55,16,2,14, 0.00000000000000E+0000, 0.00000000000000E+0000,Excluded
267,16,57,16,4,12, 0.00000000000000E+0000, 0.00000000000000E+0000,Excluded
267,16,59,16,2,14, 0.00000000000000E+0000, 0.00000000000000E+0000,Excluded
267,16,6,16,6,10, 0.00000000000000E+0000, 0.00000000000000E+0000,Excluded
267,16,60,16,3,13, 0.00000000000000E+0000, 0.00000000000000E+0000,Excluded
267,16,61,16,5,11, 0.00000000000000E+0000, 0.00000000000000E+0000,Excluded
267,16,62,16,2,14, 0.00000000000000E+0000, 0.00000000000000E+0000,Excluded
267,16,65,16,7,9, 0.00000000000000E+0000, 0.00000000000000E+0000,Excluded
267,16,73,16,6,10, 0.00000000000000E+0000, 0.00000000000000E+0000,Excluded
267,16,75,16,2,14, 0.00000000000000E+0000, 0.00000000000000E+0000,Excluded
267,16,76,16,1,15, 0.00000000000000E+0000, 0.00000000000000E+0000,Excluded
267,16,77,16,1,15, 0.00000000000000E+0000, 0.00000000000000E+0000,Excluded
267,16,78,16,5,11, 0.00000000000000E+0000, 0.00000000000000E+0000,Excluded
267,16,79,16,2,14, 0.00000000000000E+0000, 0.00000000000000E+0000,Excluded
267,16,8,16,3,13, 0.00000000000000E+0000, 0.00000000000000E+0000,Excluded
267,16,84,16,4,12, 0.00000000000000E+0000, 0.00000000000000E+0000,Excluded
267,16,85,16,3,13, 0.00000000000000E+0000, 0.00000000000000E+0000,Excluded
267,16,86,16,4,12, 0.00000000000000E+0000, 0.00000000000000E+0000,Excluded
267,16,89,16,4,12, 0.00000000000000E+0000, 0.00000000000000E+0000,Excluded
267,16,94,16,4,12, 0.00000000000000E+0000, 0.00000000000000E+0000,Excluded
267,16,95,16,4,12, 0.00000000000000E+0000, 0.00000000000000E+0000,Excluded
267,16,96,16,5,11, 0.00000000000000E+0000, 0.00000000000000E+0000,Excluded
267,16,98,16,1,15, 0.00000000000000E+0000, 0.00000000000000E+0000,Excluded
268,16,270,16,3,13, 0.00000000000000E+0000, 0.00000000000000E+0000,Excluded
268,16,276,16,5,11, 0.00000000000000E+0000, 0.00000000000000E+0000,Excluded
268,16,28,16,5,11, 0.00000000000000E+0000, 0.00000000000000E+0000,Excluded
268,16,29,16,4,12, 0.00000000000000E+0000, 0.00000000000000E+0000,Excluded
268,16,298,15,7,8, 0.00000000000000E+0000, 0.00000000000000E+0000,Excluded
268,16,3,16,2,14, 0.00000000000000E+0000, 0.00000000000000E+0000,Excluded
268,16,30,16,2,14, 0.00000000000000E+0000, 0.00000000000000E+0000,Excluded
268,16,306,16,5,11, 0.00000000000000E+0000, 0.00000000000000E+0000,Excluded
268,16,308,16,3,13, 0.00000000000000E+0000, 0.00000000000000E+0000,Excluded
268,16,311,15,2,13, 0.00000000000000E+0000, 0.00000000000000E+0000,Excluded
268,16,323,16,2,14, 0.00000000000000E+0000, 0.00000000000000E+0000,Excluded
268,16,327,16,4,12, 0.00000000000000E+0000, 0.00000000000000E+0000,Excluded
268,16,33,16,1,15, 0.00000000000000E+0000, 0.00000000000000E+0000,Excluded
268,16,334,16,3,13, 0.00000000000000E+0000, 0.00000000000000E+0000,Excluded
268,16,338,16,4,12, 0.00000000000000E+0000, 0.00000000000000E+0000,Excluded
268,16,341,16,3,13, 0.00000000000000E+0000, 0.00000000000000E+0000,Excluded
268,16,346,16,5,11, 0.00000000000000E+0000, 0.00000000000000E+0000,Excluded
268,16,348,16,5,11, 0.00000000000000E+0000, 0.00000000000000E+0000,Excluded
268,16,351,16,5,11, 0.00000000000000E+0000, 0.00000000000000E+0000,Excluded
268,16,362,16,3,13, 0.00000000000000E+0000, 0.00000000000000E+0000,Excluded
268,16,364,16,2,14, 0.00000000000000E+0000, 0.00000000000000E+0000,Excluded
268,16,366,16,4,12, 0.00000000000000E+0000, 0.00000000000000E+0000,Excluded
268,16,37,16,2,14, 0.00000000000000E+0000, 0.00000000000000E+0000,Excluded
268,16,376,16,2,14, 0.00000000000000E+0000, 0.00000000000000E+0000,Excluded
268,16,377,15,4,11, 0.00000000000000E+0000, 0.00000000000000E+0000,Excluded
268,16,378,16,5,11, 0.00000000000000E+0000, 0.00000000000000E+0000,Excluded
268,16,38,16,0,16, 0.00000000000000E+0000, 0.00000000000000E+0000,Excluded
268,16,388,16,3,13, 0.00000000000000E+0000, 0.00000000000000E+0000,Excluded
268,16,391,16,3,13, 0.00000000000000E+0000, 0.00000000000000E+0000,Excluded
268,16,396,13,4,9, 0.00000000000000E+0000, 0.00000000000000E+0000,Excluded
268,16,4,16,3,13, 0.00000000000000E+0000, 0.00000000000000E+0000,Excluded
268,16,400,13,1,12, 0.00000000000000E+0000, 0.00000000000000E+0000,Excluded
268,16,401,16,3,13, 0.00000000000000E+0000, 0.00000000000000E+0000,Excluded
268,16,406,16,3,13, 0.00000000000000E+0000, 0.00000000000000E+0000,Excluded
268,16,412,15,6,9, 0.00000000000000E+0000, 0.00000000000000E+0000,Excluded
268,16,413,16,1,15, 0.00000000000000E+0000, 0.00000000000000E+0000,Excluded
268,16,421,16,3,13, 0.00000000000000E+0000, 0.00000000000000E+0000,Excluded
268,16,423,16,3,13, 0.00000000000000E+0000, 0.00000000000000E+0000,Excluded
268,16,424,16,2,14, 0.00000000000000E+0000, 0.00000000000000E+0000,Excluded
268,16,426,16,3,13, 0.00000000000000E+0000, 0.00000000000000E+0000,Excluded
268,16,43,16,3,13, 0.00000000000000E+0000, 0.00000000000000E+0000,Excluded
268,16,430,14,4,10, 0.00000000000000E+0000, 0.00000000000000E+0000,Excluded
268,16,435,16,4,12, 0.00000000000000E+0000, 0.00000000000000E+0000,Excluded
268,16,44,16,4,12, 0.00000000000000E+0000, 0.00000000000000E+0000,Excluded
268,16,461,16,4,12, 0.00000000000000E+0000, 0.00000000000000E+0000,Excluded
268,16,476,16,2,14, 0.00000000000000E+0000, 0.00000000000000E+0000,Excluded
268,16,478,16,3,13, 0.00000000000000E+0000, 0.00000000000000E+0000,Excluded
268,16,48,16,2,14, 0.00000000000000E+0000, 0.00000000000000E+0000,Excluded
268,16,484,16,4,12, 0.00000000000000E+0000, 0.00000000000000E+0000,Excluded
268,16,489,16,3,13, 0.00000000000000E+0000, 0.00000000000000E+0000,Excluded
268,16,492,13,4,9, 0.00000000000000E+0000, 0.00000000000000E+0000,Excluded
268,16,493,16,1,15, 0.00000000000000E+0000, 0.00000000000000E+0000,Excluded
268,16,494,16,1,15, 0.00000000000000E+0000, 0.00000000000000E+0000,Excluded
268,16,500,16,3,13, 0.00000000000000E+0000, 0.00000000000000E+0000,Excluded
268,16,504,16,3,13, 0.00000000000000E+0000, 0.00000000000000E+0000,Excluded
268,16,506,16,1,15, 0.00000000000000E+0000, 0.00000000000000E+0000,Excluded
268,16,52,16,3,13, 0.00000000000000E+0000, 0.00000000000000E+0000,Excluded
268,16,55,16,4,12, 0.00000000000000E+0000, 0.00000000000000E+0000,Excluded
268,16,57,16,1,15, 0.00000000000000E+0000, 0.00000000000000E+0000,Excluded
268,16,59,16,1,15, 0.00000000000000E+0000, 0.00000000000000E+0000,Excluded
268,16,6,16,4,12, 0.00000000000000E+0000, 0.00000000000000E+0000,Excluded
268,16,60,16,5,11, 0.00000000000000E+0000, 0.00000000000000E+0000,Excluded
268,16,61,16,6,10, 0.00000000000000E+0000, 0.00000000000000E+0000,Excluded
268,16,62,16,4,12, 0.00000000000000E+0000, 0.00000000000000E+0000,Excluded
268,16,65,16,6,10, 0.00000000000000E+0000, 0.00000000000000E+0000,Excluded
268,16,73,16,1,15, 0.00000000000000E+0000, 0.00000000000000E+0000,Excluded
268,16,75,16,0,16, 0.00000000000000E+0000, 0.00000000000000E+0000,Excluded
268,16,76,16,5,11, 0.00000000000000E+0000, 0.00000000000000E+0000,Excluded
268,16,77,16,3,13, 0.00000000000000E+0000, 0.00000000000000E+0000,Excluded
268,16,78,16,4,12, 0.00000000000000E+0000, 0.00000000000000E+0000,Excluded
268,16,79,16,3,13, 0.00000000000000E+0000, 0.00000000000000E+0000,Excluded
268,16,8,16,2,14, 0.00000000000000E+0000, 0.00000000000000E+0000,Excluded
268,16,84,16,4,12, 0.00000000000000E+0000, 0.00000000000000E+0000,Excluded
268,16,85,16,6,10, 0.00000000000000E+0000, 0.00000000000000E+0000,Excluded
268,16,86,16,5,11, 0.00000000000000E+0000, 0.00000000000000E+0000,Excluded
268,16,89,16,3,13, 0.00000000000000E+0000, 0.00000000000000E+0000,Excluded
268,16,94,16,2,14, 0.00000000000000E+0000, 0.00000000000000E+0000,Excluded
268,16,95,16,3,13, 0.00000000000000E+0000, 0.00000000000000E+0000,Excluded
268,16,96,16,3,13, 0.00000000000000E+0000, 0.00000000000000E+0000,Excluded
268,16,98,16,7,9, 0.00000000000000E+0000, 0.00000000000000E+0000,Excluded
270,16,276,16,5,11, 0.00000000000000E+0000, 0.00000000000000E+0000,Excluded
270,16,28,16,6,10, 0.00000000000000E+0000, 0.00000000000000E+0000,Excluded
270,16,29,16,3,13, 0.00000000000000E+0000, 0.00000000000000E+0000,Excluded
270,16,298,15,2,13, 0.00000000000000E+0000, 0.00000000000000E+0000,Excluded
270,16,3,16,6,10, 0.00000000000000E+0000, 0.00000000000000E+0000,Excluded
270,16,30,16,6,10, 0.00000000000000E+0000, 0.00000000000000E+0000,Excluded
270,16,306,16,2,14, 0.00000000000000E+0000, 0.00000000000000E+0000,Excluded
270,16,308,16,2,14, 0.00000000000000E+0000, 0.00000000000000E+0000,Excluded
270,16,311,15,2,13, 0.00000000000000E+0000, 0.00000000000000E+0000,Excluded
270,16,323,16,6,10, 0.00000000000000E+0000, 0.00000000000000E+0000,Excluded
270,16,327,16,5,11, 0.00000000000000E+0000, 0.00000000000000E+0000,Excluded
270,16,33,16,2,14, 0.00000000000000E+0000, 0.00000000000000E+0000,Excluded
270,16,334,16,4,12, 0.00000000000000E+0000, 0.00000000000000E+0000,Excluded
270,16,338,16,4,12, 0.00000000000000E+0000, 0.00000000000000E+0000,Excluded
270,16,341,16,5,11, 0.00000000000000E+0000, 0.00000000000000E+0000,Excluded
270,16,346,16,5,11, 0.00000000000000E+0000, 0.00000000000000E+0000,Excluded
270,16,348,16,2,14, 0.00000000000000E+0000, 0.00000000000000E+0000,Excluded
270,16,351,16,6,10, 0.00000000000000E+0000, 0.00000000000000E+0000,Excluded
270,16,362,16,6,10, 0.00000000000000E+0000, 0.00000000000000E+0000,Excluded
270,16,364,16,3,13, 0.00000000000000E+0000, 0.00000000000000E+0000,Excluded
270,16,366,16,4,12, 0.00000000000000E+0000, 0.00000000000000E+0000,Excluded
270,16,37,16,5,11, 0.00000000000000E+0000, 0.00000000000000E+0000,Excluded
270,16,376,16,3,13, 0.00000000000000E+0000, 0.00000000000000E+0000,Excluded
270,16,377,15,4,11, 0.00000000000000E+0000, 0.00000000000000E+0000,Excluded
270,16,378,16,4,12, 0.00000000000000E+0000, 0.00000000000000E+0000,Excluded
270,16,38,16,3,13, 0.00000000000000E+0000, 0.00000000000000E+0000,Excluded
270,16,388,16,2,14, 0.00000000000000E+0000, 0.00000000000000E+0000,Excluded
270,16,391,16,3,13, 0.00000000000000E+0000, 0.00000000000000E+0000,Excluded
270,16,396,13,4,9, 0.00000000000000E+0000, 0.00000000000000E+0000,Excluded
270,16,4,16,6,10, 0.00000000000000E+0000, 0.00000000000000E+0000,Excluded
270,16,400,13,3,10, 0.00000000000000E+0000, 0.00000000000000E+0000,Excluded
270,16,401,16,3,13, 0.00000000000000E+0000, 0.00000000000000E+0000,Excluded
270,16,406,16,3,13, 0.00000000000000E+0000, 0.00000000000000E+0000,Excluded
270,16,412,15,5,10, 0.00000000000000E+0000, 0.00000000000000E+0000,Excluded
270,16,413,16,4,12, 0.00000000000000E+0000, 0.00000000000000E+0000,Excluded
270,16,421,16,4,12, 0.00000000000000E+0000, 0.00000000000000E+0000,Excluded
270,16,423,16,2,14, 0.00000000000000E+0000, 0.00000000000000E+0000,Excluded
270,16,424,16,5,11, 0.00000000000000E+0000, 0.00000000000000E+0000,Excluded
270,16,426,16,4,12, 0.00000000000000E+0000, 0.00000000000000E+0000,Excluded
270,16,43,16,5,11, 0.00000000000000E+0000, 0.00000000000000E+0000,Excluded
270,16,430,14,6,8, 0.00000000000000E+0000, 0.00000000000000E+0000,Excluded
270,16,435,16,5,11, 0.00000000000000E+0000, 0.00000000000000E+0000,Excluded
270,16,44,16,4,12, 0.00000000000000E+0000, 0.00000000000000E+0000,Excluded
270,16,461,16,3,13, 0.00000000000000E+0000, 0.00000000000000E+0000,Excluded
270,16,476,16,3,13, 0.00000000000000E+0000, 0.00000000000000E+0000,Excluded
270,16,478,16,7,9, 0.00000000000000E+0000, 0.00000000000000E+0000,Excluded
270,16,48,16,5,11, 0.00000000000000E+0000, 0.00000000000000E+0000,Excluded
270,16,484,16,1,15, 0.00000000000000E+0000, 0.00000000000000E+0000,Excluded
270,16,489,16,6,10, 0.00000000000000E+0000, 0.00000000000000E+0000,Excluded
270,16,492,13,1,12, 0.00000000000000E+0000, 0.00000000000000E+0000,Excluded
270,16,493,16,3,13, 0.00000000000000E+0000, 0.00000000000000E+0000,Excluded
270,16,494,16,5,11, 0.00000000000000E+0000, 0.00000000000000E+0000,Excluded
270,16,500,16,4,12, 0.00000000000000E+0000, 0.00000000000000E+0000,Excluded
270,16,504,16,2,14, 0.00000000000000E+0000, 0.00000000000000E+0000,Excluded
270,16,506,16,5,11, 0.00000000000000E+0000, 0.00000000000000E+0000,Excluded
270,16,52,16,4,12, 0.00000000000000E+0000, 0.00000000000000E+0000,Excluded
270,16,55,16,5,11, 0.00000000000000E+0000, 0.00000000000000E+0000,Excluded
270,16,57,16,7,9, 0.00000000000000E+0000, 0.00000000000000E+0000,Excluded
270,16,59,16,5,11, 0.00000000000000E+0000, 0.00000000000000E+0000,Excluded
270,16,6,16,3,13, 0.00000000000000E+0000, 0.00000000000000E+0000,Excluded
270,16,60,16,2,14, 0.00000000000000E+0000, 0.00000000000000E+0000,Excluded
270,16,61,16,5,11, 0.00000000000000E+0000, 0.00000000000000E+0000,Excluded
270,16,62,16,4,12, 0.00000000000000E+0000, 0.00000000000000E+0000,Excluded
270,16,65,16,2,14, 0.00000000000000E+0000, 0.00000000000000E+0000,Excluded
270,16,73,16,3,13, 0.00000000000000E+0000, 0.00000000000000E+0000,Excluded
270,16,75,16,1,15, 0.00000000000000E+0000, 0.00000000000000E+0000,Excluded
270,16,76,16,3,13, 0.00000000000000E+0000, 0.00000000000000E+0000,Excluded
270,16,77,16,5,11, 0.00000000000000E+0000, 0.00000000000000E+0000,Excluded
270,16,78,16,5,11, 0.00000000000000E+0000, 0.00000000000000E+0000,Excluded
270,16,79,16,4,12, 0.00000000000000E+0000, 0.00000000000000E+0000,Excluded
270,16,8,16,7,9, 0.00000000000000E+0000, 0.00000000000000E+0000,Excluded
270,16,84,16,4,12, 0.00000000000000E+0000, 0.00000000000000E+0000,Excluded
270,16,85,16,4,12, 0.00000000000000E+0000, 0.00000000000000E+0000,Excluded
270,16,86,16,4,12, 0.00000000000000E+0000, 0.00000000000000E+0000,Excluded
270,16,89,16,5,11, 0.00000000000000E+0000, 0.00000000000000E+0000,Excluded
270,16,94,16,8,8, 0.00000000000000E+0000, 0.00000000000000E+0000,Excluded
270,16,95,16,7,9, 0.00000000000000E+0000, 0.00000000000000E+0000,Excluded
270,16,96,16,5,11, 0.00000000000000E+0000, 0.00000000000000E+0000,Excluded
270,16,98,16,3,13, 0.00000000000000E+0000, 0.00000000000000E+0000,Excluded
276,16,28,16,7,9, 0.00000000000000E+0000, 0.00000000000000E+0000,Excluded
276,16,29,16,4,12, 0.00000000000000E+0000, 0.00000000000000E+0000,Excluded
276,16,298,15,2,13, 0.00000000000000E+0000, 0.00000000000000E+0000,Excluded
276,16,3,16,4,12, 0.00000000000000E+0000, 0.00000000000000E+0000,Excluded
276,16,30,16,5,11, 0.00000000000000E+0000, 0.00000000000000E+0000,Excluded
276,16,306,16,4,12, 0.00000000000000E+0000, 0.00000000000000E+0000,Excluded
276,16,308,16,1,15, 0.00000000000000E+0000, 0.00000000000000E+0000,Excluded
276,16,311,15,5,10, 0.00000000000000E+0000, 0.00000000000000E+0000,Excluded
276,16,323,16,4,12, 0.00000000000000E+0000, 0.00000000000000E+0000,Excluded
276,16,327,16,5,11, 0.00000000000000E+0000, 0.00000000000000E+0000,Excluded
276,16,33,16,3,13, 0.00000000000000E+0000, 0.00000000000000E+0000,Excluded
276,16,334,16,3,13, 0.00000000000000E+0000, 0.00000000000000E+0000,Excluded
276,16,338,16,6,10, 0.00000000000000E+0000, 0.00000000000000E+0000,Excluded
276,16,341,16,4,12, 0.00000000000000E+0000, 0.00000000000000E+0000,Excluded
276,16,346,16,5,11, 0.00000000000000E+0000, 0.00000000000000E+0000,Excluded
276,16,348,16,5,11, 0.00000000000000E+0000, 0.00000000000000E+0000,Excluded
276,16,351,16,5,11, 0.00000000000000E+0000, 0.00000000000000E+0000,Excluded
276,16,362,16,7,9, 0.00000000000000E+0000, 0.00000000000000E+0000,Excluded
276,16,364,16,4,12, 0.00000000000000E+0000, 0.00000000000000E+0000,Excluded
276,16,366,16,5,11, 0.00000000000000E+0000, 0.00000000000000E+0000,Excluded
276,16,37,16,5,11, 0.00000000000000E+0000, 0.00000000000000E+0000,Excluded
276,16,376,16,5,11, 0.00000000000000E+0000, 0.00000000000000E+0000,Excluded
276,16,377,15,3,12, 0.00000000000000E+0000, 0.00000000000000E+0000,Excluded
276,16,378,16,4,12, 0.00000000000000E+0000, 0.00000000000000E+0000,Excluded
276,16,38,16,2,14, 0.00000000000000E+0000, 0.00000000000000E+0000,Excluded
276,16,388,16,4,12, 0.00000000000000E+0000, 0.00000000000000E+0000,Excluded
276,16,391,16,3,13, 0.00000000000000E+0000, 0.00000000000000E+0000,Excluded
276,16,396,13,6,7, 0.00000000000000E+0000, 0.00000000000000E+0000,Excluded
276,16,4,16,5,11, 0.00000000000000E+0000, 0.00000000000000E+0000,Excluded
276,16,400,13,3,10, 0.00000000000000E+0000, 0.00000000000000E+0000,Excluded
276,16,401,16,5,11, 0.00000000000000E+0000, 0.00000000000000E+0000,Excluded
276,16,406,16,5,11, 0.00000000000000E+0000, 0.00000000000000E+0000,Excluded
276,16,412,15,6,9, 0.00000000000000E+0000, 0.00000000000000E+0000,Excluded
276,16,413,16,3,13, 0.00000000000000E+0000, 0.00000000000000E+0000,Excluded
276,16,421,16,4,12, 0.00000000000000E+0000, 0.00000000000000E+0000,Excluded
276,16,423,16,3,13, 0.00000000000000E+0000, 0.00000000000000E+0000,Excluded
276,16,424,16,5,11, 0.00000000000000E+0000, 0.00000000000000E+0000,Excluded
276,16,426,16,4,12, 0.00000000000000E+0000, 0.00000000000000E+0000,Excluded
276,16,43,16,6,10, 0.00000000000000E+0000, 0.00000000000000E+0000,Excluded
276,16,430,14,7,7, 0.00000000000000E+0000, 0.00000000000000E+0000,Excluded
276,16,435,16,3,13, 0.00000000000000E+0000, 0.00000000000000E+0000,Excluded
276,16,44,16,4,12, 0.00000000000000E+0000, 0.00000000000000E+0000,Excluded
276,16,461,16,3,13, 0.00000000000000E+0000, 0.00000000000000E+0000,Excluded
276,16,476,16,6,10, 0.00000000000000E+0000, 0.00000000000000E+0000,Excluded
276,16,478,16,5,11, 0.00000000000000E+0000, 0.00000000000000E+0000,Excluded
276,16,48,16,4,12, 0.00000000000000E+0000, 0.00000000000000E+0000,Excluded
276,16,484,16,1,15, 0.00000000000000E+0000, 0.00000000000000E+0000,Excluded
276,16,489,16,6,10, 0.00000000000000E+0000, 0.00000000000000E+0000,Excluded
276,16,492,13,2,11, 0.00000000000000E+0000, 0.00000000000000E+0000,Excluded
276,16,493,16,3,13, 0.00000000000000E+0000, 0.00000000000000E+0000,Excluded
276,16,494,16,2,14, 0.00000000000000E+0000, 0.00000000000000E+0000,Excluded
276,16,500,16,5,11, 0.00000000000000E+0000, 0.00000000000000E+0000,Excluded
276,16,504,16,6,10, 0.00000000000000E+0000, 0.00000000000000E+0000,Excluded
276,16,506,16,4,12, 0.00000000000000E+0000, 0.00000000000000E+0000,Excluded
276,16,52,16,3,13, 0.00000000000000E+0000, 0.00000000000000E+0000,Excluded
276,16,55,16,5,11, 0.00000000000000E+0000, 0.00000000000000E+0000,Excluded
276,16,57,16,4,12, 0.00000000000000E+0000, 0.00000000000000E+0000,Excluded
276,16,59,16,3,13, 0.00000000000000E+0000, 0.00000000000000E+0000,Excluded
276,16,6,16,7,9, 0.00000000000000E+0000, 0.00000000000000E+0000,Excluded
276,16,60,16,6,10, 0.00000000000000E+0000, 0.00000000000000E+0000,Excluded
276,16,61,16,7,9, 0.00000000000000E+0000, 0.00000000000000E+0000,Excluded
276,16,62,16,4,12, 0.00000000000000E+0000, 0.00000000000000E+0000,Excluded
276,16,65,16,3,13, 0.00000000000000E+0000, 0.00000000000000E+0000,Excluded
276,16,73,16,7,9, 0.00000000000000E+0000, 0.00000000000000E+0000,Excluded
276,16,75,16,1,15, 0.00000000000000E+0000, 0.00000000000000E+0000,Excluded
276,16,76,16,6,10, 0.00000000000000E+0000, 0.00000000000000E+0000,Excluded
276,16,77,16,4,12, 0.00000000000000E+0000, 0.00000000000000E+0000,Excluded
276,16,78,16,7,9, 0.00000000000000E+0000, 0.00000000000000E+0000,Excluded
276,16,79,16,4,12, 0.00000000000000E+0000, 0.00000000000000E+0000,Excluded
276,16,8,16,5,11, 0.00000000000000E+0000, 0.00000000000000E+0000,Excluded
276,16,84,16,4,12, 0.00000000000000E+0000, 0.00000000000000E+0000,Excluded
276,16,85,16,3,13, 0.00000000000000E+0000, 0.00000000000000E+0000,Excluded
276,16,86,16,5,11, 0.00000000000000E+0000, 0.00000000000000E+0000,Excluded
276,16,89,16,5,11, 0.00000000000000E+0000, 0.00000000000000E+0000,Excluded
276,16,94,16,5,11, 0.00000000000000E+0000, 0.00000000000000E+0000,Excluded
276,16,95,16,6,10, 0.00000000000000E+0000, 0.00000000000000E+0000,Excluded
276,16,96,16,6,10, 0.00000000000000E+0000, 0.00000000000000E+0000,Excluded
276,16,98,16,5,11, 0.00000000000000E+0000, 0.00000000000000E+0000,Excluded
28,16,29,16,5,11, 0.00000000000000E+0000, 0.00000000000000E+0000,Excluded
28,16,298,15,2,13, 0.00000000000000E+0000, 0.00000000000000E+0000,Excluded
28,16,3,16,4,12, 0.00000000000000E+0000, 0.00000000000000E+0000,Excluded
28,16,30,16,6,10, 0.00000000000000E+0000, 0.00000000000000E+0000,Excluded
28,16,306,16,5,11, 0.00000000000000E+0000, 0.00000000000000E+0000,Excluded
28,16,308,16,1,15, 0.00000000000000E+0000, 0.00000000000000E+0000,Excluded
28,16,311,15,2,13, 0.00000000000000E+0000, 0.00000000000000E+0000,Excluded
28,16,323,16,4,12, 0.00000000000000E+0000, 0.00000000000000E+0000,Excluded
28,16,327,16,6,10, 0.00000000000000E+0000, 0.00000000000000E+0000,Excluded
28,16,33,16,1,15, 0.00000000000000E+0000, 0.00000000000000E+0000,Excluded
28,16,334,16,1,15, 0.00000000000000E+0000, 0.00000000000000E+0000,Excluded
28,16,338,16,5,11, 0.00000000000000E+0000, 0.00000000000000E+0000,Excluded
28,16,341,16,4,12, 0.00000000000000E+0000, 0.00000000000000E+0000,Excluded
28,16,346,16,4,12, 0.00000000000000E+0000, 0.00000000000000E+0000,Excluded
28,16,348,16,4,12, 0.00000000000000E+0000, 0.00000000000000E+0000,Excluded
28,16,351,16,7,9, 0.00000000000000E+0000, 0.00000000000000E+0000,Excluded
28,16,362,16,5,11, 0.00000000000000E+0000, 0.00000000000000E+0000,Excluded
28,16,364,16,3,13, 0.00000000000000E+0000, 0.00000000000000E+0000,Excluded
28,16,366,16,4,12, 0.00000000000000E+0000, 0.00000000000000E+0000,Excluded
28,16,37,16,5,11, 0.00000000000000E+0000, 0.00000000000000E+0000,Excluded
28,16,376,16,6,10, 0.00000000000000E+0000, 0.00000000000000E+0000,Excluded
28,16,377,15,4,11, 0.00000000000000E+0000, 0.00000000000000E+0000,Excluded
28,16,378,16,5,11, 0.00000000000000E+0000, 0.00000000000000E+0000,Excluded
28,16,38,16,2,14, 0.00000000000000E+0000, 0.00000000000000E+0000,Excluded
28,16,388,16,3,13, 0.00000000000000E+0000, 0.00000000000000E+0000,Excluded
28,16,391,16,4,12, 0.00000000000000E+0000, 0.00000000000000E+0000,Excluded
28,16,396,13,5,8, 0.00000000000000E+0000, 0.00000000000000E+0000,Excluded
28,16,4,16,5,11, 0.00000000000000E+0000, 0.00000000000000E+0000,Excluded
28,16,400,13,2,11, 0.00000000000000E+0000, 0.00000000000000E+0000,Excluded
28,16,401,16,5,11, 0.00000000000000E+0000, 0.00000000000000E+0000,Excluded
28,16,406,16,4,12, 0.00000000000000E+0000, 0.00000000000000E+0000,Excluded
28,16,412,15,6,9, 0.00000000000000E+0000, 0.00000000000000E+0000,Excluded
28,16,413,16,2,14, 0.00000000000000E+0000, 0.00000000000000E+0000,Excluded
28,16,421,16,5,11, 0.00000000000000E+0000, 0.00000000000000E+0000,Excluded
28,16,423,16,3,13, 0.00000000000000E+0000, 0.00000000000000E+0000,Excluded
28,16,424,16,4,12, 0.00000000000000E+0000, 0.00000000000000E+0000,Excluded
28,16,426,16,2,14, 0.00000000000000E+0000, 0.00000000000000E+0000,Excluded
28,16,43,16,8,8, 0.00000000000000E+0000, 0.00000000000000E+0000,Excluded
28,16,430,14,6,8, 0.00000000000000E+0000, 0.00000000000000E+0000,Excluded
28,16,435,16,3,13, 0.00000000000000E+0000, 0.00000000000000E+0000,Excluded
28,16,44,16,4,12, 0.00000000000000E+0000, 0.00000000000000E+0000,Excluded
28,16,461,16,2,14, 0.00000000000000E+0000, 0.00000000000000E+0000,Excluded
28,16,476,16,3,13, 0.00000000000000E+0000, 0.00000000000000E+0000,Excluded
28,16,478,16,5,11, 0.00000000000000E+0000, 0.00000000000000E+0000,Excluded
28,16,48,16,3,13, 0.00000000000000E+0000, 0.00000000000000E+0000,Excluded
28,16,484,16,3,13, 0.00000000000000E+0000, 0.00000000000000E+0000,Excluded
28,16,489,16,5,11, 0.00000000000000E+0000, 0.00000000000000E+0000,Excluded
28,16,492,13,1,12, 0.00000000000000E+0000, 0.00000000000000E+0000,Excluded
28,16,493,16,2,14, 0.00000000000000E+0000, 0.00000000000000E+0000,Excluded
28,16,494,16,4,12, 0.00000000000000E+0000, 0.00000000000000E+0000,Excluded
28,16,500,16,4,12, 0.00000000000000E+0000, 0.00000000000000E+0000,Excluded
28,16,504,16,4,12, 0.00000000000000E+0000, 0.00000000000000E+0000,Excluded
28,16,506,16,3,13, 0.00000000000000E+0000, 0.00000000000000E+0000,Excluded
28,16,52,16,3,13, 0.00000000000000E+0000, 0.00000000000000E+0000,Excluded
28,16,55,16,6,10, 0.00000000000000E+0000, 0.00000000000000E+0000,Excluded
28,16,57,16,3,13, 0.00000000000000E+0000, 0.00000000000000E+0000,Excluded
28,16,59,16,2,14, 0.00000000000000E+0000, 0.00000000000000E+0000,Excluded
28,16,6,16,6,10, 0.00000000000000E+0000, 0.00000000000000E+0000,Excluded
28,16,60,16,6,10, 0.00000000000000E+0000, 0.00000000000000E+0000,Excluded
28,16,61,16,6,10, 0.00000000000000E+0000, 0.00000000000000E+0000,Excluded
28,16,62,16,4,12, 0.00000000000000E+0000, 0.00000000000000E+0000,Excluded
28,16,65,16,3,13, 0.00000000000000E+0000, 0.00000000000000E+0000,Excluded
28,16,73,16,2,14, 0.00000000000000E+0000, 0.00000000000000E+0000,Excluded
28,16,75,16,1,15, 0.00000000000000E+0000, 0.00000000000000E+0000,Excluded
28,16,76,16,3,13, 0.00000000000000E+0000, 0.00000000000000E+0000,Excluded
28,16,77,16,2,14, 0.00000000000000E+0000, 0.00000000000000E+0000,Excluded
28,16,78,16,3,13, 0.00000000000000E+0000, 0.00000000000000E+0000,Excluded
28,16,79,16,2,14, 0.00000000000000E+0000, 0.00000000000000E+0000,Excluded
28,16,8,16,3,13, 0.00000000000000E+0000, 0.00000000000000E+0000,Excluded
28,16,84,16,3,13, 0.00000000000000E+0000, 0.00000000000000E+0000,Excluded
28,16,85,16,5,11, 0.00000000000000E+0000, 0.00000000000000E+0000,Excluded
28,16,86,16,8,8, 0.00000000000000E+0000, 0.00000000000000E+0000,Excluded
28,16,89,16,3,13, 0.00000000000000E+0000, 0.00000000000000E+0000,Excluded
28,16,94,16,6,10, 0.00000000000000E+0000, 0.00000000000000E+0000,Excluded
28,16,95,16,4,12, 0.00000000000000E+0000, 0.00000000000000E+0000,Excluded
28,16,96,16,3,13, 0.00000000000000E+0000, 0.00000000000000E+0000,Excluded
28,16,98,16,3,13, 0.00000000000000E+0000, 0.00000000000000E+0000,Excluded
29,16,298,15,3,12, 0.00000000000000E+0000, 0.00000000000000E+0000,Excluded
29,16,3,16,4,12, 0.00000000000000E+0000, 0.00000000000000E+0000,Excluded
29,16,30,16,6,10, 0.00000000000000E+0000, 0.00000000000000E+0000,Excluded
29,16,306,16,2,14, 0.00000000000000E+0000, 0.00000000000000E+0000,Excluded
29,16,308,16,5,11, 0.00000000000000E+0000, 0.00000000000000E+0000,Excluded
29,16,311,15,3,12, 0.00000000000000E+0000, 0.00000000000000E+0000,Excluded
29,16,323,16,5,11, 0.00000000000000E+0000, 0.00000000000000E+0000,Excluded
29,16,327,16,6,10, 0.00000000000000E+0000, 0.00000000000000E+0000,Excluded
29,16,33,16,2,14, 0.00000000000000E+0000, 0.00000000000000E+0000,Excluded
29,16,334,16,2,14, 0.00000000000000E+0000, 0.00000000000000E+0000,Excluded
29,16,338,16,3,13, 0.00000000000000E+0000, 0.00000000000000E+0000,Excluded
29,16,341,16,7,9, 0.00000000000000E+0000, 0.00000000000000E+0000,Excluded
29,16,346,16,5,11, 0.00000000000000E+0000, 0.00000000000000E+0000,Excluded
29,16,348,16,2,14, 0.00000000000000E+0000, 0.00000000000000E+0000,Excluded
29,16,351,16,4,12, 0.00000000000000E+0000, 0.00000000000000E+0000,Excluded
29,16,362,16,7,9, 0.00000000000000E+0000, 0.00000000000000E+0000,Excluded
29,16,364,16,3,13, 0.00000000000000E+0000, 0.00000000000000E+0000,Excluded
29,16,366,16,5,11, 0.00000000000000E+0000, 0.00000000000000E+0000,Excluded
29,16,37,16,3,13, 0.00000000000000E+0000, 0.00000000000000E+0000,Excluded
29,16,376,16,4,12, 0.00000000000000E+0000, 0.00000000000000E+0000,Excluded
29,16,377,15,7,8, 0.00000000000000E+0000, 0.00000000000000E+0000,Excluded
29,16,378,16,10,6, 0.00000000000000E+0000, 0.00000000000000E+0000,Excluded
29,16,38,16,4,12, 0.00000000000000E+0000, 0.00000000000000E+0000,Excluded
29,16,388,16,3,13, 0.00000000000000E+0000, 0.00000000000000E+0000,Excluded
29,16,391,16,3,13, 0.00000000000000E+0000, 0.00000000000000E+0000,Excluded
29,16,396,13,4,9, 0.00000000000000E+0000, 0.00000000000000E+0000,Excluded
29,16,4,16,4,12, 0.00000000000000E+0000, 0.00000000000000E+0000,Excluded
29,16,400,13,6,7, 0.00000000000000E+0000, 0.00000000000000E+0000,Excluded
29,16,401,16,4,12, 0.00000000000000E+0000, 0.00000000000000E+0000,Excluded
29,16,406,16,3,13, 0.00000000000000E+0000, 0.00000000000000E+0000,Excluded
29,16,412,15,4,11, 0.00000000000000E+0000, 0.00000000000000E+0000,Excluded
29,16,413,16,4,12, 0.00000000000000E+0000, 0.00000000000000E+0000,Excluded
29,16,421,16,4,12, 0.00000000000000E+0000, 0.00000000000000E+0000,Excluded
29,16,423,16,6,10, 0.00000000000000E+0000, 0.00000000000000E+0000,Excluded
29,16,424,16,3,13, 0.00000000000000E+0000, 0.00000000000000E+0000,Excluded
29,16,426,16,5,11, 0.00000000000000E+0000, 0.00000000000000E+0000,Excluded
29,16,43,16,7,9, 0.00000000000000E+0000, 0.00000000000000E+0000,Excluded
29,16,430,14,3,11, 0.00000000000000E+0000, 0.00000000000000E+0000,Excluded
29,16,435,16,4,12, 0.00000000000000E+0000, 0.00000000000000E+0000,Excluded
29,16,44,16,5,11, 0.00000000000000E+0000, 0.00000000000000E+0000,Excluded
29,16,461,16,6,10, 0.00000000000000E+0000, 0.00000000000000E+0000,Excluded
29,16,476,16,3,13, 0.00000000000000E+0000, 0.00000000000000E+0000,Excluded
29,16,478,16,3,13, 0.00000000000000E+0000, 0.00000000000000E+0000,Excluded
29,16,48,16,3,13, 0.00000000000000E+0000, 0.00000000000000E+0000,Excluded
29,16,484,16,4,12, 0.00000000000000E+0000, 0.00000000000000E+0000,Excluded
29,16,489,16,6,10, 0.00000000000000E+0000, 0.00000000000000E+0000,Excluded
29,16,492,13,2,11, 0.00000000000000E+0000, 0.00000000000000E+0000,Excluded
29,16,493,16,2,14, 0.00000000000000E+0000, 0.00000000000000E+0000,Excluded
29,16,494,16,1,15, 0.00000000000000E+0000, 0.00000000000000E+0000,Excluded
29,16,500,16,4,12, 0.00000000000000E+0000, 0.00000000000000E+0000,Excluded
29,16,504,16,3,13, 0.00000000000000E+0000, 0.00000000000000E+0000,Excluded
29,16,506,16,3,13, 0.00000000000000E+0000, 0.00000000000000E+0000,Excluded
29,16,52,16,6,10, 0.00000000000000E+0000, 0.00000000000000E+0000,Excluded
29,16,55,16,4,12, 0.00000000000000E+0000, 0.00000000000000E+0000,Excluded
29,16,57,16,3,13, 0.00000000000000E+0000, 0.00000000000000E+0000,Excluded
29,16,59,16,4,12, 0.00000000000000E+0000, 0.00000000000000E+0000,Excluded
29,16,6,16,6,10, 0.00000000000000E+0000, 0.00000000000000E+0000,Excluded
29,16,60,16,2,14, 0.00000000000000E+0000, 0.00000000000000E+0000,Excluded
29,16,61,16,3,13, 0.00000000000000E+0000, 0.00000000000000E+0000,Excluded
29,16,62,16,5,11, 0.00000000000000E+0000, 0.00000000000000E+0000,Excluded
29,16,65,16,4,12, 0.00000000000000E+0000, 0.00000000000000E+0000,Excluded
29,16,73,16,2,14, 0.00000000000000E+0000, 0.00000000000000E+0000,Excluded
29,16,75,16,1,15, 0.00000000000000E+0000, 0.00000000000000E+0000,Excluded
29,16,76,16,5,11, 0.00000000000000E+0000, 0.00000000000000E+0000,Excluded
29,16,77,16,3,13, 0.00000000000000E+0000, 0.00000000000000E+0000,Excluded
29,16,78,16,2,14, 0.00000000000000E+0000, 0.00000000000000E+0000,Excluded
29,16,79,16,2,14, 0.00000000000000E+0000, 0.00000000000000E+0000,Excluded
29,16,8,16,6,10, 0.00000000000000E+0000, 0.00000000000000E+0000,Excluded
29,16,84,16,6,10, 0.00000000000000E+0000, 0.00000000000000E+0000,Excluded
29,16,85,16,4,12, 0.00000000000000E+0000, 0.00000000000000E+0000,Excluded
29,16,86,16,3,13, 0.00000000000000E+0000, 0.00000000000000E+0000,Excluded
29,16,89,16,3,13, 0.00000000000000E+0000, 0.00000000000000E+0000,Excluded
29,16,94,16,5,11, 0.00000000000000E+0000, 0.00000000000000E+0000,Excluded
29,16,95,16,4,12, 0.00000000000000E+0000, 0.00000000000000E+0000,Excluded
29,16,96,16,6,10, 0.00000000000000E+0000, 0.00000000000000E+0000,Excluded
29,16,98,16,5,11, 0.00000000000000E+0000, 0.00000000000000E+0000,Excluded
298,15,3,16,2,13, 0.00000000000000E+0000, 0.00000000000000E+0000,Excluded
298,15,30,16,1,14, 0.00000000000000E+0000, 0.00000000000000E+0000,Excluded
298,15,306,16,5,10, 0.00000000000000E+0000, 0.00000000000000E+0000,Excluded
298,15,308,16,3,12, 0.00000000000000E+0000, 0.00000000000000E+0000,Excluded
298,15,311,15,1,14, 0.00000000000000E+0000, 0.00000000000000E+0000,Excluded
298,15,323,16,1,14, 0.00000000000000E+0000, 0.00000000000000E+0000,Excluded
298,15,327,16,3,12, 0.00000000000000E+0000, 0.00000000000000E+0000,Excluded
298,15,33,16,0,15, 0.00000000000000E+0000, 0.00000000000000E+0000,Excluded
298,15,334,16,3,12, 0.00000000000000E+0000, 0.00000000000000E+0000,Excluded
298,15,338,16,4,11, 0.00000000000000E+0000, 0.00000000000000E+0000,Excluded
298,15,341,16,2,13, 0.00000000000000E+0000, 0.00000000000000E+0000,Excluded
298,15,346,16,3,12, 0.00000000000000E+0000, 0.00000000000000E+0000,Excluded
298,15,348,16,2,13, 0.00000000000000E+0000, 0.00000000000000E+0000,Excluded
298,15,351,16,4,11, 0.00000000000000E+0000, 0.00000000000000E+0000,Excluded
298,15,362,16,3,12, 0.00000000000000E+0000, 0.00000000000000E+0000,Excluded
298,15,364,16,2,13, 0.00000000000000E+0000, 0.00000000000000E+0000,Excluded
298,15,366,16,2,13, 0.00000000000000E+0000, 0.00000000000000E+0000,Excluded
298,15,37,16,0,15, 0.00000000000000E+0000, 0.00000000000000E+0000,Excluded
298,15,376,16,3,12, 0.00000000000000E+0000, 0.00000000000000E+0000,Excluded
298,15,377,15,6,9, 0.00000000000000E+0000, 0.00000000000000E+0000,Excluded
298,15,378,16,7,8, 0.00000000000000E+0000, 0.00000000000000E+0000,Excluded
298,15,38,16,0,15, 0.00000000000000E+0000, 0.00000000000000E+0000,Excluded
298,15,388,16,5,10, 0.00000000000000E+0000, 0.00000000000000E+0000,Excluded
298,15,391,16,5,10, 0.00000000000000E+0000, 0.00000000000000E+0000,Excluded
298,15,396,13,3,9, 0.00000000000000E+0000, 0.00000000000000E+0000,Excluded
298,15,4,16,2,13, 0.00000000000000E+0000, 0.00000000000000E+0000,Excluded
298,15,400,13,1,11, 0.00000000000000E+0000, 0.00000000000000E+0000,Excluded
298,15,401,16,2,13, 0.00000000000000E+0000, 0.00000000000000E+0000,Excluded
298,15,406,16,3,12, 0.00000000000000E+0000, 0.00000000000000E+0000,Excluded
298,15,412,15,5,10, 0.00000000000000E+0000, 0.00000000000000E+0000,Excluded
298,15,413,16,3,12, 0.00000000000000E+0000, 0.00000000000000E+0000,Excluded
298,15,421,16,5,10, 0.00000000000000E+0000, 0.00000000000000E+0000,Excluded
298,15,423,16,4,11, 0.00000000000000E+0000, 0.00000000000000E+0000,Excluded
298,15,424,16,4,11, 0.00000000000000E+0000, 0.00000000000000E+0000,Excluded
298,15,426,16,4,11, 0.00000000000000E+0000, 0.00000000000000E+0000,Excluded
298,15,43,16,1,14, 0.00000000000000E+0000, 0.00000000000000E+0000,Excluded
298,15,430,14,3,10, 0.00000000000000E+0000, 0.00000000000000E+0000,Excluded
298,15,435,16,5,10, 0.00000000000000E+0000, 0.00000000000000E+0000,Excluded
298,15,44,16,4,11, 0.00000000000000E+0000, 0.00000000000000E+0000,Excluded
298,15,461,16,3,12, 0.00000000000000E+0000, 0.00000000000000E+0000,Excluded
298,15,476,16,2,13, 0.00000000000000E+0000, 0.00000000000000E+0000,Excluded
298,15,478,16,2,13, 0.00000000000000E+0000, 0.00000000000000E+0000,Excluded
298,15,48,16,1,14, 0.00000000000000E+0000, 0.00000000000000E+0000,Excluded
298,15,484,16,6,9, 0.00000000000000E+0000, 0.00000000000000E+0000,Excluded
298,15,489,16,4,11, 0.00000000000000E+0000, 0.00000000000000E+0000,Excluded
298,15,492,13,4,8, 0.00000000000000E+0000, 0.00000000000000E+0000,Excluded
298,15,493,16,1,14, 0.00000000000000E+0000, 0.00000000000000E+0000,Excluded
298,15,494,16,1,14, 0.00000000000000E+0000, 0.00000000000000E+0000,Excluded
298,15,500,16,0,15, 0.00000000000000E+0000, 0.00000000000000E+0000,Excluded
298,15,504,16,4,11, 0.00000000000000E+0000, 0.00000000000000E+0000,Excluded
298,15,506,16,3,12, 0.00000000000000E+0000, 0.00000000000000E+0000,Excluded
298,15,52,16,5,10, 0.00000000000000E+0000, 0.00000000000000E+0000,Excluded
298,15,55,16,3,12, 0.00000000000000E+0000, 0.00000000000000E+0000,Excluded
298,15,57,16,1,14, 0.00000000000000E+0000, 0.00000000000000E+0000,Excluded
298,15,59,16,0,15, 0.00000000000000E+0000, 0.00000000000000E+0000,Excluded
298,15,6,16,2,13, 0.00000000000000E+0000, 0.00000000000000E+0000,Excluded
298,15,60,16,5,10, 0.00000000000000E+0000, 0.00000000000000E+0000,Excluded
298,15,61,16,3,12, 0.00000000000000E+0000, 0.00000000000000E+0000,Excluded
298,15,62,16,6,9, 0.00000000000000E+0000, 0.00000000000000E+0000,Excluded
298,15,65,16,5,10, 0.00000000000000E+0000, 0.00000000000000E+0000,Excluded
298,15,73,16,6,9, 0.00000000000000E+0000, 0.00000000000000E+0000,Excluded
298,15,75,16,4,11, 0.00000000000000E+0000, 0.00000000000000E+0000,Excluded
298,15,76,16,2,13, 0.00000000000000E+0000, 0.00000000000000E+0000,Excluded
298,15,77,16,1,14, 0.00000000000000E+0000, 0.00000000000000E+0000,Excluded
298,15,78,16,2,13, 0.00000000000000E+0000, 0.00000000000000E+0000,Excluded
298,15,79,16,1,14, 0.00000000000000E+0000, 0.00000000000000E+0000,Excluded
298,15,8,16,4,11, 0.00000000000000E+0000, 0.00000000000000E+0000,Excluded
298,15,84,16,6,9, 0.00000000000000E+0000, 0.00000000000000E+0000,Excluded
298,15,85,16,5,10, 0.00000000000000E+0000, 0.00000000000000E+0000,Excluded
298,15,86,16,3,12, 0.00000000000000E+0000, 0.00000000000000E+0000,Excluded
298,15,89,16,4,11, 0.00000000000000E+0000, 0.00000000000000E+0000,Excluded
298,15,94,16,2,13, 0.00000000000000E+0000, 0.00000000000000E+0000,Excluded
298,15,95,16,1,14, 0.00000000000000E+0000, 0.00000000000000E+0000,Excluded
298,15,96,16,3,12, 0.00000000000000E+0000, 0.00000000000000E+0000,Excluded
298,15,98,16,4,11, 0.00000000000000E+0000, 0.00000000000000E+0000,Excluded
3,16,30,16,6,10, 0.00000000000000E+0000, 0.00000000000000E+0000,Excluded
3,16,306,16,1,15, 0.00000000000000E+0000, 0.00000000000000E+0000,Excluded
3,16,308,16,2,14, 0.00000000000000E+0000, 0.00000000000000E+0000,Excluded
3,16,311,15,3,12, 0.00000000000000E+0000, 0.00000000000000E+0000,Excluded
3,16,323,16,9,7, 0.00000000000000E+0000, 0.00000000000000E+0000,Excluded
3,16,327,16,3,13, 0.00000000000000E+0000, 0.00000000000000E+0000,Excluded
3,16,33,16,4,12, 0.00000000000000E+0000, 0.00000000000000E+0000,Excluded
3,16,334,16,5,11, 0.00000000000000E+0000, 0.00000000000000E+0000,Excluded
3,16,338,16,5,11, 0.00000000000000E+0000, 0.00000000000000E+0000,Excluded
3,16,341,16,9,7, 0.00000000000000E+0000, 0.00000000000000E+0000,Excluded
3,16,346,16,4,12, 0.00000000000000E+0000, 0.00000000000000E+0000,Excluded
3,16,348,16,2,14, 0.00000000000000E+0000, 0.00000000000000E+0000,Excluded
3,16,351,16,8,8, 0.00000000000000E+0000, 0.00000000000000E+0000,Excluded
3,16,362,16,4,12, 0.00000000000000E+0000, 0.00000000000000E+0000,Excluded
3,16,364,16,2,14, 0.00000000000000E+0000, 0.00000000000000E+0000,Excluded
3,16,366,16,4,12, 0.00000000000000E+0000, 0.00000000000000E+0000,Excluded
3,16,37,16,8,8, 0.00000000000000E+0000, 0.00000000000000E+0000,Excluded
3,16,376,16,7,9, 0.00000000000000E+0000, 0.00000000000000E+0000,Excluded
3,16,377,15,4,11, 0.00000000000000E+0000, 0.00000000000000E+0000,Excluded
3,16,378,16,5,11, 0.00000000000000E+0000, 0.00000000000000E+0000,Excluded
3,16,38,16,6,10, 0.00000000000000E+0000, 0.00000000000000E+0000,Excluded
3,16,388,16,3,13, 0.00000000000000E+0000, 0.00000000000000E+0000,Excluded
3,16,391,16,5,11, 0.00000000000000E+0000, 0.00000000000000E+0000,Excluded
3,16,396,13,2,11, 0.00000000000000E+0000, 0.00000000000000E+0000,Excluded
3,16,4,16,8,8, 0.00000000000000E+0000, 0.00000000000000E+0000,Excluded
3,16,400,13,3,10, 0.00000000000000E+0000, 0.00000000000000E+0000,Excluded
3,16,401,16,4,12, 0.00000000000000E+0000, 0.00000000000000E+0000,Excluded
3,16,406,16,5,11, 0.00000000000000E+0000, 0.00000000000000E+0000,Excluded
3,16,412,15,4,11, 0.00000000000000E+0000, 0.00000000000000E+0000,Excluded
3,16,413,16,4,12, 0.00000000000000E+0000, 0.00000000000000E+0000,Excluded
3,16,421,16,2,14, 0.00000000000000E+0000, 0.00000000000000E+0000,Excluded
3,16,423,16,2,14, 0.00000000000000E+0000, 0.00000000000000E+0000,Excluded
3,16,424,16,9,7, 0.00000000000000E+0000, 0.00000000000000E+0000,Excluded
3,16,426,16,7,9, 0.00000000000000E+0000, 0.00000000000000E+0000,Excluded
3,16,43,16,5,11, 0.00000000000000E+0000, 0.00000000000000E+0000,Excluded
3,16,430,14,6,8, 0.00000000000000E+0000, 0.00000000000000E+0000,Excluded
3,16,435,16,3,13, 0.00000000000000E+0000, 0.00000000000000E+0000,Excluded
3,16,44,16,4,12, 0.00000000000000E+0000, 0.00000000000000E+0000,Excluded
3,16,461,16,3,13, 0.00000000000000E+0000, 0.00000000000000E+0000,Excluded
3,16,476,16,6,10, 0.00000000000000E+0000, 0.00000000000000E+0000,Excluded
3,16,478,16,7,9, 0.00000000000000E+0000, 0.00000000000000E+0000,Excluded
3,16,48,16,7,9, 0.00000000000000E+0000, 0.00000000000000E+0000,Excluded
3,16,484,16,3,13, 0.00000000000000E+0000, 0.00000000000000E+0000,Excluded
3,16,489,16,6,10, 0.00000000000000E+0000, 0.00000000000000E+0000,Excluded
3,16,492,13,3,10, 0.00000000000000E+0000, 0.00000000000000E+0000,Excluded
3,16,493,16,3,13, 0.00000000000000E+0000, 0.00000000000000E+0000,Excluded
3,16,494,16,6,10, 0.00000000000000E+0000, 0.00000000000000E+0000,Excluded
3,16,500,16,5,11, 0.00000000000000E+0000, 0.00000000000000E+0000,Excluded
3,16,504,16,3,13, 0.00000000000000E+0000, 0.00000000000000E+0000,Excluded
3,16,506,16,5,11, 0.00000000000000E+0000, 0.00000000000000E+0000,Excluded
3,16,52,16,3,13, 0.00000000000000E+0000, 0.00000000000000E+0000,Excluded
3,16,55,16,7,9, 0.00000000000000E+0000, 0.00000000000000E+0000,Excluded
3,16,57,16,12,4, 0.00000000000000E+0000, 0.00000000000000E+0000,Excluded
3,16,59,16,8,8, 0.00000000000000E+0000, 0.00000000000000E+0000,Excluded
3,16,6,16,8,8, 0.00000000000000E+0000, 0.00000000000000E+0000,Excluded
3,16,60,16,1,15, 0.00000000000000E+0000, 0.00000000000000E+0000,Excluded
3,16,61,16,4,12, 0.00000000000000E+0000, 0.00000000000000E+0000,Excluded
3,16,62,16,4,12, 0.00000000000000E+0000, 0.00000000000000E+0000,Excluded
3,16,65,16,2,14, 0.00000000000000E+0000, 0.00000000000000E+0000,Excluded
3,16,73,16,3,13, 0.00000000000000E+0000, 0.00000000000000E+0000,Excluded
3,16,75,16,2,14, 0.00000000000000E+0000, 0.00000000000000E+0000,Excluded
3,16,76,16,3,13, 0.00000000000000E+0000, 0.00000000000000E+0000,Excluded
3,16,77,16,4,12, 0.00000000000000E+0000, 0.00000000000000E+0000,Excluded
3,16,78,16,4,12, 0.00000000000000E+0000, 0.00000000000000E+0000,Excluded
3,16,79,16,3,13, 0.00000000000000E+0000, 0.00000000000000E+0000,Excluded
3,16,8,16,4,12, 0.00000000000000E+0000, 0.00000000000000E+0000,Excluded
3,16,84,16,5,11, 0.00000000000000E+0000, 0.00000000000000E+0000,Excluded
3,16,85,16,3,13, 0.00000000000000E+0000, 0.00000000000000E+0000,Excluded
3,16,86,16,3,13, 0.00000000000000E+0000, 0.00000000000000E+0000,Excluded
3,16,89,16,6,10, 0.00000000000000E+0000, 0.00000000000000E+0000,Excluded
3,16,94,16,7,9, 0.00000000000000E+0000, 0.00000000000000E+0000,Excluded
3,16,95,16,7,9, 0.00000000000000E+0000, 0.00000000000000E+0000,Excluded
3,16,96,16,4,12, 0.00000000000000E+0000, 0.00000000000000E+0000,Excluded
3,16,98,16,2,14, 0.00000000000000E+0000, 0.00000000000000E+0000,Excluded
30,16,306,16,2,14, 0.00000000000000E+0000, 0.00000000000000E+0000,Excluded
30,16,308,16,2,14, 0.00000000000000E+0000, 0.00000000000000E+0000,Excluded
30,16,311,15,2,13, 0.00000000000000E+0000, 0.00000000000000E+0000,Excluded
30,16,323,16,7,9, 0.00000000000000E+0000, 0.00000000000000E+0000,Excluded
30,16,327,16,6,10, 0.00000000000000E+0000, 0.00000000000000E+0000,Excluded
30,16,33,16,2,14, 0.00000000000000E+0000, 0.00000000000000E+0000,Excluded
30,16,334,16,2,14, 0.00000000000000E+0000, 0.00000000000000E+0000,Excluded
30,16,338,16,5,11, 0.00000000000000E+0000, 0.00000000000000E+0000,Excluded
30,16,341,16,7,9, 0.00000000000000E+0000, 0.00000000000000E+0000,Excluded
30,16,346,16,4,12, 0.00000000000000E+0000, 0.00000000000000E+0000,Excluded
30,16,348,16,3,13, 0.00000000000000E+0000, 0.00000000000000E+0000,Excluded
30,16,351,16,6,10, 0.00000000000000E+0000, 0.00000000000000E+0000,Excluded
30,16,362,16,6,10, 0.00000000000000E+0000, 0.00000000000000E+0000,Excluded
30,16,364,16,4,12, 0.00000000000000E+0000, 0.00000000000000E+0000,Excluded
30,16,366,16,4,12, 0.00000000000000E+0000, 0.00000000000000E+0000,Excluded
30,16,37,16,5,11, 0.00000000000000E+0000, 0.00000000000000E+0000,Excluded
30,16,376,16,7,9, 0.00000000000000E+0000, 0.00000000000000E+0000,Excluded
30,16,377,15,3,12, 0.00000000000000E+0000, 0.00000000000000E+0000,Excluded
30,16,378,16,5,11, 0.00000000000000E+0000, 0.00000000000000E+0000,Excluded
30,16,38,16,4,12, 0.00000000000000E+0000, 0.00000000000000E+0000,Excluded
30,16,388,16,3,13, 0.00000000000000E+0000, 0.00000000000000E+0000,Excluded
30,16,391,16,2,14, 0.00000000000000E+0000, 0.00000000000000E+0000,Excluded
30,16,396,13,5,8, 0.00000000000000E+0000, 0.00000000000000E+0000,Excluded
30,16,4,16,6,10, 0.00000000000000E+0000, 0.00000000000000E+0000,Excluded
30,16,400,13,3,10, 0.00000000000000E+0000, 0.00000000000000E+0000,Excluded
30,16,401,16,5,11, 0.00000000000000E+0000, 0.00000000000000E+0000,Excluded
30,16,406,16,5,11, 0.00000000000000E+0000, 0.00000000000000E+0000,Excluded
30,16,412,15,5,10, 0.00000000000000E+0000, 0.00000000000000E+0000,Excluded
30,16,413,16,3,13, 0.00000000000000E+0000, 0.00000000000000E+0000,Excluded
30,16,421,16,3,13, 0.00000000000000E+0000, 0.00000000000000E+0000,Excluded
30,16,423,16,4,12, 0.00000000000000E+0000, 0.00000000000000E+0000,Excluded
30,16,424,16,5,11, 0.00000000000000E+0000, 0.00000000000000E+0000,Excluded
30,16,426,16,5,11, 0.00000000000000E+0000, 0.00000000000000E+0000,Excluded
30,16,43,16,6,10, 0.00000000000000E+0000, 0.00000000000000E+0000,Excluded
30,16,430,14,7,7, 0.00000000000000E+0000, 0.00000000000000E+0000,Excluded
30,16,435,16,2,14, 0.00000000000000E+0000, 0.00000000000000E+0000,Excluded
30,16,44,16,5,11, 0.00000000000000E+0000, 0.00000000000000E+0000,Excluded
30,16,461,16,3,13, 0.00000000000000E+0000, 0.00000000000000E+0000,Excluded
30,16,476,16,5,11, 0.00000000000000E+0000, 0.00000000000000E+0000,Excluded
30,16,478,16,5,11, 0.00000000000000E+0000, 0.00000000000000E+0000,Excluded
30,16,48,16,5,11, 0.00000000000000E+0000, 0.00000000000000E+0000,Excluded
30,16,484,16,3,13, 0.00000000000000E+0000, 0.00000000000000E+0000,Excluded
30,16,489,16,5,11, 0.00000000000000E+0000, 0.00000000000000E+0000,Excluded
30,16,492,13,1,12, 0.00000000000000E+0000, 0.00000000000000E+0000,Excluded
30,16,493,16,3,13, 0.00000000000000E+0000, 0.00000000000000E+0000,Excluded
30,16,494,16,2,14, 0.00000000000000E+0000, 0.00000000000000E+0000,Excluded
30,16,500,16,4,12, 0.00000000000000E+0000, 0.00000000000000E+0000,Excluded
30,16,504,16,5,11, 0.00000000000000E+0000, 0.00000000000000E+0000,Excluded
30,16,506,16,5,11, 0.00000000000000E+0000, 0.00000000000000E+0000,Excluded
30,16,52,16,6,10, 0.00000000000000E+0000, 0.00000000000000E+0000,Excluded
30,16,55,16,6,10, 0.00000000000000E+0000, 0.00000000000000E+0000,Excluded
30,16,57,16,5,11, 0.00000000000000E+0000, 0.00000000000000E+0000,Excluded
30,16,59,16,6,10, 0.00000000000000E+0000, 0.00000000000000E+0000,Excluded
30,16,6,16,7,9, 0.00000000000000E+0000, 0.00000000000000E+0000,Excluded
30,16,60,16,4,12, 0.00000000000000E+0000, 0.00000000000000E+0000,Excluded
30,16,61,16,5,11, 0.00000000000000E+0000, 0.00000000000000E+0000,Excluded
30,16,62,16,4,12, 0.00000000000000E+0000, 0.00000000000000E+0000,Excluded
30,16,65,16,3,13, 0.00000000000000E+0000, 0.00000000000000E+0000,Excluded
30,16,73,16,4,12, 0.00000000000000E+0000, 0.00000000000000E+0000,Excluded
30,16,75,16,2,14, 0.00000000000000E+0000, 0.00000000000000E+0000,Excluded
30,16,76,16,2,14, 0.00000000000000E+0000, 0.00000000000000E+0000,Excluded
30,16,77,16,2,14, 0.00000000000000E+0000, 0.00000000000000E+0000,Excluded
30,16,78,16,3,13, 0.00000000000000E+0000, 0.00000000000000E+0000,Excluded
30,16,79,16,1,15, 0.00000000000000E+0000, 0.00000000000000E+0000,Excluded
30,16,8,16,5,11, 0.00000000000000E+0000, 0.00000000000000E+0000,Excluded
30,16,84,16,5,11, 0.00000000000000E+0000, 0.00000000000000E+0000,Excluded
30,16,85,16,4,12, 0.00000000000000E+0000, 0.00000000000000E+0000,Excluded
30,16,86,16,4,12, 0.00000000000000E+0000, 0.00000000000000E+0000,Excluded
30,16,89,16,6,10, 0.00000000000000E+0000, 0.00000000000000E+0000,Excluded
30,16,94,16,7,9, 0.00000000000000E+0000, 0.00000000000000E+0000,Excluded
30,16,95,16,6,10, 0.00000000000000E+0000, 0.00000000000000E+0000,Excluded
30,16,96,16,4,12, 0.00000000000000E+0000, 0.00000000000000E+0000,Excluded
30,16,98,16,5,11, 0.00000000000000E+0000, 0.00000000000000E+0000,Excluded
306,16,308,16,3,13, 0.00000000000000E+0000, 0.00000000000000E+0000,Excluded
306,16,311,15,2,13, 0.00000000000000E+0000, 0.00000000000000E+0000,Excluded
306,16,323,16,1,15, 0.00000000000000E+0000, 0.00000000000000E+0000,Excluded
306,16,327,16,4,12, 0.00000000000000E+0000, 0.00000000000000E+0000,Excluded
306,16,33,16,2,14, 0.00000000000000E+0000, 0.00000000000000E+0000,Excluded
306,16,334,16,2,14, 0.00000000000000E+0000, 0.00000000000000E+0000,Excluded
306,16,338,16,4,12, 0.00000000000000E+0000, 0.00000000000000E+0000,Excluded
306,16,341,16,2,14, 0.00000000000000E+0000, 0.00000000000000E+0000,Excluded
306,16,346,16,3,13, 0.00000000000000E+0000, 0.00000000000000E+0000,Excluded
306,16,348,16,4,12, 0.00000000000000E+0000, 0.00000000000000E+0000,Excluded
306,16,351,16,4,12, 0.00000000000000E+0000, 0.00000000000000E+0000,Excluded
306,16,362,16,3,13, 0.00000000000000E+0000, 0.00000000000000E+0000,Excluded
306,16,364,16,5,11, 0.00000000000000E+0000, 0.00000000000000E+0000,Excluded
306,16,366,16,4,12, 0.00000000000000E+0000, 0.00000000000000E+0000,Excluded
306,16,37,16,0,16, 0.00000000000000E+0000, 0.00000000000000E+0000,Excluded
306,16,376,16,3,13, 0.00000000000000E+0000, 0.00000000000000E+0000,Excluded
306,16,377,15,4,11, 0.00000000000000E+0000, 0.00000000000000E+0000,Excluded
306,16,378,16,4,12, 0.00000000000000E+0000, 0.00000000000000E+0000,Excluded
306,16,38,16,0,16, 0.00000000000000E+0000, 0.00000000000000E+0000,Excluded
306,16,388,16,3,13, 0.00000000000000E+0000, 0.00000000000000E+0000,Excluded
306,16,391,16,6,10, 0.00000000000000E+0000, 0.00000000000000E+0000,Excluded
306,16,396,13,6,7, 0.00000000000000E+0000, 0.00000000000000E+0000,Excluded
306,16,4,16,1,15, 0.00000000000000E+0000, 0.00000000000000E+0000,Excluded
306,16,400,13,1,12, 0.00000000000000E+0000, 0.00000000000000E+0000,Excluded
306,16,401,16,2,14, 0.00000000000000E+0000, 0.00000000000000E+0000,Excluded
306,16,406,16,6,10, 0.00000000000000E+0000, 0.00000000000000E+0000,Excluded
306,16,412,15,8,7, 0.00000000000000E+0000, 0.00000000000000E+0000,Excluded
306,16,413,16,1,15, 0.00000000000000E+0000, 0.00000000000000E+0000,Excluded
306,16,421,16,5,11, 0.00000000000000E+0000, 0.00000000000000E+0000,Excluded
306,16,423,16,3,13, 0.00000000000000E+0000, 0.00000000000000E+0000,Excluded
306,16,424,16,6,10, 0.00000000000000E+0000, 0.00000000000000E+0000,Excluded
306,16,426,16,2,14, 0.00000000000000E+0000, 0.00000000000000E+0000,Excluded
306,16,43,16,1,15, 0.00000000000000E+0000, 0.00000000000000E+0000,Excluded
306,16,430,14,2,12, 0.00000000000000E+0000, 0.00000000000000E+0000,Excluded
306,16,435,16,5,11, 0.00000000000000E+0000, 0.00000000000000E+0000,Excluded
306,16,44,16,3,13, 0.00000000000000E+0000, 0.00000000000000E+0000,Excluded
306,16,461,16,3,13, 0.00000000000000E+0000, 0.00000000000000E+0000,Excluded
306,16,476,16,1,15, 0.00000000000000E+0000, 0.00000000000000E+0000,Excluded
306,16,478,16,3,13, 0.00000000000000E+0000, 0.00000000000000E+0000,Excluded
306,16,48,16,1,15, 0.00000000000000E+0000, 0.00000000000000E+0000,Excluded
306,16,484,16,4,12, 0.00000000000000E+0000, 0.00000000000000E+0000,Excluded
306,16,489,16,4,12, 0.00000000000000E+0000, 0.00000000000000E+0000,Excluded
306,16,492,13,2,11, 0.00000000000000E+0000, 0.00000000000000E+0000,Excluded
306,16,493,16,2,14, 0.00000000000000E+0000, 0.00000000000000E+0000,Excluded
306,16,494,16,1,15, 0.00000000000000E+0000, 0.00000000000000E+0000,Excluded
306,16,500,16,2,14, 0.00000000000000E+0000, 0.00000000000000E+0000,Excluded
306,16,504,16,4,12, 0.00000000000000E+0000, 0.00000000000000E+0000,Excluded
306,16,506,16,3,13, 0.00000000000000E+0000, 0.00000000000000E+0000,Excluded
306,16,52,16,3,13, 0.00000000000000E+0000, 0.00000000000000E+0000,Excluded
306,16,55,16,2,14, 0.00000000000000E+0000, 0.00000000000000E+0000,Excluded
306,16,57,16,0,16, 0.00000000000000E+0000, 0.00000000000000E+0000,Excluded
306,16,59,16,0,16, 0.00000000000000E+0000, 0.00000000000000E+0000,Excluded
306,16,6,16,4,12, 0.00000000000000E+0000, 0.00000000000000E+0000,Excluded
306,16,60,16,6,10, 0.00000000000000E+0000, 0.00000000000000E+0000,Excluded
306,16,61,16,3,13, 0.00000000000000E+0000, 0.00000000000000E+0000,Excluded
306,16,62,16,5,11, 0.00000000000000E+0000, 0.00000000000000E+0000,Excluded
306,16,65,16,4,12, 0.00000000000000E+0000, 0.00000000000000E+0000,Excluded
306,16,73,16,4,12, 0.00000000000000E+0000, 0.00000000000000E+0000,Excluded
306,16,75,16,0,16, 0.00000000000000E+0000, 0.00000000000000E+0000,Excluded
306,16,76,16,3,13, 0.00000000000000E+0000, 0.00000000000000E+0000,Excluded
306,16,77,16,1,15, 0.00000000000000E+0000, 0.00000000000000E+0000,Excluded
306,16,78,16,2,14, 0.00000000000000E+0000, 0.00000000000000E+0000,Excluded
306,16,79,16,2,14, 0.00000000000000E+0000, 0.00000000000000E+0000,Excluded
306,16,8,16,2,14, 0.00000000000000E+0000, 0.00000000000000E+0000,Excluded
306,16,84,16,4,12, 0.00000000000000E+0000, 0.00000000000000E+0000,Excluded
306,16,85,16,4,12, 0.00000000000000E+0000, 0.00000000000000E+0000,Excluded
306,16,86,16,4,12, 0.00000000000000E+0000, 0.00000000000000E+0000,Excluded
306,16,89,16,3,13, 0.00000000000000E+0000, 0.00000000000000E+0000,Excluded
306,16,94,16,2,14, 0.00000000000000E+0000, 0.00000000000000E+0000,Excluded
306,16,95,16,2,14, 0.00000000000000E+0000, 0.00000000000000E+0000,Excluded
306,16,96,16,1,15, 0.00000000000000E+0000, 0.00000000000000E+0000,Excluded
306,16,98,16,5,11, 0.00000000000000E+0000, 0.00000000000000E+0000,Excluded
308,16,311,15,2,13, 0.00000000000000E+0000, 0.00000000000000E+0000,Excluded
308,16,323,16,3,13, 0.00000000000000E+0000, 0.00000000000000E+0000,Excluded
308,16,327,16,3,13, 0.00000000000000E+0000, 0.00000000000000E+0000,Excluded
308,16,33,16,4,12, 0.00000000000000E+0000, 0.00000000000000E+0000,Excluded
308,16,334,16,3,13, 0.00000000000000E+0000, 0.00000000000000E+0000,Excluded
308,16,338,16,3,13, 0.00000000000000E+0000, 0.00000000000000E+0000,Excluded
308,16,341,16,4,12, 0.00000000000000E+0000, 0.00000000000000E+0000,Excluded
308,16,346,16,3,13, 0.00000000000000E+0000, 0.00000000000000E+0000,Excluded
308,16,348,16,2,14, 0.00000000000000E+0000, 0.00000000000000E+0000,Excluded
308,16,351,16,3,13, 0.00000000000000E+0000, 0.00000000000000E+0000,Excluded
308,16,362,16,3,13, 0.00000000000000E+0000, 0.00000000000000E+0000,Excluded
308,16,364,16,4,12, 0.00000000000000E+0000, 0.00000000000000E+0000,Excluded
308,16,366,16,3,13, 0.00000000000000E+0000, 0.00000000000000E+0000,Excluded
308,16,37,16,2,14, 0.00000000000000E+0000, 0.00000000000000E+0000,Excluded
308,16,376,16,1,15, 0.00000000000000E+0000, 0.00000000000000E+0000,Excluded
308,16,377,15,5,10, 0.00000000000000E+0000, 0.00000000000000E+0000,Excluded
308,16,378,16,5,11, 0.00000000000000E+0000, 0.00000000000000E+0000,Excluded
308,16,38,16,2,14, 0.00000000000000E+0000, 0.00000000000000E+0000,Excluded
308,16,388,16,2,14, 0.00000000000000E+0000, 0.00000000000000E+0000,Excluded
308,16,391,16,3,13, 0.00000000000000E+0000, 0.00000000000000E+0000,Excluded
308,16,396,13,2,11, 0.00000000000000E+0000, 0.00000000000000E+0000,Excluded
308,16,4,16,2,14, 0.00000000000000E+0000, 0.00000000000000E+0000,Excluded
308,16,400,13,2,11, 0.00000000000000E+0000, 0.00000000000000E+0000,Excluded
308,16,401,16,0,16, 0.00000000000000E+0000, 0.00000000000000E+0000,Excluded
308,16,406,16,1,15, 0.00000000000000E+0000, 0.00000000000000E+0000,Excluded
308,16,412,15,3,12, 0.00000000000000E+0000, 0.00000000000000E+0000,Excluded
308,16,413,16,6,10, 0.00000000000000E+0000, 0.00000000000000E+0000,Excluded
308,16,421,16,4,12, 0.00000000000000E+0000, 0.00000000000000E+0000,Excluded
308,16,423,16,3,13, 0.00000000000000E+0000, 0.00000000000000E+0000,Excluded
308,16,424,16,3,13, 0.00000000000000E+0000, 0.00000000000000E+0000,Excluded
308,16,426,16,4,12, 0.00000000000000E+0000, 0.00000000000000E+0000,Excluded
308,16,43,16,2,14, 0.00000000000000E+0000, 0.00000000000000E+0000,Excluded
308,16,430,14,1,13, 0.00000000000000E+0000, 0.00000000000000E+0000,Excluded
308,16,435,16,4,12, 0.00000000000000E+0000, 0.00000000000000E+0000,Excluded
308,16,44,16,4,12, 0.00000000000000E+0000, 0.00000000000000E+0000,Excluded
308,16,461,16,14,2, 0.00000000000000E+0000, 0.00000000000000E+0000,Fuzzy match
308,16,476,16,1,15, 0.00000000000000E+0000, 0.00000000000000E+0000,Excluded
308,16,478,16,3,13, 0.00000000000000E+0000, 0.00000000000000E+0000,Excluded
308,16,48,16,5,11, 0.00000000000000E+0000, 0.00000000000000E+0000,Excluded
308,16,484,16,3,13, 0.00000000000000E+0000, 0.00000000000000E+0000,Excluded
308,16,489,16,4,12, 0.00000000000000E+0000, 0.00000000000000E+0000,Excluded
308,16,492,13,2,11, 0.00000000000000E+0000, 0.00000000000000E+0000,Excluded
308,16,493,16,4,12, 0.00000000000000E+0000, 0.00000000000000E+0000,Excluded
308,16,494,16,2,14, 0.00000000000000E+0000, 0.00000000000000E+0000,Excluded
308,16,500,16,1,15, 0.00000000000000E+0000, 0.00000000000000E+0000,Excluded
308,16,504,16,1,15, 0.00000000000000E+0000, 0.00000000000000E+0000,Excluded
308,16,506,16,2,14, 0.00000000000000E+0000, 0.00000000000000E+0000,Excluded
308,16,52,16,3,13, 0.00000000000000E+0000, 0.00000000000000E+0000,Excluded
308,16,55,16,1,15, 0.00000000000000E+0000, 0.00000000000000E+0000,Excluded
308,16,57,16,2,14, 0.00000000000000E+0000, 0.00000000000000E+0000,Excluded
308,16,59,16,2,14, 0.00000000000000E+0000, 0.00000000000000E+0000,Excluded
308,16,6,16,2,14, 0.00000000000000E+0000, 0.00000000000000E+0000,Excluded
308,16,60,16,1,15, 0.00000000000000E+0000, 0.00000000000000E+0000,Excluded
308,16,61,16,2,14, 0.00000000000000E+0000, 0.00000000000000E+0000,Excluded
308,16,62,16,3,13, 0.00000000000000E+0000, 0.00000000000000E+0000,Excluded
308,16,65,16,3,13, 0.00000000000000E+0000, 0.00000000000000E+0000,Excluded
308,16,73,16,2,14, 0.00000000000000E+0000, 0.00000000000000E+0000,Excluded
308,16,75,16,4,12, 0.00000000000000E+0000, 0.00000000000000E+0000,Excluded
308,16,76,16,4,12, 0.00000000000000E+0000, 0.00000000000000E+0000,Excluded
308,16,77,16,2,14, 0.00000000000000E+0000, 0.00000000000000E+0000,Excluded
308,16,78,16,3,13, 0.00000000000000E+0000, 0.00000000000000E+0000,Excluded
308,16,79,16,4,12, 0.00000000000000E+0000, 0.00000000000000E+0000,Excluded
308,16,8,16,3,13, 0.00000000000000E+0000, 0.00000000000000E+0000,Excluded
308,16,84,16,4,12, 0.00000000000000E+0000, 0.00000000000000E+0000,Excluded
308,16,85,16,3,13, 0.00000000000000E+0000, 0.00000000000000E+0000,Excluded
308,16,86,16,2,14, 0.00000000000000E+0000, 0.00000000000000E+0000,Excluded
308,16,89,16,5,11, 0.00000000000000E+0000, 0.00000000000000E+0000,Excluded
308,16,94,16,4,12, 0.00000000000000E+0000, 0.00000000000000E+0000,Excluded
308,16,95,16,3,13, 0.00000000000000E+0000, 0.00000000000000E+0000,Excluded
308,16,96,16,4,12, 0.00000000000000E+0000, 0.00000000000000E+0000,Excluded
308,16,98,16,5,11, 0.00000000000000E+0000, 0.00000000000000E+0000,Excluded
311,15,323,16,2,13, 0.00000000000000E+0000, 0.00000000000000E+0000,Excluded
311,15,327,16,5,10, 0.00000000000000E+0000, 0.00000000000000E+0000,Excluded
311,15,33,16,5,10, 0.00000000000000E+0000, 0.00000000000000E+0000,Excluded
311,15,334,16,2,13, 0.00000000000000E+0000, 0.00000000000000E+0000,Excluded
311,15,338,16,4,11, 0.00000000000000E+0000, 0.00000000000000E+0000,Excluded
311,15,341,16,2,13, 0.00000000000000E+0000, 0.00000000000000E+0000,Excluded
311,15,346,16,2,13, 0.00000000000000E+0000, 0.00000000000000E+0000,Excluded
311,15,348,16,5,10, 0.00000000000000E+0000, 0.00000000000000E+0000,Excluded
311,15,351,16,3,12, 0.00000000000000E+0000, 0.00000000000000E+0000,Excluded
311,15,362,16,5,10, 0.00000000000000E+0000, 0.00000000000000E+0000,Excluded
311,15,364,16,3,12, 0.00000000000000E+0000, 0.00000000000000E+0000,Excluded
311,15,366,16,2,13, 0.00000000000000E+0000, 0.00000000000000E+0000,Excluded
311,15,37,16,4,11, 0.00000000000000E+0000, 0.00000000000000E+0000,Excluded
311,15,376,16,2,13, 0.00000000000000E+0000, 0.00000000000000E+0000,Excluded
311,15,377,15,3,12, 0.00000000000000E+0000, 0.00000000000000E+0000,Excluded
311,15,378,16,2,13, 0.00000000000000E+0000, 0.00000000000000E+0000,Excluded
311,15,38,16,2,13, 0.00000000000000E+0000, 0.00000000000000E+0000,Excluded
311,15,388,16,4,11, 0.00000000000000E+0000, 0.00000000000000E+0000,Excluded
311,15,391,16,2,13, 0.00000000000000E+0000, 0.00000000000000E+0000,Excluded
311,15,396,13,2,10, 0.00000000000000E+0000, 0.00000000000000E+0000,Excluded
311,15,4,16,2,13, 0.00000000000000E+0000, 0.00000000000000E+0000,Excluded
311,15,400,13,1,11, 0.00000000000000E+0000, 0.00000000000000E+0000,Excluded
311,15,401,16,4,11, 0.00000000000000E+0000, 0.00000000000000E+0000,Excluded
311,15,406,16,4,11, 0.00000000000000E+0000, 0.00000000000000E+0000,Excluded
311,15,412,15,5,10, 0.00000000000000E+0000, 0.00000000000000E+0000,Excluded
311,15,413,16,3,12, 0.00000000000000E+0000, 0.00000000000000E+0000,Excluded
311,15,421,16,5,10, 0.00000000000000E+0000, 0.00000000000000E+0000,Excluded
311,15,423,16,4,11, 0.00000000000000E+0000, 0.00000000000000E+0000,Excluded
311,15,424,16,4,11, 0.00000000000000E+0000, 0.00000000000000E+0000,Excluded
311,15,426,16,2,13, 0.00000000000000E+0000, 0.00000000000000E+0000,Excluded
311,15,43,16,2,13, 0.00000000000000E+0000, 0.00000000000000E+0000,Excluded
311,15,430,14,4,9, 0.00000000000000E+0000, 0.00000000000000E+0000,Excluded
311,15,435,16,2,13, 0.00000000000000E+0000, 0.00000000000000E+0000,Excluded
311,15,44,16,2,13, 0.00000000000000E+0000, 0.00000000000000E+0000,Excluded
311,15,461,16,3,12, 0.00000000000000E+0000, 0.00000000000000E+0000,Excluded
311,15,476,16,3,12, 0.00000000000000E+0000, 0.00000000000000E+0000,Excluded
311,15,478,16,3,12, 0.00000000000000E+0000, 0.00000000000000E+0000,Excluded
311,15,48,16,2,13, 0.00000000000000E+0000, 0.00000000000000E+0000,Excluded
311,15,484,16,2,13, 0.00000000000000E+0000, 0.00000000000000E+0000,Excluded
311,15,489,16,4,11, 0.00000000000000E+0000, 0.00000000000000E+0000,Excluded
311,15,492,13,1,11, 0.00000000000000E+0000, 0.00000000000000E+0000,Excluded
311,15,493,16,1,14, 0.00000000000000E+0000, 0.00000000000000E+0000,Excluded
311,15,494,16,1,14, 0.00000000000000E+0000, 0.00000000000000E+0000,Excluded
311,15,500,16,3,12, 0.00000000000000E+0000, 0.00000000000000E+0000,Excluded
311,15,504,16,4,11, 0.00000000000000E+0000, 0.00000000000000E+0000,Excluded
311,15,506,16,3,12, 0.00000000000000E+0000, 0.00000000000000E+0000,Excluded
311,15,52,16,2,13, 0.00000000000000E+0000, 0.00000000000000E+0000,Excluded
311,15,55,16,1,14, 0.00000000000000E+0000, 0.00000000000000E+0000,Excluded
311,15,57,16,3,12, 0.00000000000000E+0000, 0.00000000000000E+0000,Excluded
311,15,59,16,2,13, 0.00000000000000E+0000, 0.00000000000000E+0000,Excluded
311,15,6,16,4,11, 0.00000000000000E+0000, 0.00000000000000E+0000,Excluded
311,15,60,16,5,10, 0.00000000000000E+0000, 0.00000000000000E+0000,Excluded
311,15,61,16,4,11, 0.00000000000000E+0000, 0.00000000000000E+0000,Excluded
311,15,62,16,2,13, 0.00000000000000E+0000, 0.00000000000000E+0000,Excluded
311,15,65,16,2,13, 0.00000000000000E+0000, 0.00000000000000E+0000,Excluded
311,15,73,16,5,10, 0.00000000000000E+0000, 0.00000000000000E+0000,Excluded
311,15,75,16,2,13, 0.00000000000000E+0000, 0.00000000000000E+0000,Excluded
311,15,76,16,3,12, 0.00000000000000E+0000, 0.00000000000000E+0000,Excluded
311,15,77,16,3,12, 0.00000000000000E+0000, 0.00000000000000E+0000,Excluded
311,15,78,16,5,10, 0.00000000000000E+0000, 0.00000000000000E+0000,Excluded
311,15,79,16,3,12, 0.00000000000000E+0000, 0.00000000000000E+0000,Excluded
311,15,8,16,2,13, 0.00000000000000E+0000, 0.00000000000000E+0000,Excluded
311,15,84,16,5,10, 0.00000000000000E+0000, 0.00000000000000E+0000,Excluded
311,15,85,16,1,14, 0.00000000000000E+0000, 0.00000000000000E+0000,Excluded
311,15,86,16,3,12, 0.00000000000000E+0000, 0.00000000000000E+0000,Excluded
311,15,89,16,5,10, 0.00000000000000E+0000, 0.00000000000000E+0000,Excluded
311,15,94,16,3,12, 0.00000000000000E+0000, 0.00000000000000E+0000,Excluded
311,15,95,16,2,13, 0.00000000000000E+0000, 0.00000000000000E+0000,Excluded
311,15,96,16,4,11, 0.00000000000000E+0000, 0.00000000000000E+0000,Excluded
311,15,98,16,2,13, 0.00000000000000E+0000, 0.00000000000000E+0000,Excluded
323,16,327,16,4,12, 0.00000000000000E+0000, 0.00000000000000E+0000,Excluded
323,16,33,16,3,13, 0.00000000000000E+0000, 0.00000000000000E+0000,Excluded
323,16,334,16,4,12, 0.00000000000000E+0000, 0.00000000000000E+0000,Excluded
323,16,338,16,4,12, 0.00000000000000E+0000, 0.00000000000000E+0000,Excluded
323,16,341,16,11,5, 0.00000000000000E+0000, 0.00000000000000E+0000,Excluded
323,16,346,16,4,12, 0.00000000000000E+0000, 0.00000000000000E+0000,Excluded
323,16,348,16,2,14, 0.00000000000000E+0000, 0.00000000000000E+0000,Excluded
323,16,351,16,6,10, 0.00000000000000E+0000, 0.00000000000000E+0000,Excluded
323,16,362,16,6,10, 0.00000000000000E+0000, 0.00000000000000E+0000,Excluded
323,16,364,16,4,12, 0.00000000000000E+0000, 0.00000000000000E+0000,Excluded
323,16,366,16,3,13, 0.00000000000000E+0000, 0.00000000000000E+0000,Excluded
323,16,37,16,6,10, 0.00000000000000E+0000, 0.00000000000000E+0000,Excluded
323,16,376,16,4,12, 0.00000000000000E+0000, 0.00000000000000E+0000,Excluded
323,16,377,15,4,11, 0.00000000000000E+0000, 0.00000000000000E+0000,Excluded
323,16,378,16,4,12, 0.00000000000000E+0000, 0.00000000000000E+0000,Excluded
323,16,38,16,5,11, 0.00000000000000E+0000, 0.00000000000000E+0000,Excluded
323,16,388,16,3,13, 0.00000000000000E+0000, 0.00000000000000E+0000,Excluded
323,16,391,16,5,11, 0.00000000000000E+0000, 0.00000000000000E+0000,Excluded
323,16,396,13,4,9, 0.00000000000000E+0000, 0.00000000000000E+0000,Excluded
323,16,4,16,6,10, 0.00000000000000E+0000, 0.00000000000000E+0000,Excluded
323,16,400,13,4,9, 0.00000000000000E+0000, 0.00000000000000E+0000,Excluded
323,16,401,16,4,12, 0.00000000000000E+0000, 0.00000000000000E+0000,Excluded
323,16,406,16,5,11, 0.00000000000000E+0000, 0.00000000000000E+0000,Excluded
323,16,412,15,4,11, 0.00000000000000E+0000, 0.00000000000000E+0000,Excluded
323,16,413,16,3,13, 0.00000000000000E+0000, 0.00000000000000E+0000,Excluded
323,16,421,16,3,13, 0.00000000000000E+0000, 0.00000000000000E+0000,Excluded
323,16,423,16,4,12, 0.00000000000000E+0000, 0.00000000000000E+0000,Excluded
323,16,424,16,6,10, 0.00000000000000E+0000, 0.00000000000000E+0000,Excluded
323,16,426,16,6,10, 0.00000000000000E+0000, 0.00000000000000E+0000,Excluded
323,16,43,16,5,11, 0.00000000000000E+0000, 0.00000000000000E+0000,Excluded
323,16,430,14,5,9, 0.00000000000000E+0000, 0.00000000000000E+0000,Excluded
323,16,435,16,3,13, 0.00000000000000E+0000, 0.00000000000000E+0000,Excluded
323,16,44,16,5,11, 0.00000000000000E+0000, 0.00000000000000E+0000,Excluded
323,16,461,16,4,12, 0.00000000000000E+0000, 0.00000000000000E+0000,Excluded
323,16,476,16,5,11, 0.00000000000000E+0000, 0.00000000000000E+0000,Excluded
323,16,478,16,7,9, 0.00000000000000E+0000, 0.00000000000000E+0000,Excluded
323,16,48,16,8,8, 0.00000000000000E+0000, 0.00000000000000E+0000,Excluded
323,16,484,16,3,13, 0.00000000000000E+0000, 0.00000000000000E+0000,Excluded
323,16,489,16,6,10, 0.00000000000000E+0000, 0.00000000000000E+0000,Excluded
323,16,492,13,2,11, 0.00000000000000E+0000, 0.00000000000000E+0000,Excluded
323,16,493,16,4,12, 0.00000000000000E+0000, 0.00000000000000E+0000,Excluded
323,16,494,16,5,11, 0.00000000000000E+0000, 0.00000000000000E+0000,Excluded
323,16,500,16,5,11, 0.00000000000000E+0000, 0.00000000000000E+0000,Excluded
323,16,504,16,3,13, 0.00000000000000E+0000, 0.00000000000000E+0000,Excluded
323,16,506,16,5,11, 0.00000000000000E+0000, 0.00000000000000E+0000,Excluded
323,16,52,16,4,12, 0.00000000000000E+0000, 0.00000000000000E+0000,Excluded
323,16,55,16,5,11, 0.00000000000000E+0000, 0.00000000000000E+0000,Excluded
323,16,57,16,9,7, 0.00000000000000E+0000, 0.00000000000000E+0000,Excluded
323,16,59,16,10,6, 0.00000000000000E+0000, 0.00000000000000E+0000,Excluded
323,16,6,16,5,11, 0.00000000000000E+0000, 0.00000000000000E+0000,Excluded
323,16,60,16,2,14, 0.00000000000000E+0000, 0.00000000000000E+0000,Excluded
323,16,61,16,4,12, 0.00000000000000E+0000, 0.00000000000000E+0000,Excluded
323,16,62,16,4,12, 0.00000000000000E+0000, 0.00000000000000E+0000,Excluded
323,16,65,16,2,14, 0.00000000000000E+0000, 0.00000000000000E+0000,Excluded
323,16,73,16,2,14, 0.00000000000000E+0000, 0.00000000000000E+0000,Excluded
323,16,75,16,1,15, 0.00000000000000E+0000, 0.00000000000000E+0000,Excluded
323,16,76,16,3,13, 0.00000000000000E+0000, 0.00000000000000E+0000,Excluded
323,16,77,16,3,13, 0.00000000000000E+0000, 0.00000000000000E+0000,Excluded
323,16,78,16,3,13, 0.00000000000000E+0000, 0.00000000000000E+0000,Excluded
323,16,79,16,2,14, 0.00000000000000E+0000, 0.00000000000000E+0000,Excluded
323,16,8,16,6,10, 0.00000000000000E+0000, 0.00000000000000E+0000,Excluded
323,16,84,16,4,12, 0.00000000000000E+0000, 0.00000000000000E+0000,Excluded
323,16,85,16,5,11, 0.00000000000000E+0000, 0.00000000000000E+0000,Excluded
323,16,86,16,3,13, 0.00000000000000E+0000, 0.00000000000000E+0000,Excluded
323,16,89,16,5,11, 0.00000000000000E+0000, 0.00000000000000E+0000,Excluded
323,16,94,16,7,9, 0.00000000000000E+0000, 0.00000000000000E+0000,Excluded
323,16,95,16,8,8, 0.00000000000000E+0000, 0.00000000000000E+0000,Excluded
323,16,96,16,4,12, 0.00000000000000E+0000, 0.00000000000000E+0000,Excluded
323,16,98,16,3,13, 0.00000000000000E+0000, 0.00000000000000E+0000,Excluded
327,16,33,16,1,15, 0.00000000000000E+0000, 0.00000000000000E+0000,Excluded
327,16,334,16,1,15, 0.00000000000000E+0000, 0.00000000000000E+0000,Excluded
327,16,338,16,4,12, 0.00000000000000E+0000, 0.00000000000000E+0000,Excluded
327,16,341,16,4,12, 0.00000000000000E+0000, 0.00000000000000E+0000,Excluded
327,16,346,16,4,12, 0.00000000000000E+0000, 0.00000000000000E+0000,Excluded
327,16,348,16,2,14, 0.00000000000000E+0000, 0.00000000000000E+0000,Excluded
327,16,351,16,6,10, 0.00000000000000E+0000, 0.00000000000000E+0000,Excluded
327,16,362,16,6,10, 0.00000000000000E+0000, 0.00000000000000E+0000,Excluded
327,16,364,16,2,14, 0.00000000000000E+0000, 0.00000000000000E+0000,Excluded
327,16,366,16,3,13, 0.00000000000000E+0000, 0.00000000000000E+0000,Excluded
327,16,37,16,4,12, 0.00000000000000E+0000, 0.00000000000000E+0000,Excluded
327,16,376,16,3,13, 0.00000000000000E+0000, 0.00000000000000E+0000,Excluded
327,16,377,15,5,10, 0.00000000000000E+0000, 0.00000000000000E+0000,Excluded
327,16,378,16,6,10, 0.00000000000000E+0000, 0.00000000000000E+0000,Excluded
327,16,38,16,2,14, 0.00000000000000E+0000, 0.00000000000000E+0000,Excluded
327,16,388,16,3,13, 0.00000000000000E+0000, 0.00000000000000E+0000,Excluded
327,16,391,16,3,13, 0.00000000000000E+0000, 0.00000000000000E+0000,Excluded
327,16,396,13,4,9, 0.00000000000000E+0000, 0.00000000000000E+0000,Excluded
327,16,4,16,5,11, 0.00000000000000E+0000, 0.00000000000000E+0000,Excluded
327,16,400,13,2,11, 0.00000000000000E+0000, 0.00000000000000E+0000,Excluded
327,16,401,16,3,13, 0.00000000000000E+0000, 0.00000000000000E+0000,Excluded
327,16,406,16,5,11, 0.00000000000000E+0000, 0.00000000000000E+0000,Excluded
327,16,412,15,7,8, 0.00000000000000E+0000, 0.00000000000000E+0000,Excluded
327,16,413,16,3,13, 0.00000000000000E+0000, 0.00000000000000E+0000,Excluded
327,16,421,16,6,10, 0.00000000000000E+0000, 0.00000000000000E+0000,Excluded
327,16,423,16,6,10, 0.00000000000000E+0000, 0.00000000000000E+0000,Excluded
327,16,424,16,3,13, 0.00000000000000E+0000, 0.00000000000000E+0000,Excluded
327,16,426,16,3,13, 0.00000000000000E+0000, 0.00000000000000E+0000,Excluded
327,16,43,16,5,11, 0.00000000000000E+0000, 0.00000000000000E+0000,Excluded
327,16,430,14,6,8, 0.00000000000000E+0000, 0.00000000000000E+0000,Excluded
327,16,435,16,4,12, 0.00000000000000E+0000, 0.00000000000000E+0000,Excluded
327,16,44,16,5,11, 0.00000000000000E+0000, 0.00000000000000E+0000,Excluded
327,16,461,16,4,12, 0.00000000000000E+0000, 0.00000000000000E+0000,Excluded
327,16,476,16,2,14, 0.00000000000000E+0000, 0.00000000000000E+0000,Excluded
327,16,478,16,4,12, 0.00000000000000E+0000, 0.00000000000000E+0000,Excluded
327,16,48,16,3,13, 0.00000000000000E+0000, 0.00000000000000E+0000,Excluded
327,16,484,16,2,14, 0.00000000000000E+0000, 0.00000000000000E+0000,Excluded
327,16,489,16,6,10, 0.00000000000000E+0000, 0.00000000000000E+0000,Excluded
327,16,492,13,1,12, 0.00000000000000E+0000, 0.00000000000000E+0000,Excluded
327,16,493,16,2,14, 0.00000000000000E+0000, 0.00000000000000E+0000,Excluded
327,16,494,16,2,14, 0.00000000000000E+0000, 0.00000000000000E+0000,Excluded
327,16,500,16,3,13, 0.00000000000000E+0000, 0.00000000000000E+0000,Excluded
327,16,504,16,3,13, 0.00000000000000E+0000, 0.00000000000000E+0000,Excluded
327,16,506,16,5,11, 0.00000000000000E+0000, 0.00000000000000E+0000,Excluded
327,16,52,16,3,13, 0.00000000000000E+0000, 0.00000000000000E+0000,Excluded
327,16,55,16,5,11, 0.00000000000000E+0000, 0.00000000000000E+0000,Excluded
327,16,57,16,3,13, 0.00000000000000E+0000, 0.00000000000000E+0000,Excluded
327,16,59,16,2,14, 0.00000000000000E+0000, 0.00000000000000E+0000,Excluded
327,16,6,16,4,12, 0.00000000000000E+0000, 0.00000000000000E+0000,Excluded
327,16,60,16,5,11, 0.00000000000000E+0000, 0.00000000000000E+0000,Excluded
327,16,61,16,5,11, 0.00000000000000E+0000, 0.00000000000000E+0000,Excluded
327,16,62,16,3,13, 0.00000000000000E+0000, 0.00000000000000E+0000,Excluded
327,16,65,16,4,12, 0.00000000000000E+0000, 0.00000000000000E+0000,Excluded
327,16,73,16,3,13, 0.00000000000000E+0000, 0.00000000000000E+0000,Excluded
327,16,75,16,3,13, 0.00000000000000E+0000, 0.00000000000000E+0000,Excluded
327,16,76,16,4,12, 0.00000000000000E+0000, 0.00000000000000E+0000,Excluded
327,16,77,16,1,15, 0.00000000000000E+0000, 0.00000000000000E+0000,Excluded
327,16,78,16,2,14, 0.00000000000000E+0000, 0.00000000000000E+0000,Excluded
327,16,79,16,1,15, 0.00000000000000E+0000, 0.00000000000000E+0000,Excluded
327,16,8,16,4,12, 0.00000000000000E+0000, 0.00000000000000E+0000,Excluded
327,16,84,16,6,10, 0.00000000000000E+0000, 0.00000000000000E+0000,Excluded
327,16,85,16,4,12, 0.00000000000000E+0000, 0.00000000000000E+0000,Excluded
327,16,86,16,4,12, 0.00000000000000E+0000, 0.00000000000000E+0000,Excluded
327,16,89,16,4,12, 0.00000000000000E+0000, 0.00000000000000E+0000,Excluded
327,16,94,16,6,10, 0.00000000000000E+0000, 0.00000000000000E+0000,Excluded
327,16,95,16,3,13, 0.00000000000000E+0000, 0.00000000000000E+0000,Excluded
327,16,96,16,5,11, 0.00000000000000E+0000, 0.00000000000000E+0000,Excluded
327,16,98,16,3,13, 0.00000000000000E+0000, 0.00000000000000E+0000,Excluded
33,16,334,16,4,12, 0.00000000000000E+0000, 0.00000000000000E+0000,Excluded
33,16,338,16,2,14, 0.00000000000000E+0000, 0.00000000000000E+0000,Excluded
33,16,341,16,3,13, 0.00000000000000E+0000, 0.00000000000000E+0000,Excluded
33,16,346,16,1,15, 0.00000000000000E+0000, 0.00000000000000E+0000,Excluded
33,16,348,16,3,13, 0.00000000000000E+0000, 0.00000000000000E+0000,Excluded
33,16,351,16,3,13, 0.00000000000000E+0000, 0.00000000000000E+0000,Excluded
33,16,362,16,4,12, 0.00000000000000E+0000, 0.00000000000000E+0000,Excluded
33,16,364,16,4,12, 0.00000000000000E+0000, 0.00000000000000E+0000,Excluded
33,16,366,16,6,10, 0.00000000000000E+0000, 0.00000000000000E+0000,Excluded
33,16,37,16,4,12, 0.00000000000000E+0000, 0.00000000000000E+0000,Excluded
33,16,376,16,2,14, 0.00000000000000E+0000, 0.00000000000000E+0000,Excluded
33,16,377,15,0,15, 0.00000000000000E+0000, 0.00000000000000E+0000,Excluded
33,16,378,16,1,15, 0.00000000000000E+0000, 0.00000000000000E+0000,Excluded
33,16,38,16,6,10, 0.00000000000000E+0000, 0.00000000000000E+0000,Excluded
33,16,388,16,3,13, 0.00000000000000E+0000, 0.00000000000000E+0000,Excluded
33,16,391,16,2,14, 0.00000000000000E+0000, 0.00000000000000E+0000,Excluded
33,16,396,13,1,12, 0.00000000000000E+0000, 0.00000000000000E+0000,Excluded
33,16,4,16,2,14, 0.00000000000000E+0000, 0.00000000000000E+0000,Excluded
33,16,400,13,2,11, 0.00000000000000E+0000, 0.00000000000000E+0000,Excluded
33,16,401,16,2,14, 0.00000000000000E+0000, 0.00000000000000E+0000,Excluded
33,16,406,16,2,14, 0.00000000000000E+0000, 0.00000000000000E+0000,Excluded
33,16,412,15,1,14, 0.00000000000000E+0000, 0.00000000000000E+0000,Excluded
33,16,413,16,2,14, 0.00000000000000E+0000, 0.00000000000000E+0000,Excluded
33,16,421,16,2,14, 0.00000000000000E+0000, 0.00000000000000E+0000,Excluded
33,16,423,16,1,15, 0.00000000000000E+0000, 0.00000000000000E+0000,Excluded
33,16,424,16,5,11, 0.00000000000000E+0000, 0.00000000000000E+0000,Excluded
33,16,426,16,3,13, 0.00000000000000E+0000, 0.00000000000000E+0000,Excluded
33,16,43,16,0,16, 0.00000000000000E+0000, 0.00000000000000E+0000,Excluded
33,16,430,14,2,12, 0.00000000000000E+0000, 0.00000000000000E+0000,Excluded
33,16,435,16,1,15, 0.00000000000000E+0000, 0.00000000000000E+0000,Excluded
33,16,44,16,0,16, 0.00000000000000E+0000, 0.00000000000000E+0000,Excluded
33,16,461,16,3,13, 0.00000000000000E+0000, 0.00000000000000E+0000,Excluded
33,16,476,16,2,14, 0.00000000000000E+0000, 0.00000000000000E+0000,Excluded
33,16,478,16,2,14, 0.00000000000000E+0000, 0.00000000000000E+0000,Excluded
33,16,48,16,3,13, 0.00000000000000E+0000, 0.00000000000000E+0000,Excluded
33,16,484,16,1,15, 0.00000000000000E+0000, 0.00000000000000E+0000,Excluded
33,16,489,16,2,14, 0.00000000000000E+0000, 0.00000000000000E+0000,Excluded
33,16,492,13,2,11, 0.00000000000000E+0000, 0.00000000000000E+0000,Excluded
33,16,493,16,2,14, 0.00000000000000E+0000, 0.00000000000000E+0000,Excluded
33,16,494,16,3,13, 0.00000000000000E+0000, 0.00000000000000E+0000,Excluded
33,16,500,16,4,12, 0.00000000000000E+0000, 0.00000000000000E+0000,Excluded
33,16,504,16,4,12, 0.00000000000000E+0000, 0.00000000000000E+0000,Excluded
33,16,506,16,2,14, 0.00000000000000E+0000, 0.00000000000000E+0000,Excluded
33,16,52,16,0,16, 0.00000000000000E+0000, 0.00000000000000E+0000,Excluded
33,16,55,16,1,15, 0.00000000000000E+0000, 0.00000000000000E+0000,Excluded
33,16,57,16,5,11, 0.00000000000000E+0000, 0.00000000000000E+0000,Excluded
33,16,59,16,2,14, 0.00000000000000E+0000, 0.00000000000000E+0000,Excluded
33,16,6,16,5,11, 0.00000000000000E+0000, 0.00000000000000E+0000,Excluded
33,16,60,16,2,14, 0.00000000000000E+0000, 0.00000000000000E+0000,Excluded
33,16,61,16,3,13, 0.00000000000000E+0000, 0.00000000000000E+0000,Excluded
33,16,62,16,0,16, 0.00000000000000E+0000, 0.00000000000000E+0000,Excluded
33,16,65,16,0,16, 0.00000000000000E+0000, 0.00000000000000E+0000,Excluded
33,16,73,16,2,14, 0.00000000000000E+0000, 0.00000000000000E+0000,Excluded
33,16,75,16,3,13, 0.00000000000000E+0000, 0.00000000000000E+0000,Excluded
33,16,76,16,2,14, 0.00000000000000E+0000, 0.00000000000000E+0000,Excluded
33,16,77,16,3,13, 0.00000000000000E+0000, 0.00000000000000E+0000,Excluded
33,16,78,16,4,12, 0.00000000000000E+0000, 0.00000000000000E+0000,Excluded
33,16,79,16,3,13, 0.00000000000000E+0000, 0.00000000000000E+0000,Excluded
33,16,8,16,2,14, 0.00000000000000E+0000, 0.00000000000000E+0000,Excluded
33,16,84,16,2,14, 0.00000000000000E+0000, 0.00000000000000E+0000,Excluded
33,16,85,16,0,16, 0.00000000000000E+0000, 0.00000000000000E+0000,Excluded
33,16,86,16,2,14, 0.00000000000000E+0000, 0.00000000000000E+0000,Excluded
33,16,89,16,5,11, 0.00000000000000E+0000, 0.00000000000000E+0000,Excluded
33,16,94,16,3,13, 0.00000000000000E+0000, 0.00000000000000E+0000,Excluded
33,16,95,16,2,14, 0.00000000000000E+0000, 0.00000000000000E+0000,Excluded
33,16,96,16,2,14, 0.00000000000000E+0000, 0.00000000000000E+0000,Excluded
33,16,98,16,1,15, 0.00000000000000E+0000, 0.00000000000000E+0000,Excluded
334,16,338,16,4,12, 0.00000000000000E+0000, 0.00000000000000E+0000,Excluded
334,16,341,16,4,12, 0.00000000000000E+0000, 0.00000000000000E+0000,Excluded
334,16,346,16,3,13, 0.00000000000000E+0000, 0.00000000000000E+0000,Excluded
334,16,348,16,1,15, 0.00000000000000E+0000, 0.00000000000000E+0000,Excluded
334,16,351,16,5,11, 0.00000000000000E+0000, 0.00000000000000E+0000,Excluded
334,16,362,16,3,13, 0.00000000000000E+0000, 0.00000000000000E+0000,Excluded
334,16,364,16,3,13, 0.00000000000000E+0000, 0.00000000000000E+0000,Excluded
334,16,366,16,4,12, 0.00000000000000E+0000, 0.00000000000000E+0000,Excluded
334,16,37,16,4,12, 0.00000000000000E+0000, 0.00000000000000E+0000,Excluded
334,16,376,16,1,15, 0.00000000000000E+0000, 0.00000000000000E+0000,Excluded
334,16,377,15,2,13, 0.00000000000000E+0000, 0.00000000000000E+0000,Excluded
334,16,378,16,2,14, 0.00000000000000E+0000, 0.00000000000000E+0000,Excluded
334,16,38,16,3,13, 0.00000000000000E+0000, 0.00000000000000E+0000,Excluded
334,16,388,16,5,11, 0.00000000000000E+0000, 0.00000000000000E+0000,Excluded
334,16,391,16,2,14, 0.00000000000000E+0000, 0.00000000000000E+0000,Excluded
334,16,396,13,2,11, 0.00000000000000E+0000, 0.00000000000000E+0000,Excluded
334,16,4,16,3,13, 0.00000000000000E+0000, 0.00000000000000E+0000,Excluded
334,16,400,13,5,8, 0.00000000000000E+0000, 0.00000000000000E+0000,Excluded
334,16,401,16,1,15, 0.00000000000000E+0000, 0.00000000000000E+0000,Excluded
334,16,406,16,2,14, 0.00000000000000E+0000, 0.00000000000000E+0000,Excluded
334,16,412,15,3,12, 0.00000000000000E+0000, 0.00000000000000E+0000,Excluded
334,16,413,16,5,11, 0.00000000000000E+0000, 0.00000000000000E+0000,Excluded
334,16,421,16,2,14, 0.00000000000000E+0000, 0.00000000000000E+0000,Excluded
334,16,423,16,2,14, 0.00000000000000E+0000, 0.00000000000000E+0000,Excluded
334,16,424,16,6,10, 0.00000000000000E+0000, 0.00000000000000E+0000,Excluded
334,16,426,16,5,11, 0.00000000000000E+0000, 0.00000000000000E+0000,Excluded
334,16,43,16,3,13, 0.00000000000000E+0000, 0.00000000000000E+0000,Excluded
334,16,430,14,3,11, 0.00000000000000E+0000, 0.00000000000000E+0000,Excluded
334,16,435,16,2,14, 0.00000000000000E+0000, 0.00000000000000E+0000,Excluded
334,16,44,16,3,13, 0.00000000000000E+0000, 0.00000000000000E+0000,Excluded
334,16,461,16,3,13, 0.00000000000000E+0000, 0.00000000000000E+0000,Excluded
334,16,476,16,3,13, 0.00000000000000E+0000, 0.00000000000000E+0000,Excluded
334,16,478,16,3,13, 0.00000000000000E+0000, 0.00000000000000E+0000,Excluded
334,16,48,16,4,12, 0.00000000000000E+0000, 0.00000000000000E+0000,Excluded
334,16,484,16,3,13, 0.00000000000000E+0000, 0.00000000000000E+0000,Excluded
334,16,489,16,4,12, 0.00000000000000E+0000, 0.00000000000000E+0000,Excluded
334,16,492,13,12,1, 0.00000000000000E+0000, 0.00000000000000E+0000,Not enough loci
334,16,493,16,2,14, 0.00000000000000E+0000, 0.00000000000000E+0000,Excluded
334,16,494,16,3,13, 0.00000000000000E+0000, 0.00000000000000E+0000,Excluded
334,16,500,16,1,15, 0.00000000000000E+0000, 0.00000000000000E+0000,Excluded
334,16,504,16,3,13, 0.00000000000000E+0000, 0.00000000000000E+0000,Excluded
334,16,506,16,4,12, 0.00000000000000E+0000, 0.00000000000000E+0000,Excluded
334,16,52,16,4,12, 0.00000000000000E+0000, 0.00000000000000E+0000,Excluded
334,16,55,16,2,14, 0.00000000000000E+0000, 0.00000000000000E+0000,Excluded
334,16,57,16,5,11, 0.00000000000000E+0000, 0.00000000000000E+0000,Excluded
334,16,59,16,2,14, 0.00000000000000E+0000, 0.00000000000000E+0000,Excluded
334,16,6,16,4,12, 0.00000000000000E+0000, 0.00000000000000E+0000,Excluded
334,16,60,16,1,15, 0.00000000000000E+0000, 0.00000000000000E+0000,Excluded
334,16,61,16,4,12, 0.00000000000000E+0000, 0.00000000000000E+0000,Excluded
334,16,62,16,3,13, 0.00000000000000E+0000, 0.00000000000000E+0000,Excluded
334,16,65,16,2,14, 0.00000000000000E+0000, 0.00000000000000E+0000,Excluded
334,16,73,16,3,13, 0.00000000000000E+0000, 0.00000000000000E+0000,Excluded
334,16,75,16,1,15, 0.00000000000000E+0000, 0.00000000000000E+0000,Excluded
334,16,76,16,1,15, 0.00000000000000E+0000, 0.00000000000000E+0000,Excluded
334,16,77,16,4,12, 0.00000000000000E+0000, 0.00000000000000E+0000,Excluded
334,16,78,16,3,13, 0.00000000000000E+0000, 0.00000000000000E+0000,Excluded
334,16,79,16,2,14, 0.00000000000000E+0000, 0.00000000000000E+0000,Excluded
334,16,8,16,3,13, 0.00000000000000E+0000, 0.00000000000000E+0000,Excluded
334,16,84,16,2,14, 0.00000000000000E+0000, 0.00000000000000E+0000,Excluded
334,16,85,16,2,14, 0.00000000000000E+0000, 0.00000000000000E+0000,Excluded
334,16,86,16,3,13, 0.00000000000000E+0000, 0.00000000000000E+0000,Excluded
334,16,89,16,4,12, 0.00000000000000E+0000, 0.00000000000000E+0000,Excluded
334,16,94,16,3,13, 0.00000000000000E+0000, 0.00000000000000E+0000,Excluded
334,16,95,16,3,13, 0.00000000000000E+0000, 0.00000000000000E+0000,Excluded
334,16,96,16,4,12, 0.00000000000000E+0000, 0.00000000000000E+0000,Excluded
334,16,98,16,4,12, 0.00000000000000E+0000, 0.00000000000000E+0000,Excluded
338,16,341,16,4,12, 0.00000000000000E+0000, 0.00000000000000E+0000,Excluded
338,16,346,16,4,12, 0.00000000000000E+0000, 0.00000000000000E+0000,Excluded
338,16,348,16,6,10, 0.00000000000000E+0000, 0.00000000000000E+0000,Excluded
338,16,351,16,5,11, 0.00000000000000E+0000, 0.00000000000000E+0000,Excluded
338,16,362,16,5,11, 0.00000000000000E+0000, 0.00000000000000E+0000,Excluded
338,16,364,16,2,14, 0.00000000000000E+0000, 0.00000000000000E+0000,Excluded
338,16,366,16,5,11, 0.00000000000000E+0000, 0.00000000000000E+0000,Excluded
338,16,37,16,4,12, 0.00000000000000E+0000, 0.00000000000000E+0000,Excluded
338,16,376,16,5,11, 0.00000000000000E+0000, 0.00000000000000E+0000,Excluded
338,16,377,15,5,10, 0.00000000000000E+0000, 0.00000000000000E+0000,Excluded
338,16,378,16,4,12, 0.00000000000000E+0000, 0.00000000000000E+0000,Excluded
338,16,38,16,2,14, 0.00000000000000E+0000, 0.00000000000000E+0000,Excluded
338,16,388,16,4,12, 0.00000000000000E+0000, 0.00000000000000E+0000,Excluded
338,16,391,16,3,13, 0.00000000000000E+0000, 0.00000000000000E+0000,Excluded
338,16,396,13,6,7, 0.00000000000000E+0000, 0.00000000000000E+0000,Excluded
338,16,4,16,3,13, 0.00000000000000E+0000, 0.00000000000000E+0000,Excluded
338,16,400,13,3,10, 0.00000000000000E+0000, 0.00000000000000E+0000,Excluded
338,16,401,16,7,9, 0.00000000000000E+0000, 0.00000000000000E+0000,Excluded
338,16,406,16,5,11, 0.00000000000000E+0000, 0.00000000000000E+0000,Excluded
338,16,412,15,7,8, 0.00000000000000E+0000, 0.00000000000000E+0000,Excluded
338,16,413,16,5,11, 0.00000000000000E+0000, 0.00000000000000E+0000,Excluded
338,16,421,16,3,13, 0.00000000000000E+0000, 0.00000000000000E+0000,Excluded
338,16,423,16,4,12, 0.00000000000000E+0000, 0.00000000000000E+0000,Excluded
338,16,424,16,6,10, 0.00000000000000E+0000, 0.00000000000000E+0000,Excluded
338,16,426,16,4,12, 0.00000000000000E+0000, 0.00000000000000E+0000,Excluded
338,16,43,16,5,11, 0.00000000000000E+0000, 0.00000000000000E+0000,Excluded
338,16,430,14,7,7, 0.00000000000000E+0000, 0.00000000000000E+0000,Excluded
338,16,435,16,2,14, 0.00000000000000E+0000, 0.00000000000000E+0000,Excluded
338,16,44,16,6,10, 0.00000000000000E+0000, 0.00000000000000E+0000,Excluded
338,16,461,16,3,13, 0.00000000000000E+0000, 0.00000000000000E+0000,Excluded
338,16,476,16,5,11, 0.00000000000000E+0000, 0.00000000000000E+0000,Excluded
338,16,478,16,3,13, 0.00000000000000E+0000, 0.00000000000000E+0000,Excluded
338,16,48,16,4,12, 0.00000000000000E+0000, 0.00000000000000E+0000,Excluded
338,16,484,16,2,14, 0.00000000000000E+0000, 0.00000000000000E+0000,Excluded
338,16,489,16,5,11, 0.00000000000000E+0000, 0.00000000000000E+0000,Excluded
338,16,492,13,3,10, 0.00000000000000E+0000, 0.00000000000000E+0000,Excluded
338,16,493,16,4,12, 0.00000000000000E+0000, 0.00000000000000E+0000,Excluded
338,16,494,16,2,14, 0.00000000000000E+0000, 0.00000000000000E+0000,Excluded
338,16,500,16,4,12, 0.00000000000000E+0000, 0.00000000000000E+0000,Excluded
338,16,504,16,5,11, 0.00000000000000E+0000, 0.00000000000000E+0000,Excluded
338,16,506,16,4,12, 0.00000000000000E+0000, 0.00000000000000E+0000,Excluded
338,16,52,16,4,12, 0.00000000000000E+0000, 0.00000000000000E+0000,Excluded
338,16,55,16,4,12, 0.00000000000000E+0000, 0.00000000000000E+0000,Excluded
338,16,57,16,4,12, 0.00000000000000E+0000, 0.00000000000000E+0000,Excluded
338,16,59,16,3,13, 0.00000000000000E+0000, 0.00000000000000E+0000,Excluded
338,16,6,16,6,10, 0.00000000000000E+0000, 0.00000000000000E+0000,Excluded
338,16,60,16,4,12, 0.00000000000000E+0000, 0.00000000000000E+0000,Excluded
338,16,61,16,5,11, 0.00000000000000E+0000, 0.00000000000000E+0000,Excluded
338,16,62,16,6,10, 0.00000000000000E+0000, 0.00000000000000E+0000,Excluded
338,16,65,16,4,12, 0.00000000000000E+0000, 0.00000000000000E+0000,Excluded
338,16,73,16,4,12, 0.00000000000000E+0000, 0.00000000000000E+0000,Excluded
338,16,75,16,2,14, 0.00000000000000E+0000, 0.00000000000000E+0000,Excluded
338,16,76,16,3,13, 0.00000000000000E+0000, 0.00000000000000E+0000,Excluded
338,16,77,16,3,13, 0.00000000000000E+0000, 0.00000000000000E+0000,Excluded
338,16,78,16,5,11, 0.00000000000000E+0000, 0.00000000000000E+0000,Excluded
338,16,79,16,2,14, 0.00000000000000E+0000, 0.00000000000000E+0000,Excluded
338,16,8,16,4,12, 0.00000000000000E+0000, 0.00000000000000E+0000,Excluded
338,16,84,16,5,11, 0.00000000000000E+0000, 0.00000000000000E+0000,Excluded
338,16,85,16,5,11, 0.00000000000000E+0000, 0.00000000000000E+0000,Excluded
338,16,86,16,6,10, 0.00000000000000E+0000, 0.00000000000000E+0000,Excluded
338,16,89,16,6,10, 0.00000000000000E+0000, 0.00000000000000E+0000,Excluded
338,16,94,16,7,9, 0.00000000000000E+0000, 0.00000000000000E+0000,Excluded
338,16,95,16,4,12, 0.00000000000000E+0000, 0.00000000000000E+0000,Excluded
338,16,96,16,7,9, 0.00000000000000E+0000, 0.00000000000000E+0000,Excluded
338,16,98,16,4,12, 0.00000000000000E+0000, 0.00000000000000E+0000,Excluded
341,16,346,16,6,10, 0.00000000000000E+0000, 0.00000000000000E+0000,Excluded
341,16,348,16,1,15, 0.00000000000000E+0000, 0.00000000000000E+0000,Excluded
341,16,351,16,7,9, 0.00000000000000E+0000, 0.00000000000000E+0000,Excluded
341,16,362,16,5,11, 0.00000000000000E+0000, 0.00000000000000E+0000,Excluded
341,16,364,16,4,12, 0.00000000000000E+0000, 0.00000000000000E+0000,Excluded
341,16,366,16,3,13, 0.00000000000000E+0000, 0.00000000000000E+0000,Excluded
341,16,37,16,6,10, 0.00000000000000E+0000, 0.00000000000000E+0000,Excluded
341,16,376,16,5,11, 0.00000000000000E+0000, 0.00000000000000E+0000,Excluded
341,16,377,15,5,10, 0.00000000000000E+0000, 0.00000000000000E+0000,Excluded
341,16,378,16,6,10, 0.00000000000000E+0000, 0.00000000000000E+0000,Excluded
341,16,38,16,4,12, 0.00000000000000E+0000, 0.00000000000000E+0000,Excluded
341,16,388,16,3,13, 0.00000000000000E+0000, 0.00000000000000E+0000,Excluded
341,16,391,16,7,9, 0.00000000000000E+0000, 0.00000000000000E+0000,Excluded
341,16,396,13,5,8, 0.00000000000000E+0000, 0.00000000000000E+0000,Excluded
341,16,4,16,7,9, 0.00000000000000E+0000, 0.00000000000000E+0000,Excluded
341,16,400,13,4,9, 0.00000000000000E+0000, 0.00000000000000E+0000,Excluded
341,16,401,16,4,12, 0.00000000000000E+0000, 0.00000000000000E+0000,Excluded
341,16,406,16,6,10, 0.00000000000000E+0000, 0.00000000000000E+0000,Excluded
341,16,412,15,5,10, 0.00000000000000E+0000, 0.00000000000000E+0000,Excluded
341,16,413,16,3,13, 0.00000000000000E+0000, 0.00000000000000E+0000,Excluded
341,16,421,16,4,12, 0.00000000000000E+0000, 0.00000000000000E+0000,Excluded
341,16,423,16,5,11, 0.00000000000000E+0000, 0.00000000000000E+0000,Excluded
341,16,424,16,8,8, 0.00000000000000E+0000, 0.00000000000000E+0000,Excluded
341,16,426,16,6,10, 0.00000000000000E+0000, 0.00000000000000E+0000,Excluded
341,16,43,16,5,11, 0.00000000000000E+0000, 0.00000000000000E+0000,Excluded
341,16,430,14,4,10, 0.00000000000000E+0000, 0.00000000000000E+0000,Excluded
341,16,435,16,4,12, 0.00000000000000E+0000, 0.00000000000000E+0000,Excluded
341,16,44,16,6,10, 0.00000000000000E+0000, 0.00000000000000E+0000,Excluded
341,16,461,16,5,11, 0.00000000000000E+0000, 0.00000000000000E+0000,Excluded
341,16,476,16,5,11, 0.00000000000000E+0000, 0.00000000000000E+0000,Excluded
341,16,478,16,6,10, 0.00000000000000E+0000, 0.00000000000000E+0000,Excluded
341,16,48,16,7,9, 0.00000000000000E+0000, 0.00000000000000E+0000,Excluded
341,16,484,16,5,11, 0.00000000000000E+0000, 0.00000000000000E+0000,Excluded
341,16,489,16,7,9, 0.00000000000000E+0000, 0.00000000000000E+0000,Excluded
341,16,492,13,2,11, 0.00000000000000E+0000, 0.00000000000000E+0000,Excluded
341,16,493,16,3,13, 0.00000000000000E+0000, 0.00000000000000E+0000,Excluded
341,16,494,16,4,12, 0.00000000000000E+0000, 0.00000000000000E+0000,Excluded
341,16,500,16,4,12, 0.00000000000000E+0000, 0.00000000000000E+0000,Excluded
341,16,504,16,3,13, 0.00000000000000E+0000, 0.00000000000000E+0000,Excluded
341,16,506,16,5,11, 0.00000000000000E+0000, 0.00000000000000E+0000,Excluded
341,16,52,16,5,11, 0.00000000000000E+0000, 0.00000000000000E+0000,Excluded
341,16,55,16,6,10, 0.00000000000000E+0000, 0.00000000000000E+0000,Excluded
341,16,57,16,8,8, 0.00000000000000E+0000, 0.00000000000000E+0000,Excluded
341,16,59,16,9,7, 0.00000000000000E+0000, 0.00000000000000E+0000,Excluded
341,16,6,16,6,10, 0.00000000000000E+0000, 0.00000000000000E+0000,Excluded
341,16,60,16,2,14, 0.00000000000000E+0000, 0.00000000000000E+0000,Excluded
341,16,61,16,4,12, 0.00000000000000E+0000, 0.00000000000000E+0000,Excluded
341,16,62,16,5,11, 0.00000000000000E+0000, 0.00000000000000E+0000,Excluded
341,16,65,16,3,13, 0.00000000000000E+0000, 0.00000000000000E+0000,Excluded
341,16,73,16,2,14, 0.00000000000000E+0000, 0.00000000000000E+0000,Excluded
341,16,75,16,0,16, 0.00000000000000E+0000, 0.00000000000000E+0000,Excluded
341,16,76,16,4,12, 0.00000000000000E+0000, 0.00000000000000E+0000,Excluded
341,16,77,16,4,12, 0.00000000000000E+0000, 0.00000000000000E+0000,Excluded
341,16,78,16,3,13, 0.00000000000000E+0000, 0.00000000000000E+0000,Excluded
341,16,79,16,2,14, 0.00000000000000E+0000, 0.00000000000000E+0000,Excluded
341,16,8,16,5,11, 0.00000000000000E+0000, 0.00000000000000E+0000,Excluded
341,16,84,16,5,11, 0.00000000000000E+0000, 0.00000000000000E+0000,Excluded
341,16,85,16,5,11, 0.00000000000000E+0000, 0.00000000000000E+0000,Excluded
341,16,86,16,2,14, 0.00000000000000E+0000, 0.00000000000000E+0000,Excluded
341,16,89,16,5,11, 0.00000000000000E+0000, 0.00000000000000E+0000,Excluded
341,16,94,16,6,10, 0.00000000000000E+0000, 0.00000000000000E+0000,Excluded
341,16,95,16,9,7, 0.00000000000000E+0000, 0.00000000000000E+0000,Excluded
341,16,96,16,4,12, 0.00000000000000E+0000, 0.00000000000000E+0000,Excluded
341,16,98,16,4,12, 0.00000000000000E+0000, 0.00000000000000E+0000,Excluded
346,16,348,16,3,13, 0.00000000000000E+0000, 0.00000000000000E+0000,Excluded
346,16,351,16,5,11, 0.00000000000000E+0000, 0.00000000000000E+0000,Excluded
346,16,362,16,3,13, 0.00000000000000E+0000, 0.00000000000000E+0000,Excluded
346,16,364,16,3,13, 0.00000000000000E+0000, 0.00000000000000E+0000,Excluded
346,16,366,16,3,13, 0.00000000000000E+0000, 0.00000000000000E+0000,Excluded
346,16,37,16,5,11, 0.00000000000000E+0000, 0.00000000000000E+0000,Excluded
346,16,376,16,4,12, 0.00000000000000E+0000, 0.00000000000000E+0000,Excluded
346,16,377,15,6,9, 0.00000000000000E+0000, 0.00000000000000E+0000,Excluded
346,16,378,16,6,10, 0.00000000000000E+0000, 0.00000000000000E+0000,Excluded
346,16,38,16,1,15, 0.00000000000000E+0000, 0.00000000000000E+0000,Excluded
346,16,388,16,3,13, 0.00000000000000E+0000, 0.00000000000000E+0000,Excluded
346,16,391,16,3,13, 0.00000000000000E+0000, 0.00000000000000E+0000,Excluded
346,16,396,13,4,9, 0.00000000000000E+0000, 0.00000000000000E+0000,Excluded
346,16,4,16,6,10, 0.00000000000000E+0000, 0.00000000000000E+0000,Excluded
346,16,400,13,3,10, 0.00000000000000E+0000, 0.00000000000000E+0000,Excluded
346,16,401,16,3,13, 0.00000000000000E+0000, 0.00000000000000E+0000,Excluded
346,16,406,16,7,9, 0.00000000000000E+0000, 0.00000000000000E+0000,Excluded
346,16,412,15,6,9, 0.00000000000000E+0000, 0.00000000000000E+0000,Excluded
346,16,413,16,3,13, 0.00000000000000E+0000, 0.00000000000000E+0000,Excluded
346,16,421,16,4,12, 0.00000000000000E+0000, 0.00000000000000E+0000,Excluded
346,16,423,16,2,14, 0.00000000000000E+0000, 0.00000000000000E+0000,Excluded
346,16,424,16,5,11, 0.00000000000000E+0000, 0.00000000000000E+0000,Excluded
346,16,426,16,5,11, 0.00000000000000E+0000, 0.00000000000000E+0000,Excluded
346,16,43,16,5,11, 0.00000000000000E+0000, 0.00000000000000E+0000,Excluded
346,16,430,14,5,9, 0.00000000000000E+0000, 0.00000000000000E+0000,Excluded
346,16,435,16,6,10, 0.00000000000000E+0000, 0.00000000000000E+0000,Excluded
346,16,44,16,4,12, 0.00000000000000E+0000, 0.00000000000000E+0000,Excluded
346,16,461,16,4,12, 0.00000000000000E+0000, 0.00000000000000E+0000,Excluded
346,16,476,16,3,13, 0.00000000000000E+0000, 0.00000000000000E+0000,Excluded
346,16,478,16,4,12, 0.00000000000000E+0000, 0.00000000000000E+0000,Excluded
346,16,48,16,3,13, 0.00000000000000E+0000, 0.00000000000000E+0000,Excluded
346,16,484,16,4,12, 0.00000000000000E+0000, 0.00000000000000E+0000,Excluded
346,16,489,16,6,10, 0.00000000000000E+0000, 0.00000000000000E+0000,Excluded
346,16,492,13,2,11, 0.00000000000000E+0000, 0.00000000000000E+0000,Excluded
346,16,493,16,1,15, 0.00000000000000E+0000, 0.00000000000000E+0000,Excluded
346,16,494,16,3,13, 0.00000000000000E+0000, 0.00000000000000E+0000,Excluded
346,16,500,16,4,12, 0.00000000000000E+0000, 0.00000000000000E+0000,Excluded
346,16,504,16,2,14, 0.00000000000000E+0000, 0.00000000000000E+0000,Excluded
346,16,506,16,3,13, 0.00000000000000E+0000, 0.00000000000000E+0000,Excluded
346,16,52,16,4,12, 0.00000000000000E+0000, 0.00000000000000E+0000,Excluded
346,16,55,16,5,11, 0.00000000000000E+0000, 0.00000000000000E+0000,Excluded
346,16,57,16,4,12, 0.00000000000000E+0000, 0.00000000000000E+0000,Excluded
346,16,59,16,4,12, 0.00000000000000E+0000, 0.00000000000000E+0000,Excluded
346,16,6,16,3,13, 0.00000000000000E+0000, 0.00000000000000E+0000,Excluded
346,16,60,16,4,12, 0.00000000000000E+0000, 0.00000000000000E+0000,Excluded
346,16,61,16,6,10, 0.00000000000000E+0000, 0.00000000000000E+0000,Excluded
346,16,62,16,5,11, 0.00000000000000E+0000, 0.00000000000000E+0000,Excluded
346,16,65,16,4,12, 0.00000000000000E+0000, 0.00000000000000E+0000,Excluded
346,16,73,16,2,14, 0.00000000000000E+0000, 0.00000000000000E+0000,Excluded
346,16,75,16,1,15, 0.00000000000000E+0000, 0.00000000000000E+0000,Excluded
346,16,76,16,6,10, 0.00000000000000E+0000, 0.00000000000000E+0000,Excluded
346,16,77,16,9,7, 0.00000000000000E+0000, 0.00000000000000E+0000,Excluded
346,16,78,16,5,11, 0.00000000000000E+0000, 0.00000000000000E+0000,Excluded
346,16,79,16,3,13, 0.00000000000000E+0000, 0.00000000000000E+0000,Excluded
346,16,8,16,4,12, 0.00000000000000E+0000, 0.00000000000000E+0000,Excluded
346,16,84,16,5,11, 0.00000000000000E+0000, 0.00000000000000E+0000,Excluded
346,16,85,16,3,13, 0.00000000000000E+0000, 0.00000000000000E+0000,Excluded
346,16,86,16,2,14, 0.00000000000000E+0000, 0.00000000000000E+0000,Excluded
346,16,89,16,5,11, 0.00000000000000E+0000, 0.00000000000000E+0000,Excluded
346,16,94,16,5,11, 0.00000000000000E+0000, 0.00000000000000E+0000,Excluded
346,16,95,16,6,10, 0.00000000000000E+0000, 0.00000000000000E+0000,Excluded
346,16,96,16,4,12, 0.00000000000000E+0000, 0.00000000000000E+0000,Excluded
346,16,98,16,5,11, 0.00000000000000E+0000, 0.00000000000000E+0000,Excluded
348,16,351,16,2,14, 0.00000000000000E+0000, 0.00000000000000E+0000,Excluded
348,16,362,16,3,13, 0.00000000000000E+0000, 0.00000000000000E+0000,Excluded
348,16,364,16,2,14, 0.00000000000000E+0000, 0.00000000000000E+0000,Excluded
348,16,366,16,3,13, 0.00000000000000E+0000, 0.00000000000000E+0000,Excluded
348,16,37,16,2,14, 0.00000000000000E+0000, 0.00000000000000E+0000,Excluded
348,16,376,16,3,13, 0.00000000000000E+0000, 0.00000000000000E+0000,Excluded
348,16,377,15,3,12, 0.00000000000000E+0000, 0.00000000000000E+0000,Excluded
348,16,378,16,2,14, 0.00000000000000E+0000, 0.00000000000000E+0000,Excluded
348,16,38,16,1,15, 0.00000000000000E+0000, 0.00000000000000E+0000,Excluded
348,16,388,16,3,13, 0.00000000000000E+0000, 0.00000000000000E+0000,Excluded
348,16,391,16,1,15, 0.00000000000000E+0000, 0.00000000000000E+0000,Excluded
348,16,396,13,3,10, 0.00000000000000E+0000, 0.00000000000000E+0000,Excluded
348,16,4,16,2,14, 0.00000000000000E+0000, 0.00000000000000E+0000,Excluded
348,16,400,13,1,12, 0.00000000000000E+0000, 0.00000000000000E+0000,Excluded
348,16,401,16,5,11, 0.00000000000000E+0000, 0.00000000000000E+0000,Excluded
348,16,406,16,4,12, 0.00000000000000E+0000, 0.00000000000000E+0000,Excluded
348,16,412,15,4,11, 0.00000000000000E+0000, 0.00000000000000E+0000,Excluded
348,16,413,16,3,13, 0.00000000000000E+0000, 0.00000000000000E+0000,Excluded
348,16,421,16,2,14, 0.00000000000000E+0000, 0.00000000000000E+0000,Excluded
348,16,423,16,3,13, 0.00000000000000E+0000, 0.00000000000000E+0000,Excluded
348,16,424,16,2,14, 0.00000000000000E+0000, 0.00000000000000E+0000,Excluded
348,16,426,16,2,14, 0.00000000000000E+0000, 0.00000000000000E+0000,Excluded
348,16,43,16,1,15, 0.00000000000000E+0000, 0.00000000000000E+0000,Excluded
348,16,430,14,4,10, 0.00000000000000E+0000, 0.00000000000000E+0000,Excluded
348,16,435,16,1,15, 0.00000000000000E+0000, 0.00000000000000E+0000,Excluded
348,16,44,16,3,13, 0.00000000000000E+0000, 0.00000000000000E+0000,Excluded
348,16,461,16,2,14, 0.00000000000000E+0000, 0.00000000000000E+0000,Excluded
348,16,476,16,3,13, 0.00000000000000E+0000, 0.00000000000000E+0000,Excluded
348,16,478,16,3,13, 0.00000000000000E+0000, 0.00000000000000E+0000,Excluded
348,16,48,16,2,14, 0.00000000000000E+0000, 0.00000000000000E+0000,Excluded
348,16,484,16,3,13, 0.00000000000000E+0000, 0.00000000000000E+0000,Excluded
348,16,489,16,2,14, 0.00000000000000E+0000, 0.00000000000000E+0000,Excluded
348,16,492,13,1,12, 0.00000000000000E+0000, 0.00000000000000E+0000,Excluded
348,16,493,16,1,15, 0.00000000000000E+0000, 0.00000000000000E+0000,Excluded
348,16,494,16,2,14, 0.00000000000000E+0000, 0.00000000000000E+0000,Excluded
348,16,500,16,4,12, 0.00000000000000E+0000, 0.00000000000000E+0000,Excluded
348,16,504,16,6,10, 0.00000000000000E+0000, 0.00000000000000E+0000,Excluded
348,16,506,16,2,14, 0.00000000000000E+0000, 0.00000000000000E+0000,Excluded
348,16,52,16,3,13, 0.00000000000000E+0000, 0.00000000000000E+0000,Excluded
348,16,55,16,3,13, 0.00000000000000E+0000, 0.00000000000000E+0000,Excluded
348,16,57,16,2,14, 0.00000000000000E+0000, 0.00000000000000E+0000,Excluded
348,16,59,16,1,15, 0.00000000000000E+0000, 0.00000000000000E+0000,Excluded
348,16,6,16,4,12, 0.00000000000000E+0000, 0.00000000000000E+0000,Excluded
348,16,60,16,3,13, 0.00000000000000E+0000, 0.00000000000000E+0000,Excluded
348,16,61,16,5,11, 0.00000000000000E+0000, 0.00000000000000E+0000,Excluded
348,16,62,16,4,12, 0.00000000000000E+0000, 0.00000000000000E+0000,Excluded
348,16,65,16,3,13, 0.00000000000000E+0000, 0.00000000000000E+0000,Excluded
348,16,73,16,4,12, 0.00000000000000E+0000, 0.00000000000000E+0000,Excluded
348,16,75,16,3,13, 0.00000000000000E+0000, 0.00000000000000E+0000,Excluded
348,16,76,16,3,13, 0.00000000000000E+0000, 0.00000000000000E+0000,Excluded
348,16,77,16,4,12, 0.00000000000000E+0000, 0.00000000000000E+0000,Excluded
348,16,78,16,7,9, 0.00000000000000E+0000, 0.00000000000000E+0000,Excluded
348,16,79,16,4,12, 0.00000000000000E+0000, 0.00000000000000E+0000,Excluded
348,16,8,16,1,15, 0.00000000000000E+0000, 0.00000000000000E+0000,Excluded
348,16,84,16,3,13, 0.00000000000000E+0000, 0.00000000000000E+0000,Excluded
348,16,85,16,5,11, 0.00000000000000E+0000, 0.00000000000000E+0000,Excluded
348,16,86,16,6,10, 0.00000000000000E+0000, 0.00000000000000E+0000,Excluded
348,16,89,16,3,13, 0.00000000000000E+0000, 0.00000000000000E+0000,Excluded
348,16,94,16,3,13, 0.00000000000000E+0000, 0.00000000000000E+0000,Excluded
348,16,95,16,2,14, 0.00000000000000E+0000, 0.00000000000000E+0000,Excluded
348,16,96,16,5,11, 0.00000000000000E+0000, 0.00000000000000E+0000,Excluded
348,16,98,16,5,11, 0.00000000000000E+0000, 0.00000000000000E+0000,Excluded
351,16,362,16,4,12, 0.00000000000000E+0000, 0.00000000000000E+0000,Excluded
351,16,364,16,3,13, 0.00000000000000E+0000, 0.00000000000000E+0000,Excluded
351,16,366,16,2,14, 0.00000000000000E+0000, 0.00000000000000E+0000,Excluded
351,16,37,16,7,9, 0.00000000000000E+0000, 0.00000000000000E+0000,Excluded
351,16,376,16,4,12, 0.00000000000000E+0000, 0.00000000000000E+0000,Excluded
351,16,377,15,4,11, 0.00000000000000E+0000, 0.00000000000000E+0000,Excluded
351,16,378,16,5,11, 0.00000000000000E+0000, 0.00000000000000E+0000,Excluded
351,16,38,16,2,14, 0.00000000000000E+0000, 0.00000000000000E+0000,Excluded
351,16,388,16,2,14, 0.00000000000000E+0000, 0.00000000000000E+0000,Excluded
351,16,391,16,4,12, 0.00000000000000E+0000, 0.00000000000000E+0000,Excluded
351,16,396,13,4,9, 0.00000000000000E+0000, 0.00000000000000E+0000,Excluded
351,16,4,16,8,8, 0.00000000000000E+0000, 0.00000000000000E+0000,Excluded
351,16,400,13,1,12, 0.00000000000000E+0000, 0.00000000000000E+0000,Excluded
351,16,401,16,4,12, 0.00000000000000E+0000, 0.00000000000000E+0000,Excluded
351,16,406,16,5,11, 0.00000000000000E+0000, 0.00000000000000E+0000,Excluded
351,16,412,15,6,9, 0.00000000000000E+0000, 0.00000000000000E+0000,Excluded
351,16,413,16,3,13, 0.00000000000000E+0000, 0.00000000000000E+0000,Excluded
351,16,421,16,5,11, 0.00000000000000E+0000, 0.00000000000000E+0000,Excluded
351,16,423,16,4,12, 0.00000000000000E+0000, 0.00000000000000E+0000,Excluded
351,16,424,16,8,8, 0.00000000000000E+0000, 0.00000000000000E+0000,Excluded
351,16,426,16,5,11, 0.00000000000000E+0000, 0.00000000000000E+0000,Excluded
351,16,43,16,6,10, 0.00000000000000E+0000, 0.00000000000000E+0000,Excluded
351,16,430,14,7,7, 0.00000000000000E+0000, 0.00000000000000E+0000,Excluded
351,16,435,16,4,12, 0.00000000000000E+0000, 0.00000000000000E+0000,Excluded
351,16,44,16,4,12, 0.00000000000000E+0000, 0.00000000000000E+0000,Excluded
351,16,461,16,4,12, 0.00000000000000E+0000, 0.00000000000000E+0000,Excluded
351,16,476,16,2,14, 0.00000000000000E+0000, 0.00000000000000E+0000,Excluded
351,16,478,16,6,10, 0.00000000000000E+0000, 0.00000000000000E+0000,Excluded
351,16,48,16,6,10, 0.00000000000000E+0000, 0.00000000000000E+0000,Excluded
351,16,484,16,4,12, 0.00000000000000E+0000, 0.00000000000000E+0000,Excluded
351,16,489,16,8,8, 0.00000000000000E+0000, 0.00000000000000E+0000,Excluded
351,16,492,13,3,10, 0.00000000000000E+0000, 0.00000000000000E+0000,Excluded
351,16,493,16,3,13, 0.00000000000000E+0000, 0.00000000000000E+0000,Excluded
351,16,494,16,2,14, 0.00000000000000E+0000, 0.00000000000000E+0000,Excluded
351,16,500,16,2,14, 0.00000000000000E+0000, 0.00000000000000E+0000,Excluded
351,16,504,16,4,12, 0.00000000000000E+0000, 0.00000000000000E+0000,Excluded
351,16,506,16,2,14, 0.00000000000000E+0000, 0.00000000000000E+0000,Excluded
351,16,52,16,4,12, 0.00000000000000E+0000, 0.00000000000000E+0000,Excluded
351,16,55,16,7,9, 0.00000000000000E+0000, 0.00000000000000E+0000,Excluded
351,16,57,16,6,10, 0.00000000000000E+0000, 0.00000000000000E+0000,Excluded
351,16,59,16,3,13, 0.00000000000000E+0000, 0.00000000000000E+0000,Excluded
351,16,6,16,6,10, 0.00000000000000E+0000, 0.00000000000000E+0000,Excluded
351,16,60,16,4,12, 0.00000000000000E+0000, 0.00000000000000E+0000,Excluded
351,16,61,16,5,11, 0.00000000000000E+0000, 0.00000000000000E+0000,Excluded
351,16,62,16,6,10, 0.00000000000000E+0000, 0.00000000000000E+0000,Excluded
351,16,65,16,5,11, 0.00000000000000E+0000, 0.00000000000000E+0000,Excluded
351,16,73,16,4,12, 0.00000000000000E+0000, 0.00000000000000E+0000,Excluded
351,16,75,16,1,15, 0.00000000000000E+0000, 0.00000000000000E+0000,Excluded
351,16,76,16,4,12, 0.00000000000000E+0000, 0.00000000000000E+0000,Excluded
351,16,77,16,3,13, 0.00000000000000E+0000, 0.00000000000000E+0000,Excluded
351,16,78,16,3,13, 0.00000000000000E+0000, 0.00000000000000E+0000,Excluded
351,16,79,16,1,15, 0.00000000000000E+0000, 0.00000000000000E+0000,Excluded
351,16,8,16,3,13, 0.00000000000000E+0000, 0.00000000000000E+0000,Excluded
351,16,84,16,6,10, 0.00000000000000E+0000, 0.00000000000000E+0000,Excluded
351,16,85,16,4,12, 0.00000000000000E+0000, 0.00000000000000E+0000,Excluded
351,16,86,16,4,12, 0.00000000000000E+0000, 0.00000000000000E+0000,Excluded
351,16,89,16,6,10, 0.00000000000000E+0000, 0.00000000000000E+0000,Excluded
351,16,94,16,7,9, 0.00000000000000E+0000, 0.00000000000000E+0000,Excluded
351,16,95,16,4,12, 0.00000000000000E+0000, 0.00000000000000E+0000,Excluded
351,16,96,16,3,13, 0.00000000000000E+0000, 0.00000000000000E+0000,Excluded
351,16,98,16,4,12, 0.00000000000000E+0000, 0.00000000000000E+0000,Excluded
362,16,364,16,3,13, 0.00000000000000E+0000, 0.00000000000000E+0000,Excluded
362,16,366,16,5,11, 0.00000000000000E+0000, 0.00000000000000E+0000,Excluded
362,16,37,16,3,13, 0.00000000000000E+0000, 0.00000000000000E+0000,Excluded
362,16,376,16,6,10, 0.00000000000000E+0000, 0.00000000000000E+0000,Excluded
362,16,377,15,4,11, 0.00000000000000E+0000, 0.00000000000000E+0000,Excluded
362,16,378,16,6,10, 0.00000000000000E+0000, 0.00000000000000E+0000,Excluded
362,16,38,16,4,12, 0.00000000000000E+0000, 0.00000000000000E+0000,Excluded
362,16,388,16,3,13, 0.00000000000000E+0000, 0.00000000000000E+0000,Excluded
362,16,391,16,2,14, 0.00000000000000E+0000, 0.00000000000000E+0000,Excluded
362,16,396,13,4,9, 0.00000000000000E+0000, 0.00000000000000E+0000,Excluded
362,16,4,16,4,12, 0.00000000000000E+0000, 0.00000000000000E+0000,Excluded
362,16,400,13,4,9, 0.00000000000000E+0000, 0.00000000000000E+0000,Excluded
362,16,401,16,6,10, 0.00000000000000E+0000, 0.00000000000000E+0000,Excluded
362,16,406,16,5,11, 0.00000000000000E+0000, 0.00000000000000E+0000,Excluded
362,16,412,15,6,9, 0.00000000000000E+0000, 0.00000000000000E+0000,Excluded
362,16,413,16,3,13, 0.00000000000000E+0000, 0.00000000000000E+0000,Excluded
362,16,421,16,5,11, 0.00000000000000E+0000, 0.00000000000000E+0000,Excluded
362,16,423,16,5,11, 0.00000000000000E+0000, 0.00000000000000E+0000,Excluded
362,16,424,16,4,12, 0.00000000000000E+0000, 0.00000000000000E+0000,Excluded
362,16,426,16,4,12, 0.00000000000000E+0000, 0.00000000000000E+0000,Excluded
362,16,43,16,5,11, 0.00000000000000E+0000, 0.00000000000000E+0000,Excluded
362,16,430,14,5,9, 0.00000000000000E+0000, 0.00000000000000E+0000,Excluded
362,16,435,16,2,14, 0.00000000000000E+0000, 0.00000000000000E+0000,Excluded
362,16,44,16,5,11, 0.00000000000000E+0000, 0.00000000000000E+0000,Excluded
362,16,461,16,4,12, 0.00000000000000E+0000, 0.00000000000000E+0000,Excluded
362,16,476,16,6,10, 0.00000000000000E+0000, 0.00000000000000E+0000,Excluded
362,16,478,16,4,12, 0.00000000000000E+0000, 0.00000000000000E+0000,Excluded
362,16,48,16,4,12, 0.00000000000000E+0000, 0.00000000000000E+0000,Excluded
362,16,484,16,1,15, 0.00000000000000E+0000, 0.00000000000000E+0000,Excluded
362,16,489,16,6,10, 0.00000000000000E+0000, 0.00000000000000E+0000,Excluded
362,16,492,13,1,12, 0.00000000000000E+0000, 0.00000000000000E+0000,Excluded
362,16,493,16,3,13, 0.00000000000000E+0000, 0.00000000000000E+0000,Excluded
362,16,494,16,2,14, 0.00000000000000E+0000, 0.00000000000000E+0000,Excluded
362,16,500,16,8,8, 0.00000000000000E+0000, 0.00000000000000E+0000,Excluded
362,16,504,16,3,13, 0.00000000000000E+0000, 0.00000000000000E+0000,Excluded
362,16,506,16,7,9, 0.00000000000000E+0000, 0.00000000000000E+0000,Excluded
362,16,52,16,4,12, 0.00000000000000E+0000, 0.00000000000000E+0000,Excluded
362,16,55,16,4,12, 0.00000000000000E+0000, 0.00000000000000E+0000,Excluded
362,16,57,16,5,11, 0.00000000000000E+0000, 0.00000000000000E+0000,Excluded
362,16,59,16,5,11, 0.00000000000000E+0000, 0.00000000000000E+0000,Excluded
362,16,6,16,6,10, 0.00000000000000E+0000, 0.00000000000000E+0000,Excluded
362,16,60,16,5,11, 0.00000000000000E+0000, 0.00000000000000E+0000,Excluded
362,16,61,16,4,12, 0.00000000000000E+0000, 0.00000000000000E+0000,Excluded
362,16,62,16,3,13, 0.00000000000000E+0000, 0.00000000000000E+0000,Excluded
362,16,65,16,3,13, 0.00000000000000E+0000, 0.00000000000000E+0000,Excluded
362,16,73,16,5,11, 0.00000000000000E+0000, 0.00000000000000E+0000,Excluded
362,16,75,16,1,15, 0.00000000000000E+0000, 0.00000000000000E+0000,Excluded
362,16,76,16,4,12, 0.00000000000000E+0000, 0.00000000000000E+0000,Excluded
362,16,77,16,2,14, 0.00000000000000E+0000, 0.00000000000000E+0000,Excluded
362,16,78,16,4,12, 0.00000000000000E+0000, 0.00000000000000E+0000,Excluded
362,16,79,16,2,14, 0.00000000000000E+0000, 0.00000000000000E+0000,Excluded
362,16,8,16,9,7, 0.00000000000000E+0000, 0.00000000000000E+0000,Excluded
362,16,84,16,7,9, 0.00000000000000E+0000, 0.00000000000000E+0000,Excluded
362,16,85,16,2,14, 0.00000000000000E+0000, 0.00000000000000E+0000,Excluded
362,16,86,16,3,13, 0.00000000000000E+0000, 0.00000000000000E+0000,Excluded
362,16,89,16,5,11, 0.00000000000000E+0000, 0.00000000000000E+0000,Excluded
362,16,94,16,6,10, 0.00000000000000E+0000, 0.00000000000000E+0000,Excluded
362,16,95,16,5,11, 0.00000000000000E+0000, 0.00000000000000E+0000,Excluded
362,16,96,16,6,10, 0.00000000000000E+0000, 0.00000000000000E+0000,Excluded
362,16,98,16,4,12, 0.00000000000000E+0000, 0.00000000000000E+0000,Excluded
364,16,366,16,3,13, 0.00000000000000E+0000, 0.00000000000000E+0000,Excluded
364,16,37,16,1,15, 0.00000000000000E+0000, 0.00000000000000E+0000,Excluded
364,16,376,16,4,12, 0.00000000000000E+0000, 0.00000000000000E+0000,Excluded
364,16,377,15,2,13, 0.00000000000000E+0000, 0.00000000000000E+0000,Excluded
364,16,378,16,3,13, 0.00000000000000E+0000, 0.00000000000000E+0000,Excluded
364,16,38,16,3,13, 0.00000000000000E+0000, 0.00000000000000E+0000,Excluded
364,16,388,16,3,13, 0.00000000000000E+0000, 0.00000000000000E+0000,Excluded
364,16,391,16,2,14, 0.00000000000000E+0000, 0.00000000000000E+0000,Excluded
364,16,396,13,5,8, 0.00000000000000E+0000, 0.00000000000000E+0000,Excluded
364,16,4,16,1,15, 0.00000000000000E+0000, 0.00000000000000E+0000,Excluded
364,16,400,13,2,11, 0.00000000000000E+0000, 0.00000000000000E+0000,Excluded
364,16,401,16,2,14, 0.00000000000000E+0000, 0.00000000000000E+0000,Excluded
364,16,406,16,4,12, 0.00000000000000E+0000, 0.00000000000000E+0000,Excluded
364,16,412,15,5,10, 0.00000000000000E+0000, 0.00000000000000E+0000,Excluded
364,16,413,16,3,13, 0.00000000000000E+0000, 0.00000000000000E+0000,Excluded
364,16,421,16,4,12, 0.00000000000000E+0000, 0.00000000000000E+0000,Excluded
364,16,423,16,3,13, 0.00000000000000E+0000, 0.00000000000000E+0000,Excluded
364,16,424,16,4,12, 0.00000000000000E+0000, 0.00000000000000E+0000,Excluded
364,16,426,16,3,13, 0.00000000000000E+0000, 0.00000000000000E+0000,Excluded
364,16,43,16,1,15, 0.00000000000000E+0000, 0.00000000000000E+0000,Excluded
364,16,430,14,2,12, 0.00000000000000E+0000, 0.00000000000000E+0000,Excluded
364,16,435,16,5,11, 0.00000000000000E+0000, 0.00000000000000E+0000,Excluded
364,16,44,16,1,15, 0.00000000000000E+0000, 0.00000000000000E+0000,Excluded
364,16,461,16,5,11, 0.00000000000000E+0000, 0.00000000000000E+0000,Excluded
364,16,476,16,1,15, 0.00000000000000E+0000, 0.00000000000000E+0000,Excluded
364,16,478,16,5,11, 0.00000000000000E+0000, 0.00000000000000E+0000,Excluded
364,16,48,16,4,12, 0.00000000000000E+0000, 0.00000000000000E+0000,Excluded
364,16,484,16,2,14, 0.00000000000000E+0000, 0.00000000000000E+0000,Excluded
364,16,489,16,4,12, 0.00000000000000E+0000, 0.00000000000000E+0000,Excluded
364,16,492,13,2,11, 0.00000000000000E+0000, 0.00000000000000E+0000,Excluded
364,16,493,16,1,15, 0.00000000000000E+0000, 0.00000000000000E+0000,Excluded
364,16,494,16,3,13, 0.00000000000000E+0000, 0.00000000000000E+0000,Excluded
364,16,500,16,3,13, 0.00000000000000E+0000, 0.00000000000000E+0000,Excluded
364,16,504,16,4,12, 0.00000000000000E+0000, 0.00000000000000E+0000,Excluded
364,16,506,16,2,14, 0.00000000000000E+0000, 0.00000000000000E+0000,Excluded
364,16,52,16,3,13, 0.00000000000000E+0000, 0.00000000000000E+0000,Excluded
364,16,55,16,0,16, 0.00000000000000E+0000, 0.00000000000000E+0000,Excluded
364,16,57,16,3,13, 0.00000000000000E+0000, 0.00000000000000E+0000,Excluded
364,16,59,16,3,13, 0.00000000000000E+0000, 0.00000000000000E+0000,Excluded
364,16,6,16,3,13, 0.00000000000000E+0000, 0.00000000000000E+0000,Excluded
364,16,60,16,4,12, 0.00000000000000E+0000, 0.00000000000000E+0000,Excluded
364,16,61,16,4,12, 0.00000000000000E+0000, 0.00000000000000E+0000,Excluded
364,16,62,16,2,14, 0.00000000000000E+0000, 0.00000000000000E+0000,Excluded
364,16,65,16,3,13, 0.00000000000000E+0000, 0.00000000000000E+0000,Excluded
364,16,73,16,4,12, 0.00000000000000E+0000, 0.00000000000000E+0000,Excluded
364,16,75,16,0,16, 0.00000000000000E+0000, 0.00000000000000E+0000,Excluded
364,16,76,16,2,14, 0.00000000000000E+0000, 0.00000000000000E+0000,Excluded
364,16,77,16,3,13, 0.00000000000000E+0000, 0.00000000000000E+0000,Excluded
364,16,78,16,3,13, 0.00000000000000E+0000, 0.00000000000000E+0000,Excluded
364,16,79,16,3,13, 0.00000000000000E+0000, 0.00000000000000E+0000,Excluded
364,16,8,16,3,13, 0.00000000000000E+0000, 0.00000000000000E+0000,Excluded
364,16,84,16,4,12, 0.00000000000000E+0000, 0.00000000000000E+0000,Excluded
364,16,85,16,3,13, 0.00000000000000E+0000, 0.00000000000000E+0000,Excluded
364,16,86,16,3,13, 0.00000000000000E+0000, 0.00000000000000E+0000,Excluded
364,16,89,16,5,11, 0.00000000000000E+0000, 0.00000000000000E+0000,Excluded
364,16,94,16,4,12, 0.00000000000000E+0000, 0.00000000000000E+0000,Excluded
364,16,95,16,4,12, 0.00000000000000E+0000, 0.00000000000000E+0000,Excluded
364,16,96,16,1,15, 0.00000000000000E+0000, 0.00000000000000E+0000,Excluded
364,16,98,16,3,13, 0.00000000000000E+0000, 0.00000000000000E+0000,Excluded
366,16,37,16,3,13, 0.00000000000000E+0000, 0.00000000000000E+0000,Excluded
366,16,376,16,2,14, 0.00000000000000E+0000, 0.00000000000000E+0000,Excluded
366,16,377,15,2,13, 0.00000000000000E+0000, 0.00000000000000E+0000,Excluded
366,16,378,16,3,13, 0.00000000000000E+0000, 0.00000000000000E+0000,Excluded
366,16,38,16,4,12, 0.00000000000000E+0000, 0.00000000000000E+0000,Excluded
366,16,388,16,3,13, 0.00000000000000E+0000, 0.00000000000000E+0000,Excluded
366,16,391,16,3,13, 0.00000000000000E+0000, 0.00000000000000E+0000,Excluded
366,16,396,13,3,10, 0.00000000000000E+0000, 0.00000000000000E+0000,Excluded
366,16,4,16,1,15, 0.00000000000000E+0000, 0.00000000000000E+0000,Excluded
366,16,400,13,4,9, 0.00000000000000E+0000, 0.00000000000000E+0000,Excluded
366,16,401,16,2,14, 0.00000000000000E+0000, 0.00000000000000E+0000,Excluded
366,16,406,16,1,15, 0.00000000000000E+0000, 0.00000000000000E+0000,Excluded
366,16,412,15,4,11, 0.00000000000000E+0000, 0.00000000000000E+0000,Excluded
366,16,413,16,3,13, 0.00000000000000E+0000, 0.00000000000000E+0000,Excluded
366,16,421,16,1,15, 0.00000000000000E+0000, 0.00000000000000E+0000,Excluded
366,16,423,16,1,15, 0.00000000000000E+0000, 0.00000000000000E+0000,Excluded
366,16,424,16,5,11, 0.00000000000000E+0000, 0.00000000000000E+0000,Excluded
366,16,426,16,4,12, 0.00000000000000E+0000, 0.00000000000000E+0000,Excluded
366,16,43,16,3,13, 0.00000000000000E+0000, 0.00000000000000E+0000,Excluded
366,16,430,14,3,11, 0.00000000000000E+0000, 0.00000000000000E+0000,Excluded
366,16,435,16,3,13, 0.00000000000000E+0000, 0.00000000000000E+0000,Excluded
366,16,44,16,3,13, 0.00000000000000E+0000, 0.00000000000000E+0000,Excluded
366,16,461,16,2,14, 0.00000000000000E+0000, 0.00000000000000E+0000,Excluded
366,16,476,16,3,13, 0.00000000000000E+0000, 0.00000000000000E+0000,Excluded
366,16,478,16,4,12, 0.00000000000000E+0000, 0.00000000000000E+0000,Excluded
366,16,48,16,2,14, 0.00000000000000E+0000, 0.00000000000000E+0000,Excluded
366,16,484,16,1,15, 0.00000000000000E+0000, 0.00000000000000E+0000,Excluded
366,16,489,16,2,14, 0.00000000000000E+0000, 0.00000000000000E+0000,Excluded
366,16,492,13,3,10, 0.00000000000000E+0000, 0.00000000000000E+0000,Excluded
366,16,493,16,2,14, 0.00000000000000E+0000, 0.00000000000000E+0000,Excluded
366,16,494,16,3,13, 0.00000000000000E+0000, 0.00000000000000E+0000,Excluded
366,16,500,16,6,10, 0.00000000000000E+0000, 0.00000000000000E+0000,Excluded
366,16,504,16,3,13, 0.00000000000000E+0000, 0.00000000000000E+0000,Excluded
366,16,506,16,5,11, 0.00000000000000E+0000, 0.00000000000000E+0000,Excluded
366,16,52,16,1,15, 0.00000000000000E+0000, 0.00000000000000E+0000,Excluded
366,16,55,16,1,15, 0.00000000000000E+0000, 0.00000000000000E+0000,Excluded
366,16,57,16,4,12, 0.00000000000000E+0000, 0.00000000000000E+0000,Excluded
366,16,59,16,2,14, 0.00000000000000E+0000, 0.00000000000000E+0000,Excluded
366,16,6,16,6,10, 0.00000000000000E+0000, 0.00000000000000E+0000,Excluded
366,16,60,16,1,15, 0.00000000000000E+0000, 0.00000000000000E+0000,Excluded
366,16,61,16,4,12, 0.00000000000000E+0000, 0.00000000000000E+0000,Excluded
366,16,62,16,1,15, 0.00000000000000E+0000, 0.00000000000000E+0000,Excluded
366,16,65,16,2,14, 0.00000000000000E+0000, 0.00000000000000E+0000,Excluded
366,16,73,16,2,14, 0.00000000000000E+0000, 0.00000000000000E+0000,Excluded
366,16,75,16,2,14, 0.00000000000000E+0000, 0.00000000000000E+0000,Excluded
366,16,76,16,2,14, 0.00000000000000E+0000, 0.00000000000000E+0000,Excluded
366,16,77,16,2,14, 0.00000000000000E+0000, 0.00000000000000E+0000,Excluded
366,16,78,16,4,12, 0.00000000000000E+0000, 0.00000000000000E+0000,Excluded
366,16,79,16,4,12, 0.00000000000000E+0000, 0.00000000000000E+0000,Excluded
366,16,8,16,4,12, 0.00000000000000E+0000, 0.00000000000000E+0000,Excluded
366,16,84,16,2,14, 0.00000000000000E+0000, 0.00000000000000E+0000,Excluded
366,16,85,16,3,13, 0.00000000000000E+0000, 0.00000000000000E+0000,Excluded
366,16,86,16,4,12, 0.00000000000000E+0000, 0.00000000000000E+0000,Excluded
366,16,89,16,3,13, 0.00000000000000E+0000, 0.00000000000000E+0000,Excluded
366,16,94,16,3,13, 0.00000000000000E+0000, 0.00000000000000E+0000,Excluded
366,16,95,16,4,12, 0.00000000000000E+0000, 0.00000000000000E+0000,Excluded
366,16,96,16,4,12, 0.00000000000000E+0000, 0.00000000000000E+0000,Excluded
366,16,98,16,2,14, 0.00000000000000E+0000, 0.00000000000000E+0000,Excluded
37,16,376,16,4,12, 0.00000000000000E+0000, 0.00000000000000E+0000,Excluded
37,16,377,15,2,13, 0.00000000000000E+0000, 0.00000000000000E+0000,Excluded
37,16,378,16,3,13, 0.00000000000000E+0000, 0.00000000000000E+0000,Excluded
37,16,38,16,6,10, 0.00000000000000E+0000, 0.00000000000000E+0000,Excluded
37,16,388,16,3,13, 0.00000000000000E+0000, 0.00000000000000E+0000,Excluded
37,16,391,16,2,14, 0.00000000000000E+0000, 0.00000000000000E+0000,Excluded
37,16,396,13,2,11, 0.00000000000000E+0000, 0.00000000000000E+0000,Excluded
37,16,4,16,8,8, 0.00000000000000E+0000, 0.00000000000000E+0000,Excluded
37,16,400,13,3,10, 0.00000000000000E+0000, 0.00000000000000E+0000,Excluded
37,16,401,16,5,11, 0.00000000000000E+0000, 0.00000000000000E+0000,Excluded
37,16,406,16,4,12, 0.00000000000000E+0000, 0.00000000000000E+0000,Excluded
37,16,412,15,3,12, 0.00000000000000E+0000, 0.00000000000000E+0000,Excluded
37,16,413,16,3,13, 0.00000000000000E+0000, 0.00000000000000E+0000,Excluded
37,16,421,16,2,14, 0.00000000000000E+0000, 0.00000000000000E+0000,Excluded
37,16,423,16,2,14, 0.00000000000000E+0000, 0.00000000000000E+0000,Excluded
37,16,424,16,6,10, 0.00000000000000E+0000, 0.00000000000000E+0000,Excluded
37,16,426,16,4,12, 0.00000000000000E+0000, 0.00000000000000E+0000,Excluded
37,16,43,16,6,10, 0.00000000000000E+0000, 0.00000000000000E+0000,Excluded
37,16,430,14,6,8, 0.00000000000000E+0000, 0.00000000000000E+0000,Excluded
37,16,435,16,2,14, 0.00000000000000E+0000, 0.00000000000000E+0000,Excluded
37,16,44,16,4,12, 0.00000000000000E+0000, 0.00000000000000E+0000,Excluded
37,16,461,16,3,13, 0.00000000000000E+0000, 0.00000000000000E+0000,Excluded
37,16,476,16,5,11, 0.00000000000000E+0000, 0.00000000000000E+0000,Excluded
37,16,478,16,5,11, 0.00000000000000E+0000, 0.00000000000000E+0000,Excluded
37,16,48,16,6,10, 0.00000000000000E+0000, 0.00000000000000E+0000,Excluded
37,16,484,16,2,14, 0.00000000000000E+0000, 0.00000000000000E+0000,Excluded
37,16,489,16,4,12, 0.00000000000000E+0000, 0.00000000000000E+0000,Excluded
37,16,492,13,2,11, 0.00000000000000E+0000, 0.00000000000000E+0000,Excluded
37,16,493,16,4,12, 0.00000000000000E+0000, 0.00000000000000E+0000,Excluded
37,16,494,16,4,12, 0.00000000000000E+0000, 0.00000000000000E+0000,Excluded
37,16,500,16,2,14, 0.00000000000000E+0000, 0.00000000000000E+0000,Excluded
37,16,504,16,3,13, 0.00000000000000E+0000, 0.00000000000000E+0000,Excluded
37,16,506,16,3,13, 0.00000000000000E+0000, 0.00000000000000E+0000,Excluded
37,16,52,16,3,13, 0.00000000000000E+0000, 0.00000000000000E+0000,Excluded
37,16,55,16,7,9, 0.00000000000000E+0000, 0.00000000000000E+0000,Excluded
37,16,57,16,7,9, 0.00000000000000E+0000, 0.00000000000000E+0000,Excluded
37,16,59,16,4,12, 0.00000000000000E+0000, 0.00000000000000E+0000,Excluded
37,16,6,16,5,11, 0.00000000000000E+0000, 0.00000000000000E+0000,Excluded
37,16,60,16,2,14, 0.00000000000000E+0000, 0.00000000000000E+0000,Excluded
37,16,61,16,5,11, 0.00000000000000E+0000, 0.00000000000000E+0000,Excluded
37,16,62,16,3,13, 0.00000000000000E+0000, 0.00000000000000E+0000,Excluded
37,16,65,16,3,13, 0.00000000000000E+0000, 0.00000000000000E+0000,Excluded
37,16,73,16,3,13, 0.00000000000000E+0000, 0.00000000000000E+0000,Excluded
37,16,75,16,3,13, 0.00000000000000E+0000, 0.00000000000000E+0000,Excluded
37,16,76,16,4,12, 0.00000000000000E+0000, 0.00000000000000E+0000,Excluded
37,16,77,16,4,12, 0.00000000000000E+0000, 0.00000000000000E+0000,Excluded
37,16,78,16,4,12, 0.00000000000000E+0000, 0.00000000000000E+0000,Excluded
37,16,79,16,3,13, 0.00000000000000E+0000, 0.00000000000000E+0000,Excluded
37,16,8,16,3,13, 0.00000000000000E+0000, 0.00000000000000E+0000,Excluded
37,16,84,16,2,14, 0.00000000000000E+0000, 0.00000000000000E+0000,Excluded
37,16,85,16,3,13, 0.00000000000000E+0000, 0.00000000000000E+0000,Excluded
37,16,86,16,3,13, 0.00000000000000E+0000, 0.00000000000000E+0000,Excluded
37,16,89,16,5,11, 0.00000000000000E+0000, 0.00000000000000E+0000,Excluded
37,16,94,16,6,10, 0.00000000000000E+0000, 0.00000000000000E+0000,Excluded
37,16,95,16,4,12, 0.00000000000000E+0000, 0.00000000000000E+0000,Excluded
37,16,96,16,4,12, 0.00000000000000E+0000, 0.00000000000000E+0000,Excluded
37,16,98,16,2,14, 0.00000000000000E+0000, 0.00000000000000E+0000,Excluded
376,16,377,15,4,11, 0.00000000000000E+0000, 0.00000000000000E+0000,Excluded
376,16,378,16,7,9, 0.00000000000000E+0000, 0.00000000000000E+0000,Excluded
376,16,38,16,3,13, 0.00000000000000E+0000, 0.00000000000000E+0000,Excluded
376,16,388,16,4,12, 0.00000000000000E+0000, 0.00000000000000E+0000,Excluded
376,16,391,16,3,13, 0.00000000000000E+0000, 0.00000000000000E+0000,Excluded
376,16,396,13,4,9, 0.00000000000000E+0000, 0.00000000000000E+0000,Excluded
376,16,4,16,6,10, 0.00000000000000E+0000, 0.00000000000000E+0000,Excluded
376,16,400,13,1,12, 0.00000000000000E+0000, 0.00000000000000E+0000,Excluded
376,16,401,16,8,8, 0.00000000000000E+0000, 0.00000000000000E+0000,Excluded
376,16,406,16,7,9, 0.00000000000000E+0000, 0.00000000000000E+0000,Excluded
376,16,412,15,6,9, 0.00000000000000E+0000, 0.00000000000000E+0000,Excluded
376,16,413,16,1,15, 0.00000000000000E+0000, 0.00000000000000E+0000,Excluded
376,16,421,16,5,11, 0.00000000000000E+0000, 0.00000000000000E+0000,Excluded
376,16,423,16,2,14, 0.00000000000000E+0000, 0.00000000000000E+0000,Excluded
376,16,424,16,5,11, 0.00000000000000E+0000, 0.00000000000000E+0000,Excluded
376,16,426,16,4,12, 0.00000000000000E+0000, 0.00000000000000E+0000,Excluded
376,16,43,16,6,10, 0.00000000000000E+0000, 0.00000000000000E+0000,Excluded
376,16,430,14,4,10, 0.00000000000000E+0000, 0.00000000000000E+0000,Excluded
376,16,435,16,2,14, 0.00000000000000E+0000, 0.00000000000000E+0000,Excluded
376,16,44,16,5,11, 0.00000000000000E+0000, 0.00000000000000E+0000,Excluded
376,16,461,16,2,14, 0.00000000000000E+0000, 0.00000000000000E+0000,Excluded
376,16,476,16,7,9, 0.00000000000000E+0000, 0.00000000000000E+0000,Excluded
376,16,478,16,4,12, 0.00000000000000E+0000, 0.00000000000000E+0000,Excluded
376,16,48,16,4,12, 0.00000000000000E+0000, 0.00000000000000E+0000,Excluded
376,16,484,16,3,13, 0.00000000000000E+0000, 0.00000000000000E+0000,Excluded
376,16,489,16,4,12, 0.00000000000000E+0000, 0.00000000000000E+0000,Excluded
376,16,492,13,0,13, 0.00000000000000E+0000, 0.00000000000000E+0000,Excluded
376,16,493,16,1,15, 0.00000000000000E+0000, 0.00000000000000E+0000,Excluded
376,16,494,16,3,13, 0.00000000000000E+0000, 0.00000000000000E+0000,Excluded
376,16,500,16,5,11, 0.00000000000000E+0000, 0.00000000000000E+0000,Excluded
376,16,504,16,3,13, 0.00000000000000E+0000, 0.00000000000000E+0000,Excluded
376,16,506,16,3,13, 0.00000000000000E+0000, 0.00000000000000E+0000,Excluded
376,16,52,16,4,12, 0.00000000000000E+0000, 0.00000000000000E+0000,Excluded
376,16,55,16,7,9, 0.00000000000000E+0000, 0.00000000000000E+0000,Excluded
376,16,57,16,6,10, 0.00000000000000E+0000, 0.00000000000000E+0000,Excluded
376,16,59,16,6,10, 0.00000000000000E+0000, 0.00000000000000E+0000,Excluded
376,16,6,16,5,11, 0.00000000000000E+0000, 0.00000000000000E+0000,Excluded
376,16,60,16,7,9, 0.00000000000000E+0000, 0.00000000000000E+0000,Excluded
376,16,61,16,3,13, 0.00000000000000E+0000, 0.00000000000000E+0000,Excluded
376,16,62,16,5,11, 0.00000000000000E+0000, 0.00000000000000E+0000,Excluded
376,16,65,16,3,13, 0.00000000000000E+0000, 0.00000000000000E+0000,Excluded
376,16,73,16,4,12, 0.00000000000000E+0000, 0.00000000000000E+0000,Excluded
376,16,75,16,0,16, 0.00000000000000E+0000, 0.00000000000000E+0000,Excluded
376,16,76,16,3,13, 0.00000000000000E+0000, 0.00000000000000E+0000,Excluded
376,16,77,16,2,14, 0.00000000000000E+0000, 0.00000000000000E+0000,Excluded
376,16,78,16,3,13, 0.00000000000000E+0000, 0.00000000000000E+0000,Excluded
376,16,79,16,1,15, 0.00000000000000E+0000, 0.00000000000000E+0000,Excluded
376,16,8,16,6,10, 0.00000000000000E+0000, 0.00000000000000E+0000,Excluded
376,16,84,16,6,10, 0.00000000000000E+0000, 0.00000000000000E+0000,Excluded
376,16,85,16,2,14, 0.00000000000000E+0000, 0.00000000000000E+0000,Excluded
376,16,86,16,3,13, 0.00000000000000E+0000, 0.00000000000000E+0000,Excluded
376,16,89,16,6,10, 0.00000000000000E+0000, 0.00000000000000E+0000,Excluded
376,16,94,16,6,10, 0.00000000000000E+0000, 0.00000000000000E+0000,Excluded
376,16,95,16,4,12, 0.00000000000000E+0000, 0.00000000000000E+0000,Excluded
376,16,96,16,4,12, 0.00000000000000E+0000, 0.00000000000000E+0000,Excluded
376,16,98,16,4,12, 0.00000000000000E+0000, 0.00000000000000E+0000,Excluded
377,15,378,16,10,5, 0.00000000000000E+0000, 0.00000000000000E+0000,Excluded
377,15,38,16,1,14, 0.00000000000000E+0000, 0.00000000000000E+0000,Excluded
377,15,388,16,6,9, 0.00000000000000E+0000, 0.00000000000000E+0000,Excluded
377,15,391,16,8,7, 0.00000000000000E+0000, 0.00000000000000E+0000,Excluded
377,15,396,13,4,8, 0.00000000000000E+0000, 0.00000000000000E+0000,Excluded
377,15,4,16,3,12, 0.00000000000000E+0000, 0.00000000000000E+0000,Excluded
377,15,400,13,6,6, 0.00000000000000E+0000, 0.00000000000000E+0000,Excluded
377,15,401,16,3,12, 0.00000000000000E+0000, 0.00000000000000E+0000,Excluded
377,15,406,16,7,8, 0.00000000000000E+0000, 0.00000000000000E+0000,Excluded
377,15,412,15,7,8, 0.00000000000000E+0000, 0.00000000000000E+0000,Excluded
377,15,413,16,6,9, 0.00000000000000E+0000, 0.00000000000000E+0000,Excluded
377,15,421,16,5,10, 0.00000000000000E+0000, 0.00000000000000E+0000,Excluded
377,15,423,16,6,9, 0.00000000000000E+0000, 0.00000000000000E+0000,Excluded
377,15,424,16,6,9, 0.00000000000000E+0000, 0.00000000000000E+0000,Excluded
377,15,426,16,6,9, 0.00000000000000E+0000, 0.00000000000000E+0000,Excluded
377,15,43,16,4,11, 0.00000000000000E+0000, 0.00000000000000E+0000,Excluded
377,15,430,14,4,9, 0.00000000000000E+0000, 0.00000000000000E+0000,Excluded
377,15,435,16,6,9, 0.00000000000000E+0000, 0.00000000000000E+0000,Excluded
377,15,44,16,8,7, 0.00000000000000E+0000, 0.00000000000000E+0000,Excluded
377,15,461,16,5,10, 0.00000000000000E+0000, 0.00000000000000E+0000,Excluded
377,15,476,16,3,12, 0.00000000000000E+0000, 0.00000000000000E+0000,Excluded
377,15,478,16,4,11, 0.00000000000000E+0000, 0.00000000000000E+0000,Excluded
377,15,48,16,3,12, 0.00000000000000E+0000, 0.00000000000000E+0000,Excluded
377,15,484,16,7,8, 0.00000000000000E+0000, 0.00000000000000E+0000,Excluded
377,15,489,16,8,7, 0.00000000000000E+0000, 0.00000000000000E+0000,Excluded
377,15,492,13,2,10, 0.00000000000000E+0000, 0.00000000000000E+0000,Excluded
377,15,493,16,3,12, 0.00000000000000E+0000, 0.00000000000000E+0000,Excluded
377,15,494,16,2,13, 0.00000000000000E+0000, 0.00000000000000E+0000,Excluded
377,15,500,16,4,11, 0.00000000000000E+0000, 0.00000000000000E+0000,Excluded
377,15,504,16,3,12, 0.00000000000000E+0000, 0.00000000000000E+0000,Excluded
377,15,506,16,5,10, 0.00000000000000E+0000, 0.00000000000000E+0000,Excluded
377,15,52,16,5,10, 0.00000000000000E+0000, 0.00000000000000E+0000,Excluded
377,15,55,16,4,11, 0.00000000000000E+0000, 0.00000000000000E+0000,Excluded
377,15,57,16,4,11, 0.00000000000000E+0000, 0.00000000000000E+0000,Excluded
377,15,59,16,3,12, 0.00000000000000E+0000, 0.00000000000000E+0000,Excluded
377,15,6,16,3,12, 0.00000000000000E+0000, 0.00000000000000E+0000,Excluded
377,15,60,16,4,11, 0.00000000000000E+0000, 0.00000000000000E+0000,Excluded
377,15,61,16,3,12, 0.00000000000000E+0000, 0.00000000000000E+0000,Excluded
377,15,62,16,7,8, 0.00000000000000E+0000, 0.00000000000000E+0000,Excluded
377,15,65,16,5,10, 0.00000000000000E+0000, 0.00000000000000E+0000,Excluded
377,15,73,16,5,10, 0.00000000000000E+0000, 0.00000000000000E+0000,Excluded
377,15,75,16,1,14, 0.00000000000000E+0000, 0.00000000000000E+0000,Excluded
377,15,76,16,4,11, 0.00000000000000E+0000, 0.00000000000000E+0000,Excluded
377,15,77,16,3,12, 0.00000000000000E+0000, 0.00000000000000E+0000,Excluded
377,15,78,16,2,13, 0.00000000000000E+0000, 0.00000000000000E+0000,Excluded
377,15,79,16,1,14, 0.00000000000000E+0000, 0.00000000000000E+0000,Excluded
377,15,8,16,5,10, 0.00000000000000E+0000, 0.00000000000000E+0000,Excluded
377,15,84,16,6,9, 0.00000000000000E+0000, 0.00000000000000E+0000,Excluded
377,15,85,16,7,8, 0.00000000000000E+0000, 0.00000000000000E+0000,Excluded
377,15,86,16,4,11, 0.00000000000000E+0000, 0.00000000000000E+0000,Excluded
377,15,89,16,4,11, 0.00000000000000E+0000, 0.00000000000000E+0000,Excluded
377,15,94,16,6,9, 0.00000000000000E+0000, 0.00000000000000E+0000,Excluded
377,15,95,16,4,11, 0.00000000000000E+0000, 0.00000000000000E+0000,Excluded
377,15,96,16,6,9, 0.00000000000000E+0000, 0.00000000000000E+0000,Excluded
377,15,98,16,5,10, 0.00000000000000E+0000, 0.00000000000000E+0000,Excluded
378,16,38,16,2,14, 0.00000000000000E+0000, 0.00000000000000E+0000,Excluded
378,16,388,16,7,9, 0.00000000000000E+0000, 0.00000000000000E+0000,Excluded
378,16,391,16,6,10, 0.00000000000000E+0000, 0.00000000000000E+0000,Excluded
378,16,396,13,4,9, 0.00000000000000E+0000, 0.00000000000000E+0000,Excluded
378,16,4,16,5,11, 0.00000000000000E+0000, 0.00000000000000E+0000,Excluded
378,16,400,13,4,9, 0.00000000000000E+0000, 0.00000000000000E+0000,Excluded
378,16,401,16,4,12, 0.00000000000000E+0000, 0.00000000000000E+0000,Excluded
378,16,406,16,5,11, 0.00000000000000E+0000, 0.00000000000000E+0000,Excluded
378,16,412,15,6,9, 0.00000000000000E+0000, 0.00000000000000E+0000,Excluded
378,16,413,16,5,11, 0.00000000000000E+0000, 0.00000000000000E+0000,Excluded
378,16,421,16,6,10, 0.00000000000000E+0000, 0.00000000000000E+0000,Excluded
378,16,423,16,4,12, 0.00000000000000E+0000, 0.00000000000000E+0000,Excluded
378,16,424,16,5,11, 0.00000000000000E+0000, 0.00000000000000E+0000,Excluded
378,16,426,16,7,9, 0.00000000000000E+0000, 0.00000000000000E+0000,Excluded
378,16,43,16,5,11, 0.00000000000000E+0000, 0.00000000000000E+0000,Excluded
378,16,430,14,4,10, 0.00000000000000E+0000, 0.00000000000000E+0000,Excluded
378,16,435,16,6,10, 0.00000000000000E+0000, 0.00000000000000E+0000,Excluded
378,16,44,16,6,10, 0.00000000000000E+0000, 0.00000000000000E+0000,Excluded
378,16,461,16,6,10, 0.00000000000000E+0000, 0.00000000000000E+0000,Excluded
378,16,476,16,5,11, 0.00000000000000E+0000, 0.00000000000000E+0000,Excluded
378,16,478,16,4,12, 0.00000000000000E+0000, 0.00000000000000E+0000,Excluded
378,16,48,16,3,13, 0.00000000000000E+0000, 0.00000000000000E+0000,Excluded
378,16,484,16,6,10, 0.00000000000000E+0000, 0.00000000000000E+0000,Excluded
378,16,489,16,7,9, 0.00000000000000E+0000, 0.00000000000000E+0000,Excluded
378,16,492,13,2,11, 0.00000000000000E+0000, 0.00000000000000E+0000,Excluded
378,16,493,16,1,15, 0.00000000000000E+0000, 0.00000000000000E+0000,Excluded
378,16,494,16,1,15, 0.00000000000000E+0000, 0.00000000000000E+0000,Excluded
378,16,500,16,3,13, 0.00000000000000E+0000, 0.00000000000000E+0000,Excluded
378,16,504,16,3,13, 0.00000000000000E+0000, 0.00000000000000E+0000,Excluded
378,16,506,16,4,12, 0.00000000000000E+0000, 0.00000000000000E+0000,Excluded
378,16,52,16,6,10, 0.00000000000000E+0000, 0.00000000000000E+0000,Excluded
378,16,55,16,6,10, 0.00000000000000E+0000, 0.00000000000000E+0000,Excluded
378,16,57,16,4,12, 0.00000000000000E+0000, 0.00000000000000E+0000,Excluded
378,16,59,16,3,13, 0.00000000000000E+0000, 0.00000000000000E+0000,Excluded
378,16,6,16,5,11, 0.00000000000000E+0000, 0.00000000000000E+0000,Excluded
378,16,60,16,5,11, 0.00000000000000E+0000, 0.00000000000000E+0000,Excluded
378,16,61,16,3,13, 0.00000000000000E+0000, 0.00000000000000E+0000,Excluded
378,16,62,16,8,8, 0.00000000000000E+0000, 0.00000000000000E+0000,Excluded
378,16,65,16,4,12, 0.00000000000000E+0000, 0.00000000000000E+0000,Excluded
378,16,73,16,5,11, 0.00000000000000E+0000, 0.00000000000000E+0000,Excluded
378,16,75,16,1,15, 0.00000000000000E+0000, 0.00000000000000E+0000,Excluded
378,16,76,16,5,11, 0.00000000000000E+0000, 0.00000000000000E+0000,Excluded
378,16,77,16,3,13, 0.00000000000000E+0000, 0.00000000000000E+0000,Excluded
378,16,78,16,1,15, 0.00000000000000E+0000, 0.00000000000000E+0000,Excluded
378,16,79,16,1,15, 0.00000000000000E+0000, 0.00000000000000E+0000,Excluded
378,16,8,16,7,9, 0.00000000000000E+0000, 0.00000000000000E+0000,Excluded
378,16,84,16,7,9, 0.00000000000000E+0000, 0.00000000000000E+0000,Excluded
378,16,85,16,4,12, 0.00000000000000E+0000, 0.00000000000000E+0000,Excluded
378,16,86,16,3,13, 0.00000000000000E+0000, 0.00000000000000E+0000,Excluded
378,16,89,16,5,11, 0.00000000000000E+0000, 0.00000000000000E+0000,Excluded
378,16,94,16,6,10, 0.00000000000000E+0000, 0.00000000000000E+0000,Excluded
378,16,95,16,4,12, 0.00000000000000E+0000, 0.00000000000000E+0000,Excluded
378,16,96,16,5,11, 0.00000000000000E+0000, 0.00000000000000E+0000,Excluded
378,16,98,16,5,11, 0.00000000000000E+0000, 0.00000000000000E+0000,Excluded
38,16,388,16,4,12, 0.00000000000000E+0000, 0.00000000000000E+0000,Excluded
38,16,391,16,2,14, 0.00000000000000E+0000, 0.00000000000000E+0000,Excluded
38,16,396,13,2,11, 0.00000000000000E+0000, 0.00000000000000E+0000,Excluded
38,16,4,16,4,12, 0.00000000000000E+0000, 0.00000000000000E+0000,Excluded
38,16,400,13,5,8, 0.00000000000000E+0000, 0.00000000000000E+0000,Excluded
38,16,401,16,1,15, 0.00000000000000E+0000, 0.00000000000000E+0000,Excluded
38,16,406,16,2,14, 0.00000000000000E+0000, 0.00000000000000E+0000,Excluded
38,16,412,15,1,14, 0.00000000000000E+0000, 0.00000000000000E+0000,Excluded
38,16,413,16,2,14, 0.00000000000000E+0000, 0.00000000000000E+0000,Excluded
38,16,421,16,0,16, 0.00000000000000E+0000, 0.00000000000000E+0000,Excluded
38,16,423,16,3,13, 0.00000000000000E+0000, 0.00000000000000E+0000,Excluded
38,16,424,16,3,13, 0.00000000000000E+0000, 0.00000000000000E+0000,Excluded
38,16,426,16,3,13, 0.00000000000000E+0000, 0.00000000000000E+0000,Excluded
38,16,43,16,3,13, 0.00000000000000E+0000, 0.00000000000000E+0000,Excluded
38,16,430,14,3,11, 0.00000000000000E+0000, 0.00000000000000E+0000,Excluded
38,16,435,16,1,15, 0.00000000000000E+0000, 0.00000000000000E+0000,Excluded
38,16,44,16,1,15, 0.00000000000000E+0000, 0.00000000000000E+0000,Excluded
38,16,461,16,2,14, 0.00000000000000E+0000, 0.00000000000000E+0000,Excluded
38,16,476,16,3,13, 0.00000000000000E+0000, 0.00000000000000E+0000,Excluded
38,16,478,16,2,14, 0.00000000000000E+0000, 0.00000000000000E+0000,Excluded
38,16,48,16,4,12, 0.00000000000000E+0000, 0.00000000000000E+0000,Excluded
38,16,484,16,1,15, 0.00000000000000E+0000, 0.00000000000000E+0000,Excluded
38,16,489,16,1,15, 0.00000000000000E+0000, 0.00000000000000E+0000,Excluded
38,16,492,13,2,11, 0.00000000000000E+0000, 0.00000000000000E+0000,Excluded
38,16,493,16,3,13, 0.00000000000000E+0000, 0.00000000000000E+0000,Excluded
38,16,494,16,6,10, 0.00000000000000E+0000, 0.00000000000000E+0000,Excluded
38,16,500,16,4,12, 0.00000000000000E+0000, 0.00000000000000E+0000,Excluded
38,16,504,16,2,14, 0.00000000000000E+0000, 0.00000000000000E+0000,Excluded
38,16,506,16,3,13, 0.00000000000000E+0000, 0.00000000000000E+0000,Excluded
38,16,52,16,1,15, 0.00000000000000E+0000, 0.00000000000000E+0000,Excluded
38,16,55,16,4,12, 0.00000000000000E+0000, 0.00000000000000E+0000,Excluded
38,16,57,16,6,10, 0.00000000000000E+0000, 0.00000000000000E+0000,Excluded
38,16,59,16,4,12, 0.00000000000000E+0000, 0.00000000000000E+0000,Excluded
38,16,6,16,4,12, 0.00000000000000E+0000, 0.00000000000000E+0000,Excluded
38,16,60,16,1,15, 0.00000000000000E+0000, 0.00000000000000E+0000,Excluded
38,16,61,16,3,13, 0.00000000000000E+0000, 0.00000000000000E+0000,Excluded
38,16,62,16,0,16, 0.00000000000000E+0000, 0.00000000000000E+0000,Excluded
38,16,65,16,1,15, 0.00000000000000E+0000, 0.00000000000000E+0000,Excluded
38,16,73,16,2,14, 0.00000000000000E+0000, 0.00000000000000E+0000,Excluded
38,16,75,16,3,13, 0.00000000000000E+0000, 0.00000000000000E+0000,Excluded
38,16,76,16,1,15, 0.00000000000000E+0000, 0.00000000000000E+0000,Excluded
38,16,77,16,1,15, 0.00000000000000E+0000, 0.00000000000000E+0000,Excluded
38,16,78,16,2,14, 0.00000000000000E+0000, 0.00000000000000E+0000,Excluded
38,16,79,16,2,14, 0.00000000000000E+0000, 0.00000000000000E+0000,Excluded
38,16,8,16,3,13, 0.00000000000000E+0000, 0.00000000000000E+0000,Excluded
38,16,84,16,2,14, 0.00000000000000E+0000, 0.00000000000000E+0000,Excluded
38,16,85,16,2,14, 0.00000000000000E+0000, 0.00000000000000E+0000,Excluded
38,16,86,16,2,14, 0.00000000000000E+0000, 0.00000000000000E+0000,Excluded
38,16,89,16,3,13, 0.00000000000000E+0000, 0.00000000000000E+0000,Excluded
38,16,94,16,3,13, 0.00000000000000E+0000, 0.00000000000000E+0000,Excluded
38,16,95,16,2,14, 0.00000000000000E+0000, 0.00000000000000E+0000,Excluded
38,16,96,16,2,14, 0.00000000000000E+0000, 0.00000000000000E+0000,Excluded
38,16,98,16,0,16, 0.00000000000000E+0000, 0.00000000000000E+0000,Excluded
388,16,391,16,6,10, 0.00000000000000E+0000, 0.00000000000000E+0000,Excluded
388,16,396,13,3,10, 0.00000000000000E+0000, 0.00000000000000E+0000,Excluded
388,16,4,16,4,12, 0.00000000000000E+0000, 0.00000000000000E+0000,Excluded
388,16,400,13,4,9, 0.00000000000000E+0000, 0.00000000000000E+0000,Excluded
388,16,401,16,2,14, 0.00000000000000E+0000, 0.00000000000000E+0000,Excluded
388,16,406,16,5,11, 0.00000000000000E+0000, 0.00000000000000E+0000,Excluded
388,16,412,15,6,9, 0.00000000000000E+0000, 0.00000000000000E+0000,Excluded
388,16,413,16,5,11, 0.00000000000000E+0000, 0.00000000000000E+0000,Excluded
388,16,421,16,4,12, 0.00000000000000E+0000, 0.00000000000000E+0000,Excluded
388,16,423,16,2,14, 0.00000000000000E+0000, 0.00000000000000E+0000,Excluded
388,16,424,16,6,10, 0.00000000000000E+0000, 0.00000000000000E+0000,Excluded
388,16,426,16,5,11, 0.00000000000000E+0000, 0.00000000000000E+0000,Excluded
388,16,43,16,3,13, 0.00000000000000E+0000, 0.00000000000000E+0000,Excluded
388,16,430,14,5,9, 0.00000000000000E+0000, 0.00000000000000E+0000,Excluded
388,16,435,16,5,11, 0.00000000000000E+0000, 0.00000000000000E+0000,Excluded
388,16,44,16,3,13, 0.00000000000000E+0000, 0.00000000000000E+0000,Excluded
388,16,461,16,2,14, 0.00000000000000E+0000, 0.00000000000000E+0000,Excluded
388,16,476,16,4,12, 0.00000000000000E+0000, 0.00000000000000E+0000,Excluded
388,16,478,16,1,15, 0.00000000000000E+0000, 0.00000000000000E+0000,Excluded
388,16,48,16,2,14, 0.00000000000000E+0000, 0.00000000000000E+0000,Excluded
388,16,484,16,8,8, 0.00000000000000E+0000, 0.00000000000000E+0000,Excluded
388,16,489,16,2,14, 0.00000000000000E+0000, 0.00000000000000E+0000,Excluded
388,16,492,13,5,8, 0.00000000000000E+0000, 0.00000000000000E+0000,Excluded
388,16,493,16,2,14, 0.00000000000000E+0000, 0.00000000000000E+0000,Excluded
388,16,494,16,1,15, 0.00000000000000E+0000, 0.00000000000000E+0000,Excluded
388,16,500,16,1,15, 0.00000000000000E+0000, 0.00000000000000E+0000,Excluded
388,16,504,16,5,11, 0.00000000000000E+0000, 0.00000000000000E+0000,Excluded
388,16,506,16,5,11, 0.00000000000000E+0000, 0.00000000000000E+0000,Excluded
388,16,52,16,3,13, 0.00000000000000E+0000, 0.00000000000000E+0000,Excluded
388,16,55,16,5,11, 0.00000000000000E+0000, 0.00000000000000E+0000,Excluded
388,16,57,16,3,13, 0.00000000000000E+0000, 0.00000000000000E+0000,Excluded
388,16,59,16,1,15, 0.00000000000000E+0000, 0.00000000000000E+0000,Excluded
388,16,6,16,4,12, 0.00000000000000E+0000, 0.00000000000000E+0000,Excluded
388,16,60,16,5,11, 0.00000000000000E+0000, 0.00000000000000E+0000,Excluded
388,16,61,16,4,12, 0.00000000000000E+0000, 0.00000000000000E+0000,Excluded
388,16,62,16,4,12, 0.00000000000000E+0000, 0.00000000000000E+0000,Excluded
388,16,65,16,2,14, 0.00000000000000E+0000, 0.00000000000000E+0000,Excluded
388,16,73,16,7,9, 0.00000000000000E+0000, 0.00000000000000E+0000,Excluded
388,16,75,16,2,14, 0.00000000000000E+0000, 0.00000000000000E+0000,Excluded
388,16,76,16,2,14, 0.00000000000000E+0000, 0.00000000000000E+0000,Excluded
388,16,77,16,2,14, 0.00000000000000E+0000, 0.00000000000000E+0000,Excluded
388,16,78,16,3,13, 0.00000000000000E+0000, 0.00000000000000E+0000,Excluded
388,16,79,16,2,14, 0.00000000000000E+0000, 0.00000000000000E+0000,Excluded
388,16,8,16,4,12, 0.00000000000000E+0000, 0.00000000000000E+0000,Excluded
388,16,84,16,2,14, 0.00000000000000E+0000, 0.00000000000000E+0000,Excluded
388,16,85,16,2,14, 0.00000000000000E+0000, 0.00000000000000E+0000,Excluded
388,16,86,16,3,13, 0.00000000000000E+0000, 0.00000000000000E+0000,Excluded
388,16,89,16,3,13, 0.00000000000000E+0000, 0.00000000000000E+0000,Excluded
388,16,94,16,2,14, 0.00000000000000E+0000, 0.00000000000000E+0000,Excluded
388,16,95,16,2,14, 0.00000000000000E+0000, 0.00000000000000E+0000,Excluded
388,16,96,16,4,12, 0.00000000000000E+0000, 0.00000000000000E+0000,Excluded
388,16,98,16,4,12, 0.00000000000000E+0000, 0.00000000000000E+0000,Excluded
391,16,396,13,4,9, 0.00000000000000E+0000, 0.00000000000000E+0000,Excluded
391,16,4,16,3,13, 0.00000000000000E+0000, 0.00000000000000E+0000,Excluded
391,16,400,13,3,10, 0.00000000000000E+0000, 0.00000000000000E+0000,Excluded
391,16,401,16,2,14, 0.00000000000000E+0000, 0.00000000000000E+0000,Excluded
391,16,406,16,7,9, 0.00000000000000E+0000, 0.00000000000000E+0000,Excluded
391,16,412,15,6,9, 0.00000000000000E+0000, 0.00000000000000E+0000,Excluded
391,16,413,16,3,13, 0.00000000000000E+0000, 0.00000000000000E+0000,Excluded
391,16,421,16,4,12, 0.00000000000000E+0000, 0.00000000000000E+0000,Excluded
391,16,423,16,3,13, 0.00000000000000E+0000, 0.00000000000000E+0000,Excluded
391,16,424,16,8,8, 0.00000000000000E+0000, 0.00000000000000E+0000,Excluded
391,16,426,16,5,11, 0.00000000000000E+0000, 0.00000000000000E+0000,Excluded
391,16,43,16,3,13, 0.00000000000000E+0000, 0.00000000000000E+0000,Excluded
391,16,430,14,3,11, 0.00000000000000E+0000, 0.00000000000000E+0000,Excluded
391,16,435,16,5,11, 0.00000000000000E+0000, 0.00000000000000E+0000,Excluded
391,16,44,16,5,11, 0.00000000000000E+0000, 0.00000000000000E+0000,Excluded
391,16,461,16,2,14, 0.00000000000000E+0000, 0.00000000000000E+0000,Excluded
391,16,476,16,4,12, 0.00000000000000E+0000, 0.00000000000000E+0000,Excluded
391,16,478,16,3,13, 0.00000000000000E+0000, 0.00000000000000E+0000,Excluded
391,16,48,16,3,13, 0.00000000000000E+0000, 0.00000000000000E+0000,Excluded
391,16,484,16,7,9, 0.00000000000000E+0000, 0.00000000000000E+0000,Excluded
391,16,489,16,5,11, 0.00000000000000E+0000, 0.00000000000000E+0000,Excluded
391,16,492,13,2,11, 0.00000000000000E+0000, 0.00000000000000E+0000,Excluded
391,16,493,16,4,12, 0.00000000000000E+0000, 0.00000000000000E+0000,Excluded
391,16,494,16,3,13, 0.00000000000000E+0000, 0.00000000000000E+0000,Excluded
391,16,500,16,2,14, 0.00000000000000E+0000, 0.00000000000000E+0000,Excluded
391,16,504,16,3,13, 0.00000000000000E+0000, 0.00000000000000E+0000,Excluded
391,16,506,16,5,11, 0.00000000000000E+0000, 0.00000000000000E+0000,Excluded
391,16,52,16,2,14, 0.00000000000000E+0000, 0.00000000000000E+0000,Excluded
391,16,55,16,4,12, 0.00000000000000E+0000, 0.00000000000000E+0000,Excluded
391,16,57,16,5,11, 0.00000000000000E+0000, 0.00000000000000E+0000,Excluded
391,16,59,16,4,12, 0.00000000000000E+0000, 0.00000000000000E+0000,Excluded
391,16,6,16,4,12, 0.00000000000000E+0000, 0.00000000000000E+0000,Excluded
391,16,60,16,4,12, 0.00000000000000E+0000, 0.00000000000000E+0000,Excluded
391,16,61,16,2,14, 0.00000000000000E+0000, 0.00000000000000E+0000,Excluded
391,16,62,16,6,10, 0.00000000000000E+0000, 0.00000000000000E+0000,Excluded
391,16,65,16,3,13, 0.00000000000000E+0000, 0.00000000000000E+0000,Excluded
391,16,73,16,4,12, 0.00000000000000E+0000, 0.00000000000000E+0000,Excluded
391,16,75,16,1,15, 0.00000000000000E+0000, 0.00000000000000E+0000,Excluded
391,16,76,16,2,14, 0.00000000000000E+0000, 0.00000000000000E+0000,Excluded
391,16,77,16,0,16, 0.00000000000000E+0000, 0.00000000000000E+0000,Excluded
391,16,78,16,2,14, 0.00000000000000E+0000, 0.00000000000000E+0000,Excluded
391,16,79,16,1,15, 0.00000000000000E+0000, 0.00000000000000E+0000,Excluded
391,16,8,16,3,13, 0.00000000000000E+0000, 0.00000000000000E+0000,Excluded
391,16,84,16,4,12, 0.00000000000000E+0000, 0.00000000000000E+0000,Excluded
391,16,85,16,4,12, 0.00000000000000E+0000, 0.00000000000000E+0000,Excluded
391,16,86,16,2,14, 0.00000000000000E+0000, 0.00000000000000E+0000,Excluded
391,16,89,16,3,13, 0.00000000000000E+0000, 0.00000000000000E+0000,Excluded
391,16,94,16,3,13, 0.00000000000000E+0000, 0.00000000000000E+0000,Excluded
391,16,95,16,5,11, 0.00000000000000E+0000, 0.00000000000000E+0000,Excluded
391,16,96,16,2,14, 0.00000000000000E+0000, 0.00000000000000E+0000,Excluded
391,16,98,16,3,13, 0.00000000000000E+0000, 0.00000000000000E+0000,Excluded
396,13,4,16,3,10, 0.00000000000000E+0000, 0.00000000000000E+0000,Excluded
396,13,400,13,3,9, 0.00000000000000E+0000, 0.00000000000000E+0000,Excluded
396,13,401,16,4,9, 0.00000000000000E+0000, 0.00000000000000E+0000,Excluded
396,13,406,16,6,7, 0.00000000000000E+0000, 0.00000000000000E+0000,Excluded
396,13,412,15,7,5, 0.00000000000000E+0000, 0.00000000000000E+0000,Excluded
396,13,413,16,2,11, 0.00000000000000E+0000, 0.00000000000000E+0000,Excluded
396,13,421,16,4,9, 0.00000000000000E+0000, 0.00000000000000E+0000,Excluded
396,13,423,16,4,9, 0.00000000000000E+0000, 0.00000000000000E+0000,Excluded
396,13,424,16,4,9, 0.00000000000000E+0000, 0.00000000000000E+0000,Excluded
396,13,426,16,2,11, 0.00000000000000E+0000, 0.00000000000000E+0000,Excluded
396,13,43,16,3,10, 0.00000000000000E+0000, 0.00000000000000E+0000,Excluded
396,13,430,14,5,6, 0.00000000000000E+0000, 0.00000000000000E+0000,Excluded
396,13,435,16,4,9, 0.00000000000000E+0000, 0.00000000000000E+0000,Excluded
396,13,44,16,5,8, 0.00000000000000E+0000, 0.00000000000000E+0000,Excluded
396,13,461,16,3,10, 0.00000000000000E+0000, 0.00000000000000E+0000,Excluded
396,13,476,16,3,10, 0.00000000000000E+0000, 0.00000000000000E+0000,Excluded
396,13,478,16,4,9, 0.00000000000000E+0000, 0.00000000000000E+0000,Excluded
396,13,48,16,2,11, 0.00000000000000E+0000, 0.00000000000000E+0000,Excluded
396,13,484,16,3,10, 0.00000000000000E+0000, 0.00000000000000E+0000,Excluded
396,13,489,16,6,7, 0.00000000000000E+0000, 0.00000000000000E+0000,Excluded
396,13,492,13,1,9, 0.00000000000000E+0000, 0.00000000000000E+0000,Excluded
396,13,493,16,2,11, 0.00000000000000E+0000, 0.00000000000000E+0000,Excluded
396,13,494,16,2,11, 0.00000000000000E+0000, 0.00000000000000E+0000,Excluded
396,13,500,16,3,10, 0.00000000000000E+0000, 0.00000000000000E+0000,Excluded
396,13,504,16,3,10, 0.00000000000000E+0000, 0.00000000000000E+0000,Excluded
396,13,506,16,3,10, 0.00000000000000E+0000, 0.00000000000000E+0000,Excluded
396,13,52,16,4,9, 0.00000000000000E+0000, 0.00000000000000E+0000,Excluded
396,13,55,16,4,9, 0.00000000000000E+0000, 0.00000000000000E+0000,Excluded
396,13,57,16,2,11, 0.00000000000000E+0000, 0.00000000000000E+0000,Excluded
396,13,59,16,3,10, 0.00000000000000E+0000, 0.00000000000000E+0000,Excluded
396,13,6,16,3,10, 0.00000000000000E+0000, 0.00000000000000E+0000,Excluded
396,13,60,16,3,10, 0.00000000000000E+0000, 0.00000000000000E+0000,Excluded
396,13,61,16,4,9, 0.00000000000000E+0000, 0.00000000000000E+0000,Excluded
396,13,62,16,4,9, 0.00000000000000E+0000, 0.00000000000000E+0000,Excluded
396,13,65,16,2,11, 0.00000000000000E+0000, 0.00000000000000E+0000,Excluded
396,13,73,16,4,9, 0.00000000000000E+0000, 0.00000000000000E+0000,Excluded
396,13,75,16,0,13, 0.00000000000000E+0000, 0.00000000000000E+0000,Excluded
396,13,76,16,3,10, 0.00000000000000E+0000, 0.00000000000000E+0000,Excluded
396,13,77,16,2,11, 0.00000000000000E+0000, 0.00000000000000E+0000,Excluded
396,13,78,16,4,9, 0.00000000000000E+0000, 0.00000000000000E+0000,Excluded
396,13,79,16,2,11, 0.00000000000000E+0000, 0.00000000000000E+0000,Excluded
396,13,8,16,3,10, 0.00000000000000E+0000, 0.00000000000000E+0000,Excluded
396,13,84,16,5,8, 0.00000000000000E+0000, 0.00000000000000E+0000,Excluded
396,13,85,16,7,6, 0.00000000000000E+0000, 0.00000000000000E+0000,Excluded
396,13,86,16,4,9, 0.00000000000000E+0000, 0.00000000000000E+0000,Excluded
396,13,89,16,4,9, 0.00000000000000E+0000, 0.00000000000000E+0000,Excluded
396,13,94,16,4,9, 0.00000000000000E+0000, 0.00000000000000E+0000,Excluded
396,13,95,16,4,9, 0.00000000000000E+0000, 0.00000000000000E+0000,Excluded
396,13,96,16,3,10, 0.00000000000000E+0000, 0.00000000000000E+0000,Excluded
396,13,98,16,5,8, 0.00000000000000E+0000, 0.00000000000000E+0000,Excluded
4,16,400,13,1,12, 0.00000000000000E+0000, 0.00000000000000E+0000,Excluded
4,16,401,16,4,12, 0.00000000000000E+0000, 0.00000000000000E+0000,Excluded
4,16,406,16,5,11, 0.00000000000000E+0000, 0.00000000000000E+0000,Excluded
4,16,412,15,4,11, 0.00000000000000E+0000, 0.00000000000000E+0000,Excluded
4,16,413,16,3,13, 0.00000000000000E+0000, 0.00000000000000E+0000,Excluded
4,16,421,16,4,12, 0.00000000000000E+0000, 0.00000000000000E+0000,Excluded
4,16,423,16,3,13, 0.00000000000000E+0000, 0.00000000000000E+0000,Excluded
4,16,424,16,5,11, 0.00000000000000E+0000, 0.00000000000000E+0000,Excluded
4,16,426,16,3,13, 0.00000000000000E+0000, 0.00000000000000E+0000,Excluded
4,16,43,16,6,10, 0.00000000000000E+0000, 0.00000000000000E+0000,Excluded
4,16,430,14,6,8, 0.00000000000000E+0000, 0.00000000000000E+0000,Excluded
4,16,435,16,3,13, 0.00000000000000E+0000, 0.00000000000000E+0000,Excluded
4,16,44,16,4,12, 0.00000000000000E+0000, 0.00000000000000E+0000,Excluded
4,16,461,16,3,13, 0.00000000000000E+0000, 0.00000000000000E+0000,Excluded
4,16,476,16,4,12, 0.00000000000000E+0000, 0.00000000000000E+0000,Excluded
4,16,478,16,4,12, 0.00000000000000E+0000, 0.00000000000000E+0000,Excluded
4,16,48,16,5,11, 0.00000000000000E+0000, 0.00000000000000E+0000,Excluded
4,16,484,16,4,12, 0.00000000000000E+0000, 0.00000000000000E+0000,Excluded
4,16,489,16,5,11, 0.00000000000000E+0000, 0.00000000000000E+0000,Excluded
4,16,492,13,1,12, 0.00000000000000E+0000, 0.00000000000000E+0000,Excluded
4,16,493,16,2,14, 0.00000000000000E+0000, 0.00000000000000E+0000,Excluded
4,16,494,16,4,12, 0.00000000000000E+0000, 0.00000000000000E+0000,Excluded
4,16,500,16,3,13, 0.00000000000000E+0000, 0.00000000000000E+0000,Excluded
4,16,504,16,3,13, 0.00000000000000E+0000, 0.00000000000000E+0000,Excluded
4,16,506,16,3,13, 0.00000000000000E+0000, 0.00000000000000E+0000,Excluded
4,16,52,16,3,13, 0.00000000000000E+0000, 0.00000000000000E+0000,Excluded
4,16,55,16,15,1, 0.00000000000000E+0000, 0.00000000000000E+0000,Fuzzy match
4,16,57,16,6,10, 0.00000000000000E+0000, 0.00000000000000E+0000,Excluded
4,16,59,16,5,11, 0.00000000000000E+0000, 0.00000000000000E+0000,Excluded
4,16,6,16,5,11, 0.00000000000000E+0000, 0.00000000000000E+0000,Excluded
4,16,60,16,3,13, 0.00000000000000E+0000, 0.00000000000000E+0000,Excluded
4,16,61,16,5,11, 0.00000000000000E+0000, 0.00000000000000E+0000,Excluded
4,16,62,16,4,12, 0.00000000000000E+0000, 0.00000000000000E+0000,Excluded
4,16,65,16,3,13, 0.00000000000000E+0000, 0.00000000000000E+0000,Excluded
4,16,73,16,3,13, 0.00000000000000E+0000, 0.00000000000000E+0000,Excluded
4,16,75,16,1,15, 0.00000000000000E+0000, 0.00000000000000E+0000,Excluded
4,16,76,16,6,10, 0.00000000000000E+0000, 0.00000000000000E+0000,Excluded
4,16,77,16,3,13, 0.00000000000000E+0000, 0.00000000000000E+0000,Excluded
4,16,78,16,3,13, 0.00000000000000E+0000, 0.00000000000000E+0000,Excluded
4,16,79,16,2,14, 0.00000000000000E+0000, 0.00000000000000E+0000,Excluded
4,16,8,16,5,11, 0.00000000000000E+0000, 0.00000000000000E+0000,Excluded
4,16,84,16,3,13, 0.00000000000000E+0000, 0.00000000000000E+0000,Excluded
4,16,85,16,3,13, 0.00000000000000E+0000, 0.00000000000000E+0000,Excluded
4,16,86,16,3,13, 0.00000000000000E+0000, 0.00000000000000E+0000,Excluded
4,16,89,16,3,13, 0.00000000000000E+0000, 0.00000000000000E+0000,Excluded
4,16,94,16,5,11, 0.00000000000000E+0000, 0.00000000000000E+0000,Excluded
4,16,95,16,4,12, 0.00000000000000E+0000, 0.00000000000000E+0000,Excluded
4,16,96,16,3,13, 0.00000000000000E+0000, 0.00000000000000E+0000,Excluded
4,16,98,16,4,12, 0.00000000000000E+0000, 0.00000000000000E+0000,Excluded
400,13,401,16,1,12, 0.00000000000000E+0000, 0.00000000000000E+0000,Excluded
400,13,406,16,2,11, 0.00000000000000E+0000, 0.00000000000000E+0000,Excluded
400,13,412,15,2,10, 0.00000000000000E+0000, 0.00000000000000E+0000,Excluded
400,13,413,16,4,9, 0.00000000000000E+0000, 0.00000000000000E+0000,Excluded
400,13,421,16,1,12, 0.00000000000000E+0000, 0.00000000000000E+0000,Excluded
400,13,423,16,4,9, 0.00000000000000E+0000, 0.00000000000000E+0000,Excluded
400,13,424,16,4,9, 0.00000000000000E+0000, 0.00000000000000E+0000,Excluded
400,13,426,16,4,9, 0.00000000000000E+0000, 0.00000000000000E+0000,Excluded
400,13,43,16,4,9, 0.00000000000000E+0000, 0.00000000000000E+0000,Excluded
400,13,430,14,3,9, 0.00000000000000E+0000, 0.00000000000000E+0000,Excluded
400,13,435,16,3,10, 0.00000000000000E+0000, 0.00000000000000E+0000,Excluded
400,13,44,16,3,10, 0.00000000000000E+0000, 0.00000000000000E+0000,Excluded
400,13,461,16,2,11, 0.00000000000000E+0000, 0.00000000000000E+0000,Excluded
400,13,476,16,2,11, 0.00000000000000E+0000, 0.00000000000000E+0000,Excluded
400,13,478,16,2,11, 0.00000000000000E+0000, 0.00000000000000E+0000,Excluded
400,13,48,16,1,12, 0.00000000000000E+0000, 0.00000000000000E+0000,Excluded
400,13,484,16,3,10, 0.00000000000000E+0000, 0.00000000000000E+0000,Excluded
400,13,489,16,4,9, 0.00000000000000E+0000, 0.00000000000000E+0000,Excluded
400,13,492,13,4,6, 0.00000000000000E+0000, 0.00000000000000E+0000,Excluded
400,13,493,16,2,11, 0.00000000000000E+0000, 0.00000000000000E+0000,Excluded
400,13,494,16,3,10, 0.00000000000000E+0000, 0.00000000000000E+0000,Excluded
400,13,500,16,3,10, 0.00000000000000E+0000, 0.00000000000000E+0000,Excluded
400,13,504,16,2,11, 0.00000000000000E+0000, 0.00000000000000E+0000,Excluded
400,13,506,16,5,8, 0.00000000000000E+0000, 0.00000000000000E+0000,Excluded
400,13,52,16,3,10, 0.00000000000000E+0000, 0.00000000000000E+0000,Excluded
400,13,55,16,1,12, 0.00000000000000E+0000, 0.00000000000000E+0000,Excluded
400,13,57,16,4,9, 0.00000000000000E+0000, 0.00000000000000E+0000,Excluded
400,13,59,16,3,10, 0.00000000000000E+0000, 0.00000000000000E+0000,Excluded
400,13,6,16,3,10, 0.00000000000000E+0000, 0.00000000000000E+0000,Excluded
400,13,60,16,1,12, 0.00000000000000E+0000, 0.00000000000000E+0000,Excluded
400,13,61,16,3,10, 0.00000000000000E+0000, 0.00000000000000E+0000,Excluded
400,13,62,16,2,11, 0.00000000000000E+0000, 0.00000000000000E+0000,Excluded
400,13,65,16,3,10, 0.00000000000000E+0000, 0.00000000000000E+0000,Excluded
400,13,73,16,2,11, 0.00000000000000E+0000, 0.00000000000000E+0000,Excluded
400,13,75,16,1,12, 0.00000000000000E+0000, 0.00000000000000E+0000,Excluded
400,13,76,16,2,11, 0.00000000000000E+0000, 0.00000000000000E+0000,Excluded
400,13,77,16,3,10, 0.00000000000000E+0000, 0.00000000000000E+0000,Excluded
400,13,78,16,2,11, 0.00000000000000E+0000, 0.00000000000000E+0000,Excluded
400,13,79,16,2,11, 0.00000000000000E+0000, 0.00000000000000E+0000,Excluded
400,13,8,16,3,10, 0.00000000000000E+0000, 0.00000000000000E+0000,Excluded
400,13,84,16,2,11, 0.00000000000000E+0000, 0.00000000000000E+0000,Excluded
400,13,85,16,3,10, 0.00000000000000E+0000, 0.00000000000000E+0000,Excluded
400,13,86,16,2,11, 0.00000000000000E+0000, 0.00000000000000E+0000,Excluded
400,13,89,16,2,11, 0.00000000000000E+0000, 0.00000000000000E+0000,Excluded
400,13,94,16,4,9, 0.00000000000000E+0000, 0.00000000000000E+0000,Excluded
400,13,95,16,3,10, 0.00000000000000E+0000, 0.00000000000000E+0000,Excluded
400,13,96,16,4,9, 0.00000000000000E+0000, 0.00000000000000E+0000,Excluded
400,13,98,16,2,11, 0.00000000000000E+0000, 0.00000000000000E+0000,Excluded
401,16,406,16,6,10, 0.00000000000000E+0000, 0.00000000000000E+0000,Excluded
401,16,412,15,5,10, 0.00000000000000E+0000, 0.00000000000000E+0000,Excluded
401,16,413,16,1,15, 0.00000000000000E+0000, 0.00000000000000E+0000,Excluded
401,16,421,16,2,14, 0.00000000000000E+0000, 0.00000000000000E+0000,Excluded
401,16,423,16,3,13, 0.00000000000000E+0000, 0.00000000000000E+0000,Excluded
401,16,424,16,4,12, 0.00000000000000E+0000, 0.00000000000000E+0000,Excluded
401,16,426,16,2,14, 0.00000000000000E+0000, 0.00000000000000E+0000,Excluded
401,16,43,16,5,11, 0.00000000000000E+0000, 0.00000000000000E+0000,Excluded
401,16,430,14,4,10, 0.00000000000000E+0000, 0.00000000000000E+0000,Excluded
401,16,435,16,1,15, 0.00000000000000E+0000, 0.00000000000000E+0000,Excluded
401,16,44,16,4,12, 0.00000000000000E+0000, 0.00000000000000E+0000,Excluded
401,16,461,16,1,15, 0.00000000000000E+0000, 0.00000000000000E+0000,Excluded
401,16,476,16,5,11, 0.00000000000000E+0000, 0.00000000000000E+0000,Excluded
401,16,478,16,2,14, 0.00000000000000E+0000, 0.00000000000000E+0000,Excluded
401,16,48,16,3,13, 0.00000000000000E+0000, 0.00000000000000E+0000,Excluded
401,16,484,16,2,14, 0.00000000000000E+0000, 0.00000000000000E+0000,Excluded
401,16,489,16,4,12, 0.00000000000000E+0000, 0.00000000000000E+0000,Excluded
401,16,492,13,0,13, 0.00000000000000E+0000, 0.00000000000000E+0000,Excluded
401,16,493,16,2,14, 0.00000000000000E+0000, 0.00000000000000E+0000,Excluded
401,16,494,16,2,14, 0.00000000000000E+0000, 0.00000000000000E+0000,Excluded
401,16,500,16,5,11, 0.00000000000000E+0000, 0.00000000000000E+0000,Excluded
401,16,504,16,3,13, 0.00000000000000E+0000, 0.00000000000000E+0000,Excluded
401,16,506,16,2,14, 0.00000000000000E+0000, 0.00000000000000E+0000,Excluded
401,16,52,16,4,12, 0.00000000000000E+0000, 0.00000000000000E+0000,Excluded
401,16,55,16,5,11, 0.00000000000000E+0000, 0.00000000000000E+0000,Excluded
401,16,57,16,4,12, 0.00000000000000E+0000, 0.00000000000000E+0000,Excluded
401,16,59,16,4,12, 0.00000000000000E+0000, 0.00000000000000E+0000,Excluded
401,16,6,16,5,11, 0.00000000000000E+0000, 0.00000000000000E+0000,Excluded
401,16,60,16,3,13, 0.00000000000000E+0000, 0.00000000000000E+0000,Excluded
401,16,61,16,3,13, 0.00000000000000E+0000, 0.00000000000000E+0000,Excluded
401,16,62,16,6,10, 0.00000000000000E+0000, 0.00000000000000E+0000,Excluded
401,16,65,16,1,15, 0.00000000000000E+0000, 0.00000000000000E+0000,Excluded
401,16,73,16,2,14, 0.00000000000000E+0000, 0.00000000000000E+0000,Excluded
401,16,75,16,2,14, 0.00000000000000E+0000, 0.00000000000000E+0000,Excluded
401,16,76,16,4,12, 0.00000000000000E+0000, 0.00000000000000E+0000,Excluded
401,16,77,16,2,14, 0.00000000000000E+0000, 0.00000000000000E+0000,Excluded
401,16,78,16,4,12, 0.00000000000000E+0000, 0.00000000000000E+0000,Excluded
401,16,79,16,2,14, 0.00000000000000E+0000, 0.00000000000000E+0000,Excluded
401,16,8,16,4,12, 0.00000000000000E+0000, 0.00000000000000E+0000,Excluded
401,16,84,16,3,13, 0.00000000000000E+0000, 0.00000000000000E+0000,Excluded
401,16,85,16,3,13, 0.00000000000000E+0000, 0.00000000000000E+0000,Excluded
401,16,86,16,3,13, 0.00000000000000E+0000, 0.00000000000000E+0000,Excluded
401,16,89,16,3,13, 0.00000000000000E+0000, 0.00000000000000E+0000,Excluded
401,16,94,16,5,11, 0.00000000000000E+0000, 0.00000000000000E+0000,Excluded
401,16,95,16,3,13, 0.00000000000000E+0000, 0.00000000000000E+0000,Excluded
401,16,96,16,6,10, 0.00000000000000E+0000, 0.00000000000000E+0000,Excluded
401,16,98,16,4,12, 0.00000000000000E+0000, 0.00000000000000E+0000,Excluded
406,16,412,15,9,6, 0.00000000000000E+0000, 0.00000000000000E+0000,Excluded
406,16,413,16,1,15, 0.00000000000000E+0000, 0.00000000000000E+0000,Excluded
406,16,421,16,4,12, 0.00000000000000E+0000, 0.00000000000000E+0000,Excluded
406,16,423,16,4,12, 0.00000000000000E+0000, 0.00000000000000E+0000,Excluded
406,16,424,16,7,9, 0.00000000000000E+0000, 0.00000000000000E+0000,Excluded
406,16,426,16,5,11, 0.00000000000000E+0000, 0.00000000000000E+0000,Excluded
406,16,43,16,3,13, 0.00000000000000E+0000, 0.00000000000000E+0000,Excluded
406,16,430,14,4,10, 0.00000000000000E+0000, 0.00000000000000E+0000,Excluded
406,16,435,16,3,13, 0.00000000000000E+0000, 0.00000000000000E+0000,Excluded
406,16,44,16,7,9, 0.00000000000000E+0000, 0.00000000000000E+0000,Excluded
406,16,461,16,3,13, 0.00000000000000E+0000, 0.00000000000000E+0000,Excluded
406,16,476,16,4,12, 0.00000000000000E+0000, 0.00000000000000E+0000,Excluded
406,16,478,16,4,12, 0.00000000000000E+0000, 0.00000000000000E+0000,Excluded
406,16,48,16,4,12, 0.00000000000000E+0000, 0.00000000000000E+0000,Excluded
406,16,484,16,7,9, 0.00000000000000E+0000, 0.00000000000000E+0000,Excluded
406,16,489,16,7,9, 0.00000000000000E+0000, 0.00000000000000E+0000,Excluded
406,16,492,13,1,12, 0.00000000000000E+0000, 0.00000000000000E+0000,Excluded
406,16,493,16,2,14, 0.00000000000000E+0000, 0.00000000000000E+0000,Excluded
406,16,494,16,2,14, 0.00000000000000E+0000, 0.00000000000000E+0000,Excluded
406,16,500,16,4,12, 0.00000000000000E+0000, 0.00000000000000E+0000,Excluded
406,16,504,16,6,10, 0.00000000000000E+0000, 0.00000000000000E+0000,Excluded
406,16,506,16,5,11, 0.00000000000000E+0000, 0.00000000000000E+0000,Excluded
406,16,52,16,3,13, 0.00000000000000E+0000, 0.00000000000000E+0000,Excluded
406,16,55,16,6,10, 0.00000000000000E+0000, 0.00000000000000E+0000,Excluded
406,16,57,16,6,10, 0.00000000000000E+0000, 0.00000000000000E+0000,Excluded
406,16,59,16,4,12, 0.00000000000000E+0000, 0.00000000000000E+0000,Excluded
406,16,6,16,4,12, 0.00000000000000E+0000, 0.00000000000000E+0000,Excluded
406,16,60,16,5,11, 0.00000000000000E+0000, 0.00000000000000E+0000,Excluded
406,16,61,16,3,13, 0.00000000000000E+0000, 0.00000000000000E+0000,Excluded
406,16,62,16,5,11, 0.00000000000000E+0000, 0.00000000000000E+0000,Excluded
406,16,65,16,3,13, 0.00000000000000E+0000, 0.00000000000000E+0000,Excluded
406,16,73,16,5,11, 0.00000000000000E+0000, 0.00000000000000E+0000,Excluded
406,16,75,16,1,15, 0.00000000000000E+0000, 0.00000000000000E+0000,Excluded
406,16,76,16,4,12, 0.00000000000000E+0000, 0.00000000000000E+0000,Excluded
406,16,77,16,4,12, 0.00000000000000E+0000, 0.00000000000000E+0000,Excluded
406,16,78,16,4,12, 0.00000000000000E+0000, 0.00000000000000E+0000,Excluded
406,16,79,16,1,15, 0.00000000000000E+0000, 0.00000000000000E+0000,Excluded
406,16,8,16,4,12, 0.00000000000000E+0000, 0.00000000000000E+0000,Excluded
406,16,84,16,5,11, 0.00000000000000E+0000, 0.00000000000000E+0000,Excluded
406,16,85,16,4,12, 0.00000000000000E+0000, 0.00000000000000E+0000,Excluded
406,16,86,16,3,13, 0.00000000000000E+0000, 0.00000000000000E+0000,Excluded
406,16,89,16,4,12, 0.00000000000000E+0000, 0.00000000000000E+0000,Excluded
406,16,94,16,4,12, 0.00000000000000E+0000, 0.00000000000000E+0000,Excluded
406,16,95,16,5,11, 0.00000000000000E+0000, 0.00000000000000E+0000,Excluded
406,16,96,16,3,13, 0.00000000000000E+0000, 0.00000000000000E+0000,Excluded
406,16,98,16,6,10, 0.00000000000000E+0000, 0.00000000000000E+0000,Excluded
412,15,413,16,3,12, 0.00000000000000E+0000, 0.00000000000000E+0000,Excluded
412,15,421,16,6,9, 0.00000000000000E+0000, 0.00000000000000E+0000,Excluded
412,15,423,16,5,10, 0.00000000000000E+0000, 0.00000000000000E+0000,Excluded
412,15,424,16,7,8, 0.00000000000000E+0000, 0.00000000000000E+0000,Excluded
412,15,426,16,4,11, 0.00000000000000E+0000, 0.00000000000000E+0000,Excluded
412,15,43,16,4,11, 0.00000000000000E+0000, 0.00000000000000E+0000,Excluded
412,15,430,14,5,8, 0.00000000000000E+0000, 0.00000000000000E+0000,Excluded
412,15,435,16,7,8, 0.00000000000000E+0000, 0.00000000000000E+0000,Excluded
412,15,44,16,6,9, 0.00000000000000E+0000, 0.00000000000000E+0000,Excluded
412,15,461,16,4,11, 0.00000000000000E+0000, 0.00000000000000E+0000,Excluded
412,15,476,16,4,11, 0.00000000000000E+0000, 0.00000000000000E+0000,Excluded
412,15,478,16,4,11, 0.00000000000000E+0000, 0.00000000000000E+0000,Excluded
412,15,48,16,3,12, 0.00000000000000E+0000, 0.00000000000000E+0000,Excluded
412,15,484,16,5,10, 0.00000000000000E+0000, 0.00000000000000E+0000,Excluded
412,15,489,16,6,9, 0.00000000000000E+0000, 0.00000000000000E+0000,Excluded
412,15,492,13,2,10, 0.00000000000000E+0000, 0.00000000000000E+0000,Excluded
412,15,493,16,3,12, 0.00000000000000E+0000, 0.00000000000000E+0000,Excluded
412,15,494,16,2,13, 0.00000000000000E+0000, 0.00000000000000E+0000,Excluded
412,15,500,16,4,11, 0.00000000000000E+0000, 0.00000000000000E+0000,Excluded
412,15,504,16,4,11, 0.00000000000000E+0000, 0.00000000000000E+0000,Excluded
412,15,506,16,5,10, 0.00000000000000E+0000, 0.00000000000000E+0000,Excluded
412,15,52,16,4,11, 0.00000000000000E+0000, 0.00000000000000E+0000,Excluded
412,15,55,16,5,10, 0.00000000000000E+0000, 0.00000000000000E+0000,Excluded
412,15,57,16,3,12, 0.00000000000000E+0000, 0.00000000000000E+0000,Excluded
412,15,59,16,3,12, 0.00000000000000E+0000, 0.00000000000000E+0000,Excluded
412,15,6,16,5,10, 0.00000000000000E+0000, 0.00000000000000E+0000,Excluded
412,15,60,16,6,9, 0.00000000000000E+0000, 0.00000000000000E+0000,Excluded
412,15,61,16,5,10, 0.00000000000000E+0000, 0.00000000000000E+0000,Excluded
412,15,62,16,6,9, 0.00000000000000E+0000, 0.00000000000000E+0000,Excluded
412,15,65,16,5,10, 0.00000000000000E+0000, 0.00000000000000E+0000,Excluded
412,15,73,16,5,10, 0.00000000000000E+0000, 0.00000000000000E+0000,Excluded
412,15,75,16,0,15, 0.00000000000000E+0000, 0.00000000000000E+0000,Excluded
412,15,76,16,3,12, 0.00000000000000E+0000, 0.00000000000000E+0000,Excluded
412,15,77,16,3,12, 0.00000000000000E+0000, 0.00000000000000E+0000,Excluded
412,15,78,16,4,11, 0.00000000000000E+0000, 0.00000000000000E+0000,Excluded
412,15,79,16,3,12, 0.00000000000000E+0000, 0.00000000000000E+0000,Excluded
412,15,8,16,5,10, 0.00000000000000E+0000, 0.00000000000000E+0000,Excluded
412,15,84,16,6,9, 0.00000000000000E+0000, 0.00000000000000E+0000,Excluded
412,15,85,16,5,10, 0.00000000000000E+0000, 0.00000000000000E+0000,Excluded
412,15,86,16,5,10, 0.00000000000000E+0000, 0.00000000000000E+0000,Excluded
412,15,89,16,5,10, 0.00000000000000E+0000, 0.00000000000000E+0000,Excluded
412,15,94,16,5,10, 0.00000000000000E+0000, 0.00000000000000E+0000,Excluded
412,15,95,16,5,10, 0.00000000000000E+0000, 0.00000000000000E+0000,Excluded
412,15,96,16,4,11, 0.00000000000000E+0000, 0.00000000000000E+0000,Excluded
412,15,98,16,7,8, 0.00000000000000E+0000, 0.00000000000000E+0000,Excluded
413,16,421,16,3,13, 0.00000000000000E+0000, 0.00000000000000E+0000,Excluded
413,16,423,16,2,14, 0.00000000000000E+0000, 0.00000000000000E+0000,Excluded
413,16,424,16,5,11, 0.00000000000000E+0000, 0.00000000000000E+0000,Excluded
413,16,426,16,4,12, 0.00000000000000E+0000, 0.00000000000000E+0000,Excluded
413,16,43,16,3,13, 0.00000000000000E+0000, 0.00000000000000E+0000,Excluded
413,16,430,14,6,8, 0.00000000000000E+0000, 0.00000000000000E+0000,Excluded
413,16,435,16,5,11, 0.00000000000000E+0000, 0.00000000000000E+0000,Excluded
413,16,44,16,5,11, 0.00000000000000E+0000, 0.00000000000000E+0000,Excluded
413,16,461,16,5,11, 0.00000000000000E+0000, 0.00000000000000E+0000,Excluded
413,16,476,16,2,14, 0.00000000000000E+0000, 0.00000000000000E+0000,Excluded
413,16,478,16,3,13, 0.00000000000000E+0000, 0.00000000000000E+0000,Excluded
413,16,48,16,3,13, 0.00000000000000E+0000, 0.00000000000000E+0000,Excluded
413,16,484,16,3,13, 0.00000000000000E+0000, 0.00000000000000E+0000,Excluded
413,16,489,16,5,11, 0.00000000000000E+0000, 0.00000000000000E+0000,Excluded
413,16,492,13,4,9, 0.00000000000000E+0000, 0.00000000000000E+0000,Excluded
413,16,493,16,2,14, 0.00000000000000E+0000, 0.00000000000000E+0000,Excluded
413,16,494,16,3,13, 0.00000000000000E+0000, 0.00000000000000E+0000,Excluded
413,16,500,16,1,15, 0.00000000000000E+0000, 0.00000000000000E+0000,Excluded
413,16,504,16,3,13, 0.00000000000000E+0000, 0.00000000000000E+0000,Excluded
413,16,506,16,5,11, 0.00000000000000E+0000, 0.00000000000000E+0000,Excluded
413,16,52,16,3,13, 0.00000000000000E+0000, 0.00000000000000E+0000,Excluded
413,16,55,16,2,14, 0.00000000000000E+0000, 0.00000000000000E+0000,Excluded
413,16,57,16,4,12, 0.00000000000000E+0000, 0.00000000000000E+0000,Excluded
413,16,59,16,2,14, 0.00000000000000E+0000, 0.00000000000000E+0000,Excluded
413,16,6,16,3,13, 0.00000000000000E+0000, 0.00000000000000E+0000,Excluded
413,16,60,16,1,15, 0.00000000000000E+0000, 0.00000000000000E+0000,Excluded
413,16,61,16,6,10, 0.00000000000000E+0000, 0.00000000000000E+0000,Excluded
413,16,62,16,3,13, 0.00000000000000E+0000, 0.00000000000000E+0000,Excluded
413,16,65,16,2,14, 0.00000000000000E+0000, 0.00000000000000E+0000,Excluded
413,16,73,16,5,11, 0.00000000000000E+0000, 0.00000000000000E+0000,Excluded
413,16,75,16,2,14, 0.00000000000000E+0000, 0.00000000000000E+0000,Excluded
413,16,76,16,2,14, 0.00000000000000E+0000, 0.00000000000000E+0000,Excluded
413,16,77,16,3,13, 0.00000000000000E+0000, 0.00000000000000E+0000,Excluded
413,16,78,16,4,12, 0.00000000000000E+0000, 0.00000000000000E+0000,Excluded
413,16,79,16,3,13, 0.00000000000000E+0000, 0.00000000000000E+0000,Excluded
413,16,8,16,3,13, 0.00000000000000E+0000, 0.00000000000000E+0000,Excluded
413,16,84,16,3,13, 0.00000000000000E+0000, 0.00000000000000E+0000,Excluded
413,16,85,16,3,13, 0.00000000000000E+0000, 0.00000000000000E+0000,Excluded
413,16,86,16,5,11, 0.00000000000000E+0000, 0.00000000000000E+0000,Excluded
413,16,89,16,4,12, 0.00000000000000E+0000, 0.00000000000000E+0000,Excluded
413,16,94,16,5,11, 0.00000000000000E+0000, 0.00000000000000E+0000,Excluded
413,16,95,16,3,13, 0.00000000000000E+0000, 0.00000000000000E+0000,Excluded
413,16,96,16,6,10, 0.00000000000000E+0000, 0.00000000000000E+0000,Excluded
413,16,98,16,4,12, 0.00000000000000E+0000, 0.00000000000000E+0000,Excluded
421,16,423,16,7,9, 0.00000000000000E+0000, 0.00000000000000E+0000,Excluded
421,16,424,16,4,12, 0.00000000000000E+0000, 0.00000000000000E+0000,Excluded
421,16,426,16,3,13, 0.00000000000000E+0000, 0.00000000000000E+0000,Excluded
421,16,43,16,3,13, 0.00000000000000E+0000, 0.00000000000000E+0000,Excluded
421,16,430,14,3,11, 0.00000000000000E+0000, 0.00000000000000E+0000,Excluded
421,16,435,16,5,11, 0.00000000000000E+0000, 0.00000000000000E+0000,Excluded
421,16,44,16,5,11, 0.00000000000000E+0000, 0.00000000000000E+0000,Excluded
421,16,461,16,5,11, 0.00000000000000E+0000, 0.00000000000000E+0000,Excluded
421,16,476,16,2,14, 0.00000000000000E+0000, 0.00000000000000E+0000,Excluded
421,16,478,16,3,13, 0.00000000000000E+0000, 0.00000000000000E+0000,Excluded
421,16,48,16,3,13, 0.00000000000000E+0000, 0.00000000000000E+0000,Excluded
421,16,484,16,3,13, 0.00000000000000E+0000, 0.00000000000000E+0000,Excluded
421,16,489,16,6,10, 0.00000000000000E+0000, 0.00000000000000E+0000,Excluded
421,16,492,13,1,12, 0.00000000000000E+0000, 0.00000000000000E+0000,Excluded
421,16,493,16,2,14, 0.00000000000000E+0000, 0.00000000000000E+0000,Excluded
421,16,494,16,1,15, 0.00000000000000E+0000, 0.00000000000000E+0000,Excluded
421,16,500,16,2,14, 0.00000000000000E+0000, 0.00000000000000E+0000,Excluded
421,16,504,16,4,12, 0.00000000000000E+0000, 0.00000000000000E+0000,Excluded
421,16,506,16,3,13, 0.00000000000000E+0000, 0.00000000000000E+0000,Excluded
421,16,52,16,4,12, 0.00000000000000E+0000, 0.00000000000000E+0000,Excluded
421,16,55,16,3,13, 0.00000000000000E+0000, 0.00000000000000E+0000,Excluded
421,16,57,16,2,14, 0.00000000000000E+0000, 0.00000000000000E+0000,Excluded
421,16,59,16,2,14, 0.00000000000000E+0000, 0.00000000000000E+0000,Excluded
421,16,6,16,4,12, 0.00000000000000E+0000, 0.00000000000000E+0000,Excluded
421,16,60,16,5,11, 0.00000000000000E+0000, 0.00000000000000E+0000,Excluded
421,16,61,16,4,12, 0.00000000000000E+0000, 0.00000000000000E+0000,Excluded
421,16,62,16,5,11, 0.00000000000000E+0000, 0.00000000000000E+0000,Excluded
421,16,65,16,4,12, 0.00000000000000E+0000, 0.00000000000000E+0000,Excluded
421,16,73,16,5,11, 0.00000000000000E+0000, 0.00000000000000E+0000,Excluded
421,16,75,16,1,15, 0.00000000000000E+0000, 0.00000000000000E+0000,Excluded
421,16,76,16,4,12, 0.00000000000000E+0000, 0.00000000000000E+0000,Excluded
421,16,77,16,3,13, 0.00000000000000E+0000, 0.00000000000000E+0000,Excluded
421,16,78,16,3,13, 0.00000000000000E+0000, 0.00000000000000E+0000,Excluded
421,16,79,16,2,14, 0.00000000000000E+0000, 0.00000000000000E+0000,Excluded
421,16,8,16,5,11, 0.00000000000000E+0000, 0.00000000000000E+0000,Excluded
421,16,84,16,6,10, 0.00000000000000E+0000, 0.00000000000000E+0000,Excluded
421,16,85,16,3,13, 0.00000000000000E+0000, 0.00000000000000E+0000,Excluded
421,16,86,16,4,12, 0.00000000000000E+0000, 0.00000000000000E+0000,Excluded
421,16,89,16,5,11, 0.00000000000000E+0000, 0.00000000000000E+0000,Excluded
421,16,94,16,4,12, 0.00000000000000E+0000, 0.00000000000000E+0000,Excluded
421,16,95,16,3,13, 0.00000000000000E+0000, 0.00000000000000E+0000,Excluded
421,16,96,16,3,13, 0.00000000000000E+0000, 0.00000000000000E+0000,Excluded
421,16,98,16,3,13, 0.00000000000000E+0000, 0.00000000000000E+0000,Excluded
423,16,424,16,3,13, 0.00000000000000E+0000, 0.00000000000000E+0000,Excluded
423,16,426,16,3,13, 0.00000000000000E+0000, 0.00000000000000E+0000,Excluded
423,16,43,16,3,13, 0.00000000000000E+0000, 0.00000000000000E+0000,Excluded
423,16,430,14,3,11, 0.00000000000000E+0000, 0.00000000000000E+0000,Excluded
423,16,435,16,3,13, 0.00000000000000E+0000, 0.00000000000000E+0000,Excluded
423,16,44,16,6,10, 0.00000000000000E+0000, 0.00000000000000E+0000,Excluded
423,16,461,16,4,12, 0.00000000000000E+0000, 0.00000000000000E+0000,Excluded
423,16,476,16,2,14, 0.00000000000000E+0000, 0.00000000000000E+0000,Excluded
423,16,478,16,3,13, 0.00000000000000E+0000, 0.00000000000000E+0000,Excluded
423,16,48,16,2,14, 0.00000000000000E+0000, 0.00000000000000E+0000,Excluded
423,16,484,16,3,13, 0.00000000000000E+0000, 0.00000000000000E+0000,Excluded
423,16,489,16,7,9, 0.00000000000000E+0000, 0.00000000000000E+0000,Excluded
423,16,492,13,2,11, 0.00000000000000E+0000, 0.00000000000000E+0000,Excluded
423,16,493,16,3,13, 0.00000000000000E+0000, 0.00000000000000E+0000,Excluded
423,16,494,16,2,14, 0.00000000000000E+0000, 0.00000000000000E+0000,Excluded
423,16,500,16,4,12, 0.00000000000000E+0000, 0.00000000000000E+0000,Excluded
423,16,504,16,4,12, 0.00000000000000E+0000, 0.00000000000000E+0000,Excluded
423,16,506,16,3,13, 0.00000000000000E+0000, 0.00000000000000E+0000,Excluded
423,16,52,16,5,11, 0.00000000000000E+0000, 0.00000000000000E+0000,Excluded
423,16,55,16,3,13, 0.00000000000000E+0000, 0.00000000000000E+0000,Excluded
423,16,57,16,2,14, 0.00000000000000E+0000, 0.00000000000000E+0000,Excluded
423,16,59,16,4,12, 0.00000000000000E+0000, 0.00000000000000E+0000,Excluded
423,16,6,16,3,13, 0.00000000000000E+0000, 0.00000000000000E+0000,Excluded
423,16,60,16,3,13, 0.00000000000000E+0000, 0.00000000000000E+0000,Excluded
423,16,61,16,4,12, 0.00000000000000E+0000, 0.00000000000000E+0000,Excluded
423,16,62,16,5,11, 0.00000000000000E+0000, 0.00000000000000E+0000,Excluded
423,16,65,16,4,12, 0.00000000000000E+0000, 0.00000000000000E+0000,Excluded
423,16,73,16,4,12, 0.00000000000000E+0000, 0.00000000000000E+0000,Excluded
423,16,75,16,2,14, 0.00000000000000E+0000, 0.00000000000000E+0000,Excluded
423,16,76,16,2,14, 0.00000000000000E+0000, 0.00000000000000E+0000,Excluded
423,16,77,16,1,15, 0.00000000000000E+0000, 0.00000000000000E+0000,Excluded
423,16,78,16,1,15, 0.00000000000000E+0000, 0.00000000000000E+0000,Excluded
423,16,79,16,0,16, 0.00000000000000E+0000, 0.00000000000000E+0000,Excluded
423,16,8,16,3,13, 0.00000000000000E+0000, 0.00000000000000E+0000,Excluded
423,16,84,16,6,10, 0.00000000000000E+0000, 0.00000000000000E+0000,Excluded
423,16,85,16,7,9, 0.00000000000000E+0000, 0.00000000000000E+0000,Excluded
423,16,86,16,3,13, 0.00000000000000E+0000, 0.00000000000000E+0000,Excluded
423,16,89,16,3,13, 0.00000000000000E+0000, 0.00000000000000E+0000,Excluded
423,16,94,16,3,13, 0.00000000000000E+0000, 0.00000000000000E+0000,Excluded
423,16,95,16,3,13, 0.00000000000000E+0000, 0.00000000000000E+0000,Excluded
423,16,96,16,4,12, 0.00000000000000E+0000, 0.00000000000000E+0000,Excluded
423,16,98,16,3,13, 0.00000000000000E+0000, 0.00000000000000E+0000,Excluded
424,16,426,16,7,9, 0.00000000000000E+0000, 0.00000000000000E+0000,Excluded
424,16,43,16,4,12, 0.00000000000000E+0000, 0.00000000000000E+0000,Excluded
424,16,430,14,6,8, 0.00000000000000E+0000, 0.00000000000000E+0000,Excluded
424,16,435,16,5,11, 0.00000000000000E+0000, 0.00000000000000E+0000,Excluded
424,16,44,16,4,12, 0.00000000000000E+0000, 0.00000000000000E+0000,Excluded
424,16,461,16,2,14, 0.00000000000000E+0000, 0.00000000000000E+0000,Excluded
424,16,476,16,3,13, 0.00000000000000E+0000, 0.00000000000000E+0000,Excluded
424,16,478,16,5,11, 0.00000000000000E+0000, 0.00000000000000E+0000,Excluded
424,16,48,16,4,12, 0.00000000000000E+0000, 0.00000000000000E+0000,Excluded
424,16,484,16,6,10, 0.00000000000000E+0000, 0.00000000000000E+0000,Excluded
424,16,489,16,7,9, 0.00000000000000E+0000, 0.00000000000000E+0000,Excluded
424,16,492,13,4,9, 0.00000000000000E+0000, 0.00000000000000E+0000,Excluded
424,16,493,16,4,12, 0.00000000000000E+0000, 0.00000000000000E+0000,Excluded
424,16,494,16,3,13, 0.00000000000000E+0000, 0.00000000000000E+0000,Excluded
424,16,500,16,3,13, 0.00000000000000E+0000, 0.00000000000000E+0000,Excluded
424,16,504,16,5,11, 0.00000000000000E+0000, 0.00000000000000E+0000,Excluded
424,16,506,16,6,10, 0.00000000000000E+0000, 0.00000000000000E+0000,Excluded
424,16,52,16,4,12, 0.00000000000000E+0000, 0.00000000000000E+0000,Excluded
424,16,55,16,4,12, 0.00000000000000E+0000, 0.00000000000000E+0000,Excluded
424,16,57,16,7,9, 0.00000000000000E+0000, 0.00000000000000E+0000,Excluded
424,16,59,16,4,12, 0.00000000000000E+0000, 0.00000000000000E+0000,Excluded
424,16,6,16,7,9, 0.00000000000000E+0000, 0.00000000000000E+0000,Excluded
424,16,60,16,3,13, 0.00000000000000E+0000, 0.00000000000000E+0000,Excluded
424,16,61,16,5,11, 0.00000000000000E+0000, 0.00000000000000E+0000,Excluded
424,16,62,16,6,10, 0.00000000000000E+0000, 0.00000000000000E+0000,Excluded
424,16,65,16,3,13, 0.00000000000000E+0000, 0.00000000000000E+0000,Excluded
424,16,73,16,7,9, 0.00000000000000E+0000, 0.00000000000000E+0000,Excluded
424,16,75,16,1,15, 0.00000000000000E+0000, 0.00000000000000E+0000,Excluded
424,16,76,16,3,13, 0.00000000000000E+0000, 0.00000000000000E+0000,Excluded
424,16,77,16,3,13, 0.00000000000000E+0000, 0.00000000000000E+0000,Excluded
424,16,78,16,5,11, 0.00000000000000E+0000, 0.00000000000000E+0000,Excluded
424,16,79,16,4,12, 0.00000000000000E+0000, 0.00000000000000E+0000,Excluded
424,16,8,16,4,12, 0.00000000000000E+0000, 0.00000000000000E+0000,Excluded
424,16,84,16,5,11, 0.00000000000000E+0000, 0.00000000000000E+0000,Excluded
424,16,85,16,2,14, 0.00000000000000E+0000, 0.00000000000000E+0000,Excluded
424,16,86,16,3,13, 0.00000000000000E+0000, 0.00000000000000E+0000,Excluded
424,16,89,16,7,9, 0.00000000000000E+0000, 0.00000000000000E+0000,Excluded
424,16,94,16,6,10, 0.00000000000000E+0000, 0.00000000000000E+0000,Excluded
424,16,95,16,5,11, 0.00000000000000E+0000, 0.00000000000000E+0000,Excluded
424,16,96,16,4,12, 0.00000000000000E+0000, 0.00000000000000E+0000,Excluded
424,16,98,16,2,14, 0.00000000000000E+0000, 0.00000000000000E+0000,Excluded
426,16,43,16,4,12, 0.00000000000000E+0000, 0.00000000000000E+0000,Excluded
426,16,430,14,6,8, 0.00000000000000E+0000, 0.00000000000000E+0000,Excluded
426,16,435,16,3,13, 0.00000000000000E+0000, 0.00000000000000E+0000,Excluded
426,16,44,16,4,12, 0.00000000000000E+0000, 0.00000000000000E+0000,Excluded
426,16,461,16,5,11, 0.00000000000000E+0000, 0.00000000000000E+0000,Excluded
426,16,476,16,4,12, 0.00000000000000E+0000, 0.00000000000000E+0000,Excluded
426,16,478,16,6,10, 0.00000000000000E+0000, 0.00000000000000E+0000,Excluded
426,16,48,16,6,10, 0.00000000000000E+0000, 0.00000000000000E+0000,Excluded
426,16,484,16,5,11, 0.00000000000000E+0000, 0.00000000000000E+0000,Excluded
426,16,489,16,5,11, 0.00000000000000E+0000, 0.00000000000000E+0000,Excluded
426,16,492,13,5,8, 0.00000000000000E+0000, 0.00000000000000E+0000,Excluded
426,16,493,16,2,14, 0.00000000000000E+0000, 0.00000000000000E+0000,Excluded
426,16,494,16,1,15, 0.00000000000000E+0000, 0.00000000000000E+0000,Excluded
426,16,500,16,3,13, 0.00000000000000E+0000, 0.00000000000000E+0000,Excluded
426,16,504,16,5,11, 0.00000000000000E+0000, 0.00000000000000E+0000,Excluded
426,16,506,16,6,10, 0.00000000000000E+0000, 0.00000000000000E+0000,Excluded
426,16,52,16,5,11, 0.00000000000000E+0000, 0.00000000000000E+0000,Excluded
426,16,55,16,3,13, 0.00000000000000E+0000, 0.00000000000000E+0000,Excluded
426,16,57,16,7,9, 0.00000000000000E+0000, 0.00000000000000E+0000,Excluded
426,16,59,16,4,12, 0.00000000000000E+0000, 0.00000000000000E+0000,Excluded
426,16,6,16,5,11, 0.00000000000000E+0000, 0.00000000000000E+0000,Excluded
426,16,60,16,4,12, 0.00000000000000E+0000, 0.00000000000000E+0000,Excluded
426,16,61,16,4,12, 0.00000000000000E+0000, 0.00000000000000E+0000,Excluded
426,16,62,16,6,10, 0.00000000000000E+0000, 0.00000000000000E+0000,Excluded
426,16,65,16,3,13, 0.00000000000000E+0000, 0.00000000000000E+0000,Excluded
426,16,73,16,5,11, 0.00000000000000E+0000, 0.00000000000000E+0000,Excluded
426,16,75,16,3,13, 0.00000000000000E+0000, 0.00000000000000E+0000,Excluded
426,16,76,16,1,15, 0.00000000000000E+0000, 0.00000000000000E+0000,Excluded
426,16,77,16,5,11, 0.00000000000000E+0000, 0.00000000000000E+0000,Excluded
426,16,78,16,2,14, 0.00000000000000E+0000, 0.00000000000000E+0000,Excluded
426,16,79,16,1,15, 0.00000000000000E+0000, 0.00000000000000E+0000,Excluded
426,16,8,16,5,11, 0.00000000000000E+0000, 0.00000000000000E+0000,Excluded
426,16,84,16,7,9, 0.00000000000000E+0000, 0.00000000000000E+0000,Excluded
426,16,85,16,3,13, 0.00000000000000E+0000, 0.00000000000000E+0000,Excluded
426,16,86,16,3,13, 0.00000000000000E+0000, 0.00000000000000E+0000,Excluded
426,16,89,16,9,7, 0.00000000000000E+0000, 0.00000000000000E+0000,Excluded
426,16,94,16,5,11, 0.00000000000000E+0000, 0.00000000000000E+0000,Excluded
426,16,95,16,5,11, 0.00000000000000E+0000, 0.00000000000000E+0000,Excluded
426,16,96,16,6,10, 0.00000000000000E+0000, 0.00000000000000E+0000,Excluded
426,16,98,16,4,12, 0.00000000000000E+0000, 0.00000000000000E+0000,Excluded
43,16,430,14,6,8, 0.00000000000000E+0000, 0.00000000000000E+0000,Excluded
43,16,435,16,2,14, 0.00000000000000E+0000, 0.00000000000000E+0000,Excluded
43,16,44,16,5,11, 0.00000000000000E+0000, 0.00000000000000E+0000,Excluded
43,16,461,16,3,13, 0.00000000000000E+0000, 0.00000000000000E+0000,Excluded
43,16,476,16,3,13, 0.00000000000000E+0000, 0.00000000000000E+0000,Excluded
43,16,478,16,5,11, 0.00000000000000E+0000, 0.00000000000000E+0000,Excluded
43,16,48,16,4,12, 0.00000000000000E+0000, 0.00000000000000E+0000,Excluded
43,16,484,16,3,13, 0.00000000000000E+0000, 0.00000000000000E+0000,Excluded
43,16,489,16,4,12, 0.00000000000000E+0000, 0.00000000000000E+0000,Excluded
43,16,492,13,2,11, 0.00000000000000E+0000, 0.00000000000000E+0000,Excluded
43,16,493,16,5,11, 0.00000000000000E+0000, 0.00000000000000E+0000,Excluded
43,16,494,16,3,13, 0.00000000000000E+0000, 0.00000000000000E+0000,Excluded
43,16,500,16,2,14, 0.00000000000000E+0000, 0.00000000000000E+0000,Excluded
43,16,504,16,3,13, 0.00000000000000E+0000, 0.00000000000000E+0000,Excluded
43,16,506,16,3,13, 0.00000000000000E+0000, 0.00000000000000E+0000,Excluded
43,16,52,16,5,11, 0.00000000000000E+0000, 0.00000000000000E+0000,Excluded
43,16,55,16,6,10, 0.00000000000000E+0000, 0.00000000000000E+0000,Excluded
43,16,57,16,4,12, 0.00000000000000E+0000, 0.00000000000000E+0000,Excluded
43,16,59,16,3,13, 0.00000000000000E+0000, 0.00000000000000E+0000,Excluded
43,16,6,16,4,12, 0.00000000000000E+0000, 0.00000000000000E+0000,Excluded
43,16,60,16,5,11, 0.00000000000000E+0000, 0.00000000000000E+0000,Excluded
43,16,61,16,4,12, 0.00000000000000E+0000, 0.00000000000000E+0000,Excluded
43,16,62,16,7,9, 0.00000000000000E+0000, 0.00000000000000E+0000,Excluded
43,16,65,16,4,12, 0.00000000000000E+0000, 0.00000000000000E+0000,Excluded
43,16,73,16,2,14, 0.00000000000000E+0000, 0.00000000000000E+0000,Excluded
43,16,75,16,1,15, 0.00000000000000E+0000, 0.00000000000000E+0000,Excluded
43,16,76,16,4,12, 0.00000000000000E+0000, 0.00000000000000E+0000,Excluded
43,16,77,16,3,13, 0.00000000000000E+0000, 0.00000000000000E+0000,Excluded
43,16,78,16,3,13, 0.00000000000000E+0000, 0.00000000000000E+0000,Excluded
43,16,79,16,1,15, 0.00000000000000E+0000, 0.00000000000000E+0000,Excluded
43,16,8,16,4,12, 0.00000000000000E+0000, 0.00000000000000E+0000,Excluded
43,16,84,16,4,12, 0.00000000000000E+0000, 0.00000000000000E+0000,Excluded
43,16,85,16,3,13, 0.00000000000000E+0000, 0.00000000000000E+0000,Excluded
43,16,86,16,4,12, 0.00000000000000E+0000, 0.00000000000000E+0000,Excluded
43,16,89,16,3,13, 0.00000000000000E+0000, 0.00000000000000E+0000,Excluded
43,16,94,16,8,8, 0.00000000000000E+0000, 0.00000000000000E+0000,Excluded
43,16,95,16,4,12, 0.00000000000000E+0000, 0.00000000000000E+0000,Excluded
43,16,96,16,5,11, 0.00000000000000E+0000, 0.00000000000000E+0000,Excluded
43,16,98,16,4,12, 0.00000000000000E+0000, 0.00000000000000E+0000,Excluded
430,14,435,16,4,10, 0.00000000000000E+0000, 0.00000000000000E+0000,Excluded
430,14,44,16,4,10, 0.00000000000000E+0000, 0.00000000000000E+0000,Excluded
430,14,461,16,2,12, 0.00000000000000E+0000, 0.00000000000000E+0000,Excluded
430,14,476,16,4,10, 0.00000000000000E+0000, 0.00000000000000E+0000,Excluded
430,14,478,16,5,9, 0.00000000000000E+0000, 0.00000000000000E+0000,Excluded
430,14,48,16,4,10, 0.00000000000000E+0000, 0.00000000000000E+0000,Excluded
430,14,484,16,2,12, 0.00000000000000E+0000, 0.00000000000000E+0000,Excluded
430,14,489,16,6,8, 0.00000000000000E+0000, 0.00000000000000E+0000,Excluded
430,14,492,13,3,9, 0.00000000000000E+0000, 0.00000000000000E+0000,Excluded
430,14,493,16,3,11, 0.00000000000000E+0000, 0.00000000000000E+0000,Excluded
430,14,494,16,2,12, 0.00000000000000E+0000, 0.00000000000000E+0000,Excluded
430,14,500,16,3,11, 0.00000000000000E+0000, 0.00000000000000E+0000,Excluded
430,14,504,16,5,9, 0.00000000000000E+0000, 0.00000000000000E+0000,Excluded
430,14,506,16,5,9, 0.00000000000000E+0000, 0.00000000000000E+0000,Excluded
430,14,52,16,3,11, 0.00000000000000E+0000, 0.00000000000000E+0000,Excluded
430,14,55,16,6,8, 0.00000000000000E+0000, 0.00000000000000E+0000,Excluded
430,14,57,16,6,8, 0.00000000000000E+0000, 0.00000000000000E+0000,Excluded
430,14,59,16,3,11, 0.00000000000000E+0000, 0.00000000000000E+0000,Excluded
430,14,6,16,5,9, 0.00000000000000E+0000, 0.00000000000000E+0000,Excluded
430,14,60,16,5,9, 0.00000000000000E+0000, 0.00000000000000E+0000,Excluded
430,14,61,16,9,5, 0.00000000000000E+0000, 0.00000000000000E+0000,Excluded
430,14,62,16,4,10, 0.00000000000000E+0000, 0.00000000000000E+0000,Excluded
430,14,65,16,3,11, 0.00000000000000E+0000, 0.00000000000000E+0000,Excluded
430,14,73,16,6,8, 0.00000000000000E+0000, 0.00000000000000E+0000,Excluded
430,14,75,16,2,12, 0.00000000000000E+0000, 0.00000000000000E+0000,Excluded
430,14,76,16,3,11, 0.00000000000000E+0000, 0.00000000000000E+0000,Excluded
430,14,77,16,4,10, 0.00000000000000E+0000, 0.00000000000000E+0000,Excluded
430,14,78,16,4,10, 0.00000000000000E+0000, 0.00000000000000E+0000,Excluded
430,14,79,16,2,12, 0.00000000000000E+0000, 0.00000000000000E+0000,Excluded
430,14,8,16,4,10, 0.00000000000000E+0000, 0.00000000000000E+0000,Excluded
430,14,84,16,7,7, 0.00000000000000E+0000, 0.00000000000000E+0000,Excluded
430,14,85,16,4,10, 0.00000000000000E+0000, 0.00000000000000E+0000,Excluded
430,14,86,16,6,8, 0.00000000000000E+0000, 0.00000000000000E+0000,Excluded
430,14,89,16,8,6, 0.00000000000000E+0000, 0.00000000000000E+0000,Excluded
430,14,94,16,7,7, 0.00000000000000E+0000, 0.00000000000000E+0000,Excluded
430,14,95,16,4,10, 0.00000000000000E+0000, 0.00000000000000E+0000,Excluded
430,14,96,16,5,9, 0.00000000000000E+0000, 0.00000000000000E+0000,Excluded
430,14,98,16,4,10, 0.00000000000000E+0000, 0.00000000000000E+0000,Excluded
435,16,44,16,3,13, 0.00000000000000E+0000, 0.00000000000000E+0000,Excluded
435,16,461,16,4,12, 0.00000000000000E+0000, 0.00000000000000E+0000,Excluded
435,16,476,16,1,15, 0.00000000000000E+0000, 0.00000000000000E+0000,Excluded
435,16,478,16,4,12, 0.00000000000000E+0000, 0.00000000000000E+0000,Excluded
435,16,48,16,2,14, 0.00000000000000E+0000, 0.00000000000000E+0000,Excluded
435,16,484,16,4,12, 0.00000000000000E+0000, 0.00000000000000E+0000,Excluded
435,16,489,16,6,10, 0.00000000000000E+0000, 0.00000000000000E+0000,Excluded
435,16,492,13,1,12, 0.00000000000000E+0000, 0.00000000000000E+0000,Excluded
435,16,493,16,1,15, 0.00000000000000E+0000, 0.00000000000000E+0000,Excluded
435,16,494,16,3,13, 0.00000000000000E+0000, 0.00000000000000E+0000,Excluded
435,16,500,16,2,14, 0.00000000000000E+0000, 0.00000000000000E+0000,Excluded
435,16,504,16,2,14, 0.00000000000000E+0000, 0.00000000000000E+0000,Excluded
435,16,506,16,3,13, 0.00000000000000E+0000, 0.00000000000000E+0000,Excluded
435,16,52,16,3,13, 0.00000000000000E+0000, 0.00000000000000E+0000,Excluded
435,16,55,16,2,14, 0.00000000000000E+0000, 0.00000000000000E+0000,Excluded
435,16,57,16,3,13, 0.00000000000000E+0000, 0.00000000000000E+0000,Excluded
435,16,59,16,2,14, 0.00000000000000E+0000, 0.00000000000000E+0000,Excluded
435,16,6,16,3,13, 0.00000000000000E+0000, 0.00000000000000E+0000,Excluded
435,16,60,16,2,14, 0.00000000000000E+0000, 0.00000000000000E+0000,Excluded
435,16,61,16,6,10, 0.00000000000000E+0000, 0.00000000000000E+0000,Excluded
435,16,62,16,4,12, 0.00000000000000E+0000, 0.00000000000000E+0000,Excluded
435,16,65,16,3,13, 0.00000000000000E+0000, 0.00000000000000E+0000,Excluded
435,16,73,16,4,12, 0.00000000000000E+0000, 0.00000000000000E+0000,Excluded
435,16,75,16,1,15, 0.00000000000000E+0000, 0.00000000000000E+0000,Excluded
435,16,76,16,5,11, 0.00000000000000E+0000, 0.00000000000000E+0000,Excluded
435,16,77,16,4,12, 0.00000000000000E+0000, 0.00000000000000E+0000,Excluded
435,16,78,16,4,12, 0.00000000000000E+0000, 0.00000000000000E+0000,Excluded
435,16,79,16,5,11, 0.00000000000000E+0000, 0.00000000000000E+0000,Excluded
435,16,8,16,3,13, 0.00000000000000E+0000, 0.00000000000000E+0000,Excluded
435,16,84,16,4,12, 0.00000000000000E+0000, 0.00000000000000E+0000,Excluded
435,16,85,16,4,12, 0.00000000000000E+0000, 0.00000000000000E+0000,Excluded
435,16,86,16,3,13, 0.00000000000000E+0000, 0.00000000000000E+0000,Excluded
435,16,89,16,4,12, 0.00000000000000E+0000, 0.00000000000000E+0000,Excluded
435,16,94,16,5,11, 0.00000000000000E+0000, 0.00000000000000E+0000,Excluded
435,16,95,16,4,12, 0.00000000000000E+0000, 0.00000000000000E+0000,Excluded
435,16,96,16,2,14, 0.00000000000000E+0000, 0.00000000000000E+0000,Excluded
435,16,98,16,4,12, 0.00000000000000E+0000, 0.00000000000000E+0000,Excluded
44,16,461,16,4,12, 0.00000000000000E+0000, 0.00000000000000E+0000,Excluded
44,16,476,16,5,11, 0.00000000000000E+0000, 0.00000000000000E+0000,Excluded
44,16,478,16,6,10, 0.00000000000000E+0000, 0.00000000000000E+0000,Excluded
44,16,48,16,4,12, 0.00000000000000E+0000, 0.00000000000000E+0000,Excluded
44,16,484,16,4,12, 0.00000000000000E+0000, 0.00000000000000E+0000,Excluded
44,16,489,16,8,8, 0.00000000000000E+0000, 0.00000000000000E+0000,Excluded
44,16,492,13,2,11, 0.00000000000000E+0000, 0.00000000000000E+0000,Excluded
44,16,493,16,3,13, 0.00000000000000E+0000, 0.00000000000000E+0000,Excluded
44,16,494,16,2,14, 0.00000000000000E+0000, 0.00000000000000E+0000,Excluded
44,16,500,16,3,13, 0.00000000000000E+0000, 0.00000000000000E+0000,Excluded
44,16,504,16,3,13, 0.00000000000000E+0000, 0.00000000000000E+0000,Excluded
44,16,506,16,5,11, 0.00000000000000E+0000, 0.00000000000000E+0000,Excluded
44,16,52,16,4,12, 0.00000000000000E+0000, 0.00000000000000E+0000,Excluded
44,16,55,16,5,11, 0.00000000000000E+0000, 0.00000000000000E+0000,Excluded
44,16,57,16,5,11, 0.00000000000000E+0000, 0.00000000000000E+0000,Excluded
44,16,59,16,4,12, 0.00000000000000E+0000, 0.00000000000000E+0000,Excluded
44,16,6,16,3,13, 0.00000000000000E+0000, 0.00000000000000E+0000,Excluded
44,16,60,16,3,13, 0.00000000000000E+0000, 0.00000000000000E+0000,Excluded
44,16,61,16,4,12, 0.00000000000000E+0000, 0.00000000000000E+0000,Excluded
44,16,62,16,5,11, 0.00000000000000E+0000, 0.00000000000000E+0000,Excluded
44,16,65,16,4,12, 0.00000000000000E+0000, 0.00000000000000E+0000,Excluded
44,16,73,16,3,13, 0.00000000000000E+0000, 0.00000000000000E+0000,Excluded
44,16,75,16,1,15, 0.00000000000000E+0000, 0.00000000000000E+0000,Excluded
44,16,76,16,3,13, 0.00000000000000E+0000, 0.00000000000000E+0000,Excluded
44,16,77,16,2,14, 0.00000000000000E+0000, 0.00000000000000E+0000,Excluded
44,16,78,16,3,13, 0.00000000000000E+0000, 0.00000000000000E+0000,Excluded
44,16,79,16,1,15, 0.00000000000000E+0000, 0.00000000000000E+0000,Excluded
44,16,8,16,5,11, 0.00000000000000E+0000, 0.00000000000000E+0000,Excluded
44,16,84,16,6,10, 0.00000000000000E+0000, 0.00000000000000E+0000,Excluded
44,16,85,16,7,9, 0.00000000000000E+0000, 0.00000000000000E+0000,Excluded
44,16,86,16,5,11, 0.00000000000000E+0000, 0.00000000000000E+0000,Excluded
44,16,89,16,3,13, 0.00000000000000E+0000, 0.00000000000000E+0000,Excluded
44,16,94,16,5,11, 0.00000000000000E+0000, 0.00000000000000E+0000,Excluded
44,16,95,16,5,11, 0.00000000000000E+0000, 0.00000000000000E+0000,Excluded
44,16,96,16,6,10, 0.00000000000000E+0000, 0.00000000000000E+0000,Excluded
44,16,98,16,5,11, 0.00000000000000E+0000, 0.00000000000000E+0000,Excluded
461,16,476,16,2,14, 0.00000000000000E+0000, 0.00000000000000E+0000,Excluded
461,16,478,16,5,11, 0.00000000000000E+0000, 0.00000000000000E+0000,Excluded
461,16,48,16,5,11, 0.00000000000000E+0000, 0.00000000000000E+0000,Excluded
461,16,484,16,3,13, 0.00000000000000E+0000, 0.00000000000000E+0000,Excluded
461,16,489,16,6,10, 0.00000000000000E+0000, 0.00000000000000E+0000,Excluded
461,16,492,13,2,11, 0.00000000000000E+0000, 0.00000000000000E+0000,Excluded
461,16,493,16,2,14, 0.00000000000000E+0000, 0.00000000000000E+0000,Excluded
461,16,494,16,2,14, 0.00000000000000E+0000, 0.00000000000000E+0000,Excluded
461,16,500,16,2,14, 0.00000000000000E+0000, 0.00000000000000E+0000,Excluded
461,16,504,16,3,13, 0.00000000000000E+0000, 0.00000000000000E+0000,Excluded
461,16,506,16,2,14, 0.00000000000000E+0000, 0.00000000000000E+0000,Excluded
461,16,52,16,4,12, 0.00000000000000E+0000, 0.00000000000000E+0000,Excluded
461,16,55,16,2,14, 0.00000000000000E+0000, 0.00000000000000E+0000,Excluded
461,16,57,16,3,13, 0.00000000000000E+0000, 0.00000000000000E+0000,Excluded
461,16,59,16,3,13, 0.00000000000000E+0000, 0.00000000000000E+0000,Excluded
461,16,6,16,3,13, 0.00000000000000E+0000, 0.00000000000000E+0000,Excluded
461,16,60,16,2,14, 0.00000000000000E+0000, 0.00000000000000E+0000,Excluded
461,16,61,16,3,13, 0.00000000000000E+0000, 0.00000000000000E+0000,Excluded
461,16,62,16,4,12, 0.00000000000000E+0000, 0.00000000000000E+0000,Excluded
461,16,65,16,3,13, 0.00000000000000E+0000, 0.00000000000000E+0000,Excluded
461,16,73,16,3,13, 0.00000000000000E+0000, 0.00000000000000E+0000,Excluded
461,16,75,16,4,12, 0.00000000000000E+0000, 0.00000000000000E+0000,Excluded
461,16,76,16,6,10, 0.00000000000000E+0000, 0.00000000000000E+0000,Excluded
461,16,77,16,3,13, 0.00000000000000E+0000, 0.00000000000000E+0000,Excluded
461,16,78,16,2,14, 0.00000000000000E+0000, 0.00000000000000E+0000,Excluded
461,16,79,16,4,12, 0.00000000000000E+0000, 0.00000000000000E+0000,Excluded
461,16,8,16,4,12, 0.00000000000000E+0000, 0.00000000000000E+0000,Excluded
461,16,84,16,5,11, 0.00000000000000E+0000, 0.00000000000000E+0000,Excluded
461,16,85,16,3,13, 0.00000000000000E+0000, 0.00000000000000E+0000,Excluded
461,16,86,16,2,14, 0.00000000000000E+0000, 0.00000000000000E+0000,Excluded
461,16,89,16,6,10, 0.00000000000000E+0000, 0.00000000000000E+0000,Excluded
461,16,94,16,4,12, 0.00000000000000E+0000, 0.00000000000000E+0000,Excluded
461,16,95,16,4,12, 0.00000000000000E+0000, 0.00000000000000E+0000,Excluded
461,16,96,16,4,12, 0.00000000000000E+0000, 0.00000000000000E+0000,Excluded
461,16,98,16,7,9, 0.00000000000000E+0000, 0.00000000000000E+0000,Excluded
476,16,478,16,3,13, 0.00000000000000E+0000, 0.00000000000000E+0000,Excluded
476,16,48,16,4,12, 0.00000000000000E+0000, 0.00000000000000E+0000,Excluded
476,16,484,16,1,15, 0.00000000000000E+0000, 0.00000000000000E+0000,Excluded
476,16,489,16,4,12, 0.00000000000000E+0000, 0.00000000000000E+0000,Excluded
476,16,492,13,2,11, 0.00000000000000E+0000, 0.00000000000000E+0000,Excluded
476,16,493,16,2,14, 0.00000000000000E+0000, 0.00000000000000E+0000,Excluded
476,16,494,16,2,14, 0.00000000000000E+0000, 0.00000000000000E+0000,Excluded
476,16,500,16,5,11, 0.00000000000000E+0000, 0.00000000000000E+0000,Excluded
476,16,504,16,2,14, 0.00000000000000E+0000, 0.00000000000000E+0000,Excluded
476,16,506,16,4,12, 0.00000000000000E+0000, 0.00000000000000E+0000,Excluded
476,16,52,16,2,14, 0.00000000000000E+0000, 0.00000000000000E+0000,Excluded
476,16,55,16,5,11, 0.00000000000000E+0000, 0.00000000000000E+0000,Excluded
476,16,57,16,6,10, 0.00000000000000E+0000, 0.00000000000000E+0000,Excluded
476,16,59,16,7,9, 0.00000000000000E+0000, 0.00000000000000E+0000,Excluded
476,16,6,16,4,12, 0.00000000000000E+0000, 0.00000000000000E+0000,Excluded
476,16,60,16,4,12, 0.00000000000000E+0000, 0.00000000000000E+0000,Excluded
476,16,61,16,4,12, 0.00000000000000E+0000, 0.00000000000000E+0000,Excluded
476,16,62,16,3,13, 0.00000000000000E+0000, 0.00000000000000E+0000,Excluded
476,16,65,16,2,14, 0.00000000000000E+0000, 0.00000000000000E+0000,Excluded
476,16,73,16,3,13, 0.00000000000000E+0000, 0.00000000000000E+0000,Excluded
476,16,75,16,2,14, 0.00000000000000E+0000, 0.00000000000000E+0000,Excluded
476,16,76,16,3,13, 0.00000000000000E+0000, 0.00000000000000E+0000,Excluded
476,16,77,16,3,13, 0.00000000000000E+0000, 0.00000000000000E+0000,Excluded
476,16,78,16,3,13, 0.00000000000000E+0000, 0.00000000000000E+0000,Excluded
476,16,79,16,2,14, 0.00000000000000E+0000, 0.00000000000000E+0000,Excluded
476,16,8,16,6,10, 0.00000000000000E+0000, 0.00000000000000E+0000,Excluded
476,16,84,16,3,13, 0.00000000000000E+0000, 0.00000000000000E+0000,Excluded
476,16,85,16,2,14, 0.00000000000000E+0000, 0.00000000000000E+0000,Excluded
476,16,86,16,3,13, 0.00000000000000E+0000, 0.00000000000000E+0000,Excluded
476,16,89,16,5,11, 0.00000000000000E+0000, 0.00000000000000E+0000,Excluded
476,16,94,16,4,12, 0.00000000000000E+0000, 0.00000000000000E+0000,Excluded
476,16,95,16,6,10, 0.00000000000000E+0000, 0.00000000000000E+0000,Excluded
476,16,96,16,5,11, 0.00000000000000E+0000, 0.00000000000000E+0000,Excluded
476,16,98,16,4,12, 0.00000000000000E+0000, 0.00000000000000E+0000,Excluded
478,16,48,16,6,10, 0.00000000000000E+0000, 0.00000000000000E+0000,Excluded
478,16,484,16,3,13, 0.00000000000000E+0000, 0.00000000000000E+0000,Excluded
478,16,489,16,7,9, 0.00000000000000E+0000, 0.00000000000000E+0000,Excluded
478,16,492,13,1,12, 0.00000000000000E+0000, 0.00000000000000E+0000,Excluded
478,16,493,16,3,13, 0.00000000000000E+0000, 0.00000000000000E+0000,Excluded
478,16,494,16,5,11, 0.00000000000000E+0000, 0.00000000000000E+0000,Excluded
478,16,500,16,4,12, 0.00000000000000E+0000, 0.00000000000000E+0000,Excluded
478,16,504,16,4,12, 0.00000000000000E+0000, 0.00000000000000E+0000,Excluded
478,16,506,16,3,13, 0.00000000000000E+0000, 0.00000000000000E+0000,Excluded
478,16,52,16,3,13, 0.00000000000000E+0000, 0.00000000000000E+0000,Excluded
478,16,55,16,3,13, 0.00000000000000E+0000, 0.00000000000000E+0000,Excluded
478,16,57,16,8,8, 0.00000000000000E+0000, 0.00000000000000E+0000,Excluded
478,16,59,16,5,11, 0.00000000000000E+0000, 0.00000000000000E+0000,Excluded
478,16,6,16,3,13, 0.00000000000000E+0000, 0.00000000000000E+0000,Excluded
478,16,60,16,3,13, 0.00000000000000E+0000, 0.00000000000000E+0000,Excluded
478,16,61,16,4,12, 0.00000000000000E+0000, 0.00000000000000E+0000,Excluded
478,16,62,16,4,12, 0.00000000000000E+0000, 0.00000000000000E+0000,Excluded
478,16,65,16,3,13, 0.00000000000000E+0000, 0.00000000000000E+0000,Excluded
478,16,73,16,5,11, 0.00000000000000E+0000, 0.00000000000000E+0000,Excluded
478,16,75,16,1,15, 0.00000000000000E+0000, 0.00000000000000E+0000,Excluded
478,16,76,16,3,13, 0.00000000000000E+0000, 0.00000000000000E+0000,Excluded
478,16,77,16,4,12, 0.00000000000000E+0000, 0.00000000000000E+0000,Excluded
478,16,78,16,3,13, 0.00000000000000E+0000, 0.00000000000000E+0000,Excluded
478,16,79,16,2,14, 0.00000000000000E+0000, 0.00000000000000E+0000,Excluded
478,16,8,16,4,12, 0.00000000000000E+0000, 0.00000000000000E+0000,Excluded
478,16,84,16,8,8, 0.00000000000000E+0000, 0.00000000000000E+0000,Excluded
478,16,85,16,6,10, 0.00000000000000E+0000, 0.00000000000000E+0000,Excluded
478,16,86,16,4,12, 0.00000000000000E+0000, 0.00000000000000E+0000,Excluded
478,16,89,16,7,9, 0.00000000000000E+0000, 0.00000000000000E+0000,Excluded
478,16,94,16,8,8, 0.00000000000000E+0000, 0.00000000000000E+0000,Excluded
478,16,95,16,7,9, 0.00000000000000E+0000, 0.00000000000000E+0000,Excluded
478,16,96,16,3,13, 0.00000000000000E+0000, 0.00000000000000E+0000,Excluded
478,16,98,16,4,12, 0.00000000000000E+0000, 0.00000000000000E+0000,Excluded
48,16,484,16,2,14, 0.00000000000000E+0000, 0.00000000000000E+0000,Excluded
48,16,489,16,4,12, 0.00000000000000E+0000, 0.00000000000000E+0000,Excluded
48,16,492,13,2,11, 0.00000000000000E+0000, 0.00000000000000E+0000,Excluded
48,16,493,16,6,10, 0.00000000000000E+0000, 0.00000000000000E+0000,Excluded
48,16,494,16,4,12, 0.00000000000000E+0000, 0.00000000000000E+0000,Excluded
48,16,500,16,2,14, 0.00000000000000E+0000, 0.00000000000000E+0000,Excluded
48,16,504,16,3,13, 0.00000000000000E+0000, 0.00000000000000E+0000,Excluded
48,16,506,16,3,13, 0.00000000000000E+0000, 0.00000000000000E+0000,Excluded
48,16,52,16,3,13, 0.00000000000000E+0000, 0.00000000000000E+0000,Excluded
48,16,55,16,4,12, 0.00000000000000E+0000, 0.00000000000000E+0000,Excluded
48,16,57,16,8,8, 0.00000000000000E+0000, 0.00000000000000E+0000,Excluded
48,16,59,16,5,11, 0.00000000000000E+0000, 0.00000000000000E+0000,Excluded
48,16,6,16,4,12, 0.00000000000000E+0000, 0.00000000000000E+0000,Excluded
48,16,60,16,2,14, 0.00000000000000E+0000, 0.00000000000000E+0000,Excluded
48,16,61,16,3,13, 0.00000000000000E+0000, 0.00000000000000E+0000,Excluded
48,16,62,16,3,13, 0.00000000000000E+0000, 0.00000000000000E+0000,Excluded
48,16,65,16,3,13, 0.00000000000000E+0000, 0.00000000000000E+0000,Excluded
48,16,73,16,2,14, 0.00000000000000E+0000, 0.00000000000000E+0000,Excluded
48,16,75,16,2,14, 0.00000000000000E+0000, 0.00000000000000E+0000,Excluded
48,16,76,16,2,14, 0.00000000000000E+0000, 0.00000000000000E+0000,Excluded
48,16,77,16,3,13, 0.00000000000000E+0000, 0.00000000000000E+0000,Excluded
48,16,78,16,3,13, 0.00000000000000E+0000, 0.00000000000000E+0000,Excluded
48,16,79,16,1,15, 0.00000000000000E+0000, 0.00000000000000E+0000,Excluded
48,16,8,16,4,12, 0.00000000000000E+0000, 0.00000000000000E+0000,Excluded
48,16,84,16,4,12, 0.00000000000000E+0000, 0.00000000000000E+0000,Excluded
48,16,85,16,4,12, 0.00000000000000E+0000, 0.00000000000000E+0000,Excluded
48,16,86,16,4,12, 0.00000000000000E+0000, 0.00000000000000E+0000,Excluded
48,16,89,16,6,10, 0.00000000000000E+0000, 0.00000000000000E+0000,Excluded
48,16,94,16,7,9, 0.00000000000000E+0000, 0.00000000000000E+0000,Excluded
48,16,95,16,7,9, 0.00000000000000E+0000, 0.00000000000000E+0000,Excluded
48,16,96,16,4,12, 0.00000000000000E+0000, 0.00000000000000E+0000,Excluded
48,16,98,16,3,13, 0.00000000000000E+0000, 0.00000000000000E+0000,Excluded
484,16,489,16,3,13, 0.00000000000000E+0000, 0.00000000000000E+0000,Excluded
484,16,492,13,3,10, 0.00000000000000E+0000, 0.00000000000000E+0000,Excluded
484,16,493,16,2,14, 0.00000000000000E+0000, 0.00000000000000E+0000,Excluded
484,16,494,16,1,15, 0.00000000000000E+0000, 0.00000000000000E+0000,Excluded
484,16,500,16,1,15, 0.00000000000000E+0000, 0.00000000000000E+0000,Excluded
484,16,504,16,6,10, 0.00000000000000E+0000, 0.00000000000000E+0000,Excluded
484,16,506,16,4,12, 0.00000000000000E+0000, 0.00000000000000E+0000,Excluded
484,16,52,16,4,12, 0.00000000000000E+0000, 0.00000000000000E+0000,Excluded
484,16,55,16,5,11, 0.00000000000000E+0000, 0.00000000000000E+0000,Excluded
484,16,57,16,2,14, 0.00000000000000E+0000, 0.00000000000000E+0000,Excluded
484,16,59,16,1,15, 0.00000000000000E+0000, 0.00000000000000E+0000,Excluded
484,16,6,16,3,13, 0.00000000000000E+0000, 0.00000000000000E+0000,Excluded
484,16,60,16,3,13, 0.00000000000000E+0000, 0.00000000000000E+0000,Excluded
484,16,61,16,4,12, 0.00000000000000E+0000, 0.00000000000000E+0000,Excluded
484,16,62,16,6,10, 0.00000000000000E+0000, 0.00000000000000E+0000,Excluded
484,16,65,16,5,11, 0.00000000000000E+0000, 0.00000000000000E+0000,Excluded
484,16,73,16,6,10, 0.00000000000000E+0000, 0.00000000000000E+0000,Excluded
484,16,75,16,2,14, 0.00000000000000E+0000, 0.00000000000000E+0000,Excluded
484,16,76,16,1,15, 0.00000000000000E+0000, 0.00000000000000E+0000,Excluded
484,16,77,16,2,14, 0.00000000000000E+0000, 0.00000000000000E+0000,Excluded
484,16,78,16,1,15, 0.00000000000000E+0000, 0.00000000000000E+0000,Excluded
484,16,79,16,0,16, 0.00000000000000E+0000, 0.00000000000000E+0000,Excluded
484,16,8,16,2,14, 0.00000000000000E+0000, 0.00000000000000E+0000,Excluded
484,16,84,16,4,12, 0.00000000000000E+0000, 0.00000000000000E+0000,Excluded
484,16,85,16,4,12, 0.00000000000000E+0000, 0.00000000000000E+0000,Excluded
484,16,86,16,2,14, 0.00000000000000E+0000, 0.00000000000000E+0000,Excluded
484,16,89,16,2,14, 0.00000000000000E+0000, 0.00000000000000E+0000,Excluded
484,16,94,16,1,15, 0.00000000000000E+0000, 0.00000000000000E+0000,Excluded
484,16,95,16,3,13, 0.00000000000000E+0000, 0.00000000000000E+0000,Excluded
484,16,96,16,2,14, 0.00000000000000E+0000, 0.00000000000000E+0000,Excluded
484,16,98,16,6,10, 0.00000000000000E+0000, 0.00000000000000E+0000,Excluded
489,16,492,13,2,11, 0.00000000000000E+0000, 0.00000000000000E+0000,Excluded
489,16,493,16,2,14, 0.00000000000000E+0000, 0.00000000000000E+0000,Excluded
489,16,494,16,3,13, 0.00000000000000E+0000, 0.00000000000000E+0000,Excluded
489,16,500,16,4,12, 0.00000000000000E+0000, 0.00000000000000E+0000,Excluded
489,16,504,16,4,12, 0.00000000000000E+0000, 0.00000000000000E+0000,Excluded
489,16,506,16,5,11, 0.00000000000000E+0000, 0.00000000000000E+0000,Excluded
489,16,52,16,4,12, 0.00000000000000E+0000, 0.00000000000000E+0000,Excluded
489,16,55,16,4,12, 0.00000000000000E+0000, 0.00000000000000E+0000,Excluded
489,16,57,16,6,10, 0.00000000000000E+0000, 0.00000000000000E+0000,Excluded
489,16,59,16,5,11, 0.00000000000000E+0000, 0.00000000000000E+0000,Excluded
489,16,6,16,4,12, 0.00000000000000E+0000, 0.00000000000000E+0000,Excluded
489,16,60,16,3,13, 0.00000000000000E+0000, 0.00000000000000E+0000,Excluded
489,16,61,16,6,10, 0.00000000000000E+0000, 0.00000000000000E+0000,Excluded
489,16,62,16,5,11, 0.00000000000000E+0000, 0.00000000000000E+0000,Excluded
489,16,65,16,3,13, 0.00000000000000E+0000, 0.00000000000000E+0000,Excluded
489,16,73,16,6,10, 0.00000000000000E+0000, 0.00000000000000E+0000,Excluded
489,16,75,16,1,15, 0.00000000000000E+0000, 0.00000000000000E+0000,Excluded
489,16,76,16,6,10, 0.00000000000000E+0000, 0.00000000000000E+0000,Excluded
489,16,77,16,4,12, 0.00000000000000E+0000, 0.00000000000000E+0000,Excluded
489,16,78,16,4,12, 0.00000000000000E+0000, 0.00000000000000E+0000,Excluded
489,16,79,16,2,14, 0.00000000000000E+0000, 0.00000000000000E+0000,Excluded
489,16,8,16,5,11, 0.00000000000000E+0000, 0.00000000000000E+0000,Excluded
489,16,84,16,7,9, 0.00000000000000E+0000, 0.00000000000000E+0000,Excluded
489,16,85,16,4,12, 0.00000000000000E+0000, 0.00000000000000E+0000,Excluded
489,16,86,16,3,13, 0.00000000000000E+0000, 0.00000000000000E+0000,Excluded
489,16,89,16,6,10, 0.00000000000000E+0000, 0.00000000000000E+0000,Excluded
489,16,94,16,8,8, 0.00000000000000E+0000, 0.00000000000000E+0000,Excluded
489,16,95,16,6,10, 0.00000000000000E+0000, 0.00000000000000E+0000,Excluded
489,16,96,16,5,11, 0.00000000000000E+0000, 0.00000000000000E+0000,Excluded
489,16,98,16,5,11, 0.00000000000000E+0000, 0.00000000000000E+0000,Excluded
492,13,493,16,1,12, 0.00000000000000E+0000, 0.00000000000000E+0000,Excluded
492,13,494,16,1,12, 0.00000000000000E+0000, 0.00000000000000E+0000,Excluded
492,13,500,16,0,13, 0.00000000000000E+0000, 0.00000000000000E+0000,Excluded
492,13,504,16,3,10, 0.00000000000000E+0000, 0.00000000000000E+0000,Excluded
492,13,506,16,2,11, 0.00000000000000E+0000, 0.00000000000000E+0000,Excluded
492,13,52,16,3,10, 0.00000000000000E+0000, 0.00000000000000E+0000,Excluded
492,13,55,16,1,12, 0.00000000000000E+0000, 0.00000000000000E+0000,Excluded
492,13,57,16,2,11, 0.00000000000000E+0000, 0.00000000000000E+0000,Excluded
492,13,59,16,0,13, 0.00000000000000E+0000, 0.00000000000000E+0000,Excluded
492,13,6,16,4,9, 0.00000000000000E+0000, 0.00000000000000E+0000,Excluded
492,13,60,16,2,11, 0.00000000000000E+0000, 0.00000000000000E+0000,Excluded
492,13,61,16,4,9, 0.00000000000000E+0000, 0.00000000000000E+0000,Excluded
492,13,62,16,2,11, 0.00000000000000E+0000, 0.00000000000000E+0000,Excluded
492,13,65,16,2,11, 0.00000000000000E+0000, 0.00000000000000E+0000,Excluded
492,13,73,16,2,11, 0.00000000000000E+0000, 0.00000000000000E+0000,Excluded
492,13,75,16,1,12, 0.00000000000000E+0000, 0.00000000000000E+0000,Excluded
492,13,76,16,0,13, 0.00000000000000E+0000, 0.00000000000000E+0000,Excluded
492,13,77,16,3,10, 0.00000000000000E+0000, 0.00000000000000E+0000,Excluded
492,13,78,16,1,12, 0.00000000000000E+0000, 0.00000000000000E+0000,Excluded
492,13,79,16,1,12, 0.00000000000000E+0000, 0.00000000000000E+0000,Excluded
492,13,8,16,1,12, 0.00000000000000E+0000, 0.00000000000000E+0000,Excluded
492,13,84,16,2,11, 0.00000000000000E+0000, 0.00000000000000E+0000,Excluded
492,13,85,16,2,11, 0.00000000000000E+0000, 0.00000000000000E+0000,Excluded
492,13,86,16,3,10, 0.00000000000000E+0000, 0.00000000000000E+0000,Excluded
492,13,89,16,3,10, 0.00000000000000E+0000, 0.00000000000000E+0000,Excluded
492,13,94,16,1,12, 0.00000000000000E+0000, 0.00000000000000E+0000,Excluded
492,13,95,16,1,12, 0.00000000000000E+0000, 0.00000000000000E+0000,Excluded
492,13,96,16,3,10, 0.00000000000000E+0000, 0.00000000000000E+0000,Excluded
492,13,98,16,3,10, 0.00000000000000E+0000, 0.00000000000000E+0000,Excluded
493,16,494,16,3,13, 0.00000000000000E+0000, 0.00000000000000E+0000,Excluded
493,16,500,16,0,16, 0.00000000000000E+0000, 0.00000000000000E+0000,Excluded
493,16,504,16,1,15, 0.00000000000000E+0000, 0.00000000000000E+0000,Excluded
493,16,506,16,3,13, 0.00000000000000E+0000, 0.00000000000000E+0000,Excluded
493,16,52,16,2,14, 0.00000000000000E+0000, 0.00000000000000E+0000,Excluded
493,16,55,16,2,14, 0.00000000000000E+0000, 0.00000000000000E+0000,Excluded
493,16,57,16,3,13, 0.00000000000000E+0000, 0.00000000000000E+0000,Excluded
493,16,59,16,2,14, 0.00000000000000E+0000, 0.00000000000000E+0000,Excluded
493,16,6,16,1,15, 0.00000000000000E+0000, 0.00000000000000E+0000,Excluded
493,16,60,16,1,15, 0.00000000000000E+0000, 0.00000000000000E+0000,Excluded
493,16,61,16,1,15, 0.00000000000000E+0000, 0.00000000000000E+0000,Excluded
493,16,62,16,4,12, 0.00000000000000E+0000, 0.00000000000000E+0000,Excluded
493,16,65,16,3,13, 0.00000000000000E+0000, 0.00000000000000E+0000,Excluded
493,16,73,16,3,13, 0.00000000000000E+0000, 0.00000000000000E+0000,Excluded
493,16,75,16,2,14, 0.00000000000000E+0000, 0.00000000000000E+0000,Excluded
493,16,76,16,1,15, 0.00000000000000E+0000, 0.00000000000000E+0000,Excluded
493,16,77,16,1,15, 0.00000000000000E+0000, 0.00000000000000E+0000,Excluded
493,16,78,16,2,14, 0.00000000000000E+0000, 0.00000000000000E+0000,Excluded
493,16,79,16,0,16, 0.00000000000000E+0000, 0.00000000000000E+0000,Excluded
493,16,8,16,2,14, 0.00000000000000E+0000, 0.00000000000000E+0000,Excluded
493,16,84,16,3,13, 0.00000000000000E+0000, 0.00000000000000E+0000,Excluded
493,16,85,16,3,13, 0.00000000000000E+0000, 0.00000000000000E+0000,Excluded
493,16,86,16,3,13, 0.00000000000000E+0000, 0.00000000000000E+0000,Excluded
493,16,89,16,3,13, 0.00000000000000E+0000, 0.00000000000000E+0000,Excluded
493,16,94,16,5,11, 0.00000000000000E+0000, 0.00000000000000E+0000,Excluded
493,16,95,16,4,12, 0.00000000000000E+0000, 0.00000000000000E+0000,Excluded
493,16,96,16,3,13, 0.00000000000000E+0000, 0.00000000000000E+0000,Excluded
493,16,98,16,2,14, 0.00000000000000E+0000, 0.00000000000000E+0000,Excluded
494,16,500,16,5,11, 0.00000000000000E+0000, 0.00000000000000E+0000,Excluded
494,16,504,16,1,15, 0.00000000000000E+0000, 0.00000000000000E+0000,Excluded
494,16,506,16,4,12, 0.00000000000000E+0000, 0.00000000000000E+0000,Excluded
494,16,52,16,1,15, 0.00000000000000E+0000, 0.00000000000000E+0000,Excluded
494,16,55,16,3,13, 0.00000000000000E+0000, 0.00000000000000E+0000,Excluded
494,16,57,16,6,10, 0.00000000000000E+0000, 0.00000000000000E+0000,Excluded
494,16,59,16,5,11, 0.00000000000000E+0000, 0.00000000000000E+0000,Excluded
494,16,6,16,1,15, 0.00000000000000E+0000, 0.00000000000000E+0000,Excluded
494,16,60,16,1,15, 0.00000000000000E+0000, 0.00000000000000E+0000,Excluded
494,16,61,16,3,13, 0.00000000000000E+0000, 0.00000000000000E+0000,Excluded
494,16,62,16,1,15, 0.00000000000000E+0000, 0.00000000000000E+0000,Excluded
494,16,65,16,0,16, 0.00000000000000E+0000, 0.00000000000000E+0000,Excluded
494,16,73,16,0,16, 0.00000000000000E+0000, 0.00000000000000E+0000,Excluded
494,16,75,16,3,13, 0.00000000000000E+0000, 0.00000000000000E+0000,Excluded
494,16,76,16,2,14, 0.00000000000000E+0000, 0.00000000000000E+0000,Excluded
494,16,77,16,2,14, 0.00000000000000E+0000, 0.00000000000000E+0000,Excluded
494,16,78,16,3,13, 0.00000000000000E+0000, 0.00000000000000E+0000,Excluded
494,16,79,16,3,13, 0.00000000000000E+0000, 0.00000000000000E+0000,Excluded
494,16,8,16,2,14, 0.00000000000000E+0000, 0.00000000000000E+0000,Excluded
494,16,84,16,0,16, 0.00000000000000E+0000, 0.00000000000000E+0000,Excluded
494,16,85,16,4,12, 0.00000000000000E+0000, 0.00000000000000E+0000,Excluded
494,16,86,16,2,14, 0.00000000000000E+0000, 0.00000000000000E+0000,Excluded
494,16,89,16,2,14, 0.00000000000000E+0000, 0.00000000000000E+0000,Excluded
494,16,94,16,4,12, 0.00000000000000E+0000, 0.00000000000000E+0000,Excluded
494,16,95,16,5,11, 0.00000000000000E+0000, 0.00000000000000E+0000,Excluded
494,16,96,16,2,14, 0.00000000000000E+0000, 0.00000000000000E+0000,Excluded
494,16,98,16,0,16, 0.00000000000000E+0000, 0.00000000000000E+0000,Excluded
500,16,504,16,2,14, 0.00000000000000E+0000, 0.00000000000000E+0000,Excluded
500,16,506,16,3,13, 0.00000000000000E+0000, 0.00000000000000E+0000,Excluded
500,16,52,16,2,14, 0.00000000000000E+0000, 0.00000000000000E+0000,Excluded
500,16,55,16,3,13, 0.00000000000000E+0000, 0.00000000000000E+0000,Excluded
500,16,57,16,5,11, 0.00000000000000E+0000, 0.00000000000000E+0000,Excluded
500,16,59,16,6,10, 0.00000000000000E+0000, 0.00000000000000E+0000,Excluded
500,16,6,16,5,11, 0.00000000000000E+0000, 0.00000000000000E+0000,Excluded
500,16,60,16,2,14, 0.00000000000000E+0000, 0.00000000000000E+0000,Excluded
500,16,61,16,4,12, 0.00000000000000E+0000, 0.00000000000000E+0000,Excluded
500,16,62,16,1,15, 0.00000000000000E+0000, 0.00000000000000E+0000,Excluded
500,16,65,16,1,15, 0.00000000000000E+0000, 0.00000000000000E+0000,Excluded
500,16,73,16,1,15, 0.00000000000000E+0000, 0.00000000000000E+0000,Excluded
500,16,75,16,0,16, 0.00000000000000E+0000, 0.00000000000000E+0000,Excluded
500,16,76,16,3,13, 0.00000000000000E+0000, 0.00000000000000E+0000,Excluded
500,16,77,16,2,14, 0.00000000000000E+0000, 0.00000000000000E+0000,Excluded
500,16,78,16,4,12, 0.00000000000000E+0000, 0.00000000000000E+0000,Excluded
500,16,79,16,3,13, 0.00000000000000E+0000, 0.00000000000000E+0000,Excluded
500,16,8,16,6,10, 0.00000000000000E+0000, 0.00000000000000E+0000,Excluded
500,16,84,16,3,13, 0.00000000000000E+0000, 0.00000000000000E+0000,Excluded
500,16,85,16,4,12, 0.00000000000000E+0000, 0.00000000000000E+0000,Excluded
500,16,86,16,3,13, 0.00000000000000E+0000, 0.00000000000000E+0000,Excluded
500,16,89,16,3,13, 0.00000000000000E+0000, 0.00000000000000E+0000,Excluded
500,16,94,16,4,12, 0.00000000000000E+0000, 0.00000000000000E+0000,Excluded
500,16,95,16,5,11, 0.00000000000000E+0000, 0.00000000000000E+0000,Excluded
500,16,96,16,5,11, 0.00000000000000E+0000, 0.00000000000000E+0000,Excluded
500,16,98,16,2,14, 0.00000000000000E+0000, 0.00000000000000E+0000,Excluded
504,16,506,16,4,12, 0.00000000000000E+0000, 0.00000000000000E+0000,Excluded
504,16,52,16,4,12, 0.00000000000000E+0000, 0.00000000000000E+0000,Excluded
504,16,55,16,3,13, 0.00000000000000E+0000, 0.00000000000000E+0000,Excluded
504,16,57,16,3,13, 0.00000000000000E+0000, 0.00000000000000E+0000,Excluded
504,16,59,16,1,15, 0.00000000000000E+0000, 0.00000000000000E+0000,Excluded
504,16,6,16,6,10, 0.00000000000000E+0000, 0.00000000000000E+0000,Excluded
504,16,60,16,5,11, 0.00000000000000E+0000, 0.00000000000000E+0000,Excluded
504,16,61,16,6,10, 0.00000000000000E+0000, 0.00000000000000E+0000,Excluded
504,16,62,16,4,12, 0.00000000000000E+0000, 0.00000000000000E+0000,Excluded
504,16,65,16,5,11, 0.00000000000000E+0000, 0.00000000000000E+0000,Excluded
504,16,73,16,8,8, 0.00000000000000E+0000, 0.00000000000000E+0000,Excluded
504,16,75,16,2,14, 0.00000000000000E+0000, 0.00000000000000E+0000,Excluded
504,16,76,16,2,14, 0.00000000000000E+0000, 0.00000000000000E+0000,Excluded
504,16,77,16,2,14, 0.00000000000000E+0000, 0.00000000000000E+0000,Excluded
504,16,78,16,2,14, 0.00000000000000E+0000, 0.00000000000000E+0000,Excluded
504,16,79,16,1,15, 0.00000000000000E+0000, 0.00000000000000E+0000,Excluded
504,16,8,16,3,13, 0.00000000000000E+0000, 0.00000000000000E+0000,Excluded
504,16,84,16,5,11, 0.00000000000000E+0000, 0.00000000000000E+0000,Excluded
504,16,85,16,3,13, 0.00000000000000E+0000, 0.00000000000000E+0000,Excluded
504,16,86,16,5,11, 0.00000000000000E+0000, 0.00000000000000E+0000,Excluded
504,16,89,16,5,11, 0.00000000000000E+0000, 0.00000000000000E+0000,Excluded
504,16,94,16,3,13, 0.00000000000000E+0000, 0.00000000000000E+0000,Excluded
504,16,95,16,2,14, 0.00000000000000E+0000, 0.00000000000000E+0000,Excluded
504,16,96,16,4,12, 0.00000000000000E+0000, 0.00000000000000E+0000,Excluded
504,16,98,16,4,12, 0.00000000000000E+0000, 0.00000000000000E+0000,Excluded
506,16,52,16,4,12, 0.00000000000000E+0000, 0.00000000000000E+0000,Excluded
506,16,55,16,3,13, 0.00000000000000E+0000, 0.00000000000000E+0000,Excluded
506,16,57,16,6,10, 0.00000000000000E+0000, 0.00000000000000E+0000,Excluded
506,16,59,16,4,12, 0.00000000000000E+0000, 0.00000000000000E+0000,Excluded
506,16,6,16,3,13, 0.00000000000000E+0000, 0.00000000000000E+0000,Excluded
506,16,60,16,3,13, 0.00000000000000E+0000, 0.00000000000000E+0000,Excluded
506,16,61,16,4,12, 0.00000000000000E+0000, 0.00000000000000E+0000,Excluded
506,16,62,16,3,13, 0.00000000000000E+0000, 0.00000000000000E+0000,Excluded
506,16,65,16,2,14, 0.00000000000000E+0000, 0.00000000000000E+0000,Excluded
506,16,73,16,6,10, 0.00000000000000E+0000, 0.00000000000000E+0000,Excluded
506,16,75,16,3,13, 0.00000000000000E+0000, 0.00000000000000E+0000,Excluded
506,16,76,16,1,15, 0.00000000000000E+0000, 0.00000000000000E+0000,Excluded
506,16,77,16,2,14, 0.00000000000000E+0000, 0.00000000000000E+0000,Excluded
506,16,78,16,3,13, 0.00000000000000E+0000, 0.00000000000000E+0000,Excluded
506,16,79,16,2,14, 0.00000000000000E+0000, 0.00000000000000E+0000,Excluded
506,16,8,16,6,10, 0.00000000000000E+0000, 0.00000000000000E+0000,Excluded
506,16,84,16,4,12, 0.00000000000000E+0000, 0.00000000000000E+0000,Excluded
506,16,85,16,2,14, 0.00000000000000E+0000, 0.00000000000000E+0000,Excluded
506,16,86,16,2,14, 0.00000000000000E+0000, 0.00000000000000E+0000,Excluded
506,16,89,16,4,12, 0.00000000000000E+0000, 0.00000000000000E+0000,Excluded
506,16,94,16,3,13, 0.00000000000000E+0000, 0.00000000000000E+0000,Excluded
506,16,95,16,5,11, 0.00000000000000E+0000, 0.00000000000000E+0000,Excluded
506,16,96,16,5,11, 0.00000000000000E+0000, 0.00000000000000E+0000,Excluded
506,16,98,16,3,13, 0.00000000000000E+0000, 0.00000000000000E+0000,Excluded
52,16,55,16,3,13, 0.00000000000000E+0000, 0.00000000000000E+0000,Excluded
52,16,57,16,2,14, 0.00000000000000E+0000, 0.00000000000000E+0000,Excluded
52,16,59,16,3,13, 0.00000000000000E+0000, 0.00000000000000E+0000,Excluded
52,16,6,16,4,12, 0.00000000000000E+0000, 0.00000000000000E+0000,Excluded
52,16,60,16,3,13, 0.00000000000000E+0000, 0.00000000000000E+0000,Excluded
52,16,61,16,3,13, 0.00000000000000E+0000, 0.00000000000000E+0000,Excluded
52,16,62,16,7,9, 0.00000000000000E+0000, 0.00000000000000E+0000,Excluded
52,16,65,16,3,13, 0.00000000000000E+0000, 0.00000000000000E+0000,Excluded
52,16,73,16,4,12, 0.00000000000000E+0000, 0.00000000000000E+0000,Excluded
52,16,75,16,2,14, 0.00000000000000E+0000, 0.00000000000000E+0000,Excluded
52,16,76,16,2,14, 0.00000000000000E+0000, 0.00000000000000E+0000,Excluded
52,16,77,16,4,12, 0.00000000000000E+0000, 0.00000000000000E+0000,Excluded
52,16,78,16,1,15, 0.00000000000000E+0000, 0.00000000000000E+0000,Excluded
52,16,79,16,1,15, 0.00000000000000E+0000, 0.00000000000000E+0000,Excluded
52,16,8,16,6,10, 0.00000000000000E+0000, 0.00000000000000E+0000,Excluded
52,16,84,16,5,11, 0.00000000000000E+0000, 0.00000000000000E+0000,Excluded
52,16,85,16,6,10, 0.00000000000000E+0000, 0.00000000000000E+0000,Excluded
52,16,86,16,3,13, 0.00000000000000E+0000, 0.00000000000000E+0000,Excluded
52,16,89,16,4,12, 0.00000000000000E+0000, 0.00000000000000E+0000,Excluded
52,16,94,16,3,13, 0.00000000000000E+0000, 0.00000000000000E+0000,Excluded
52,16,95,16,4,12, 0.00000000000000E+0000, 0.00000000000000E+0000,Excluded
52,16,96,16,7,9, 0.00000000000000E+0000, 0.00000000000000E+0000,Excluded
52,16,98,16,5,11, 0.00000000000000E+0000, 0.00000000000000E+0000,Excluded
55,16,57,16,5,11, 0.00000000000000E+0000, 0.00000000000000E+0000,Excluded
55,16,59,16,4,12, 0.00000000000000E+0000, 0.00000000000000E+0000,Excluded
55,16,6,16,5,11, 0.00000000000000E+0000, 0.00000000000000E+0000,Excluded
55,16,60,16,4,12, 0.00000000000000E+0000, 0.00000000000000E+0000,Excluded
55,16,61,16,4,12, 0.00000000000000E+0000, 0.00000000000000E+0000,Excluded
55,16,62,16,5,11, 0.00000000000000E+0000, 0.00000000000000E+0000,Excluded
55,16,65,16,3,13, 0.00000000000000E+0000, 0.00000000000000E+0000,Excluded
55,16,73,16,3,13, 0.00000000000000E+0000, 0.00000000000000E+0000,Excluded
55,16,75,16,1,15, 0.00000000000000E+0000, 0.00000000000000E+0000,Excluded
55,16,76,16,5,11, 0.00000000000000E+0000, 0.00000000000000E+0000,Excluded
55,16,77,16,2,14, 0.00000000000000E+0000, 0.00000000000000E+0000,Excluded
55,16,78,16,2,14, 0.00000000000000E+0000, 0.00000000000000E+0000,Excluded
55,16,79,16,1,15, 0.00000000000000E+0000, 0.00000000000000E+0000,Excluded
55,16,8,16,5,11, 0.00000000000000E+0000, 0.00000000000000E+0000,Excluded
55,16,84,16,3,13, 0.00000000000000E+0000, 0.00000000000000E+0000,Excluded
55,16,85,16,4,12, 0.00000000000000E+0000, 0.00000000000000E+0000,Excluded
55,16,86,16,4,12, 0.00000000000000E+0000, 0.00000000000000E+0000,Excluded
55,16,89,16,2,14, 0.00000000000000E+0000, 0.00000000000000E+0000,Excluded
55,16,94,16,4,12, 0.00000000000000E+0000, 0.00000000000000E+0000,Excluded
55,16,95,16,3,13, 0.00000000000000E+0000, 0.00000000000000E+0000,Excluded
55,16,96,16,3,13, 0.00000000000000E+0000, 0.00000000000000E+0000,Excluded
55,16,98,16,5,11, 0.00000000000000E+0000, 0.00000000000000E+0000,Excluded
57,16,59,16,7,9, 0.00000000000000E+0000, 0.00000000000000E+0000,Excluded
57,16,6,16,5,11, 0.00000000000000E+0000, 0.00000000000000E+0000,Excluded
57,16,60,16,1,15, 0.00000000000000E+0000, 0.00000000000000E+0000,Excluded
57,16,61,16,4,12, 0.00000000000000E+0000, 0.00000000000000E+0000,Excluded
57,16,62,16,3,13, 0.00000000000000E+0000, 0.00000000000000E+0000,Excluded
57,16,65,16,1,15, 0.00000000000000E+0000, 0.00000000000000E+0000,Excluded
57,16,73,16,3,13, 0.00000000000000E+0000, 0.00000000000000E+0000,Excluded
57,16,75,16,2,14, 0.00000000000000E+0000, 0.00000000000000E+0000,Excluded
57,16,76,16,3,13, 0.00000000000000E+0000, 0.00000000000000E+0000,Excluded
57,16,77,16,4,12, 0.00000000000000E+0000, 0.00000000000000E+0000,Excluded
57,16,78,16,4,12, 0.00000000000000E+0000, 0.00000000000000E+0000,Excluded
57,16,79,16,3,13, 0.00000000000000E+0000, 0.00000000000000E+0000,Excluded
57,16,8,16,5,11, 0.00000000000000E+0000, 0.00000000000000E+0000,Excluded
57,16,84,16,6,10, 0.00000000000000E+0000, 0.00000000000000E+0000,Excluded
57,16,85,16,3,13, 0.00000000000000E+0000, 0.00000000000000E+0000,Excluded
57,16,86,16,3,13, 0.00000000000000E+0000, 0.00000000000000E+0000,Excluded
57,16,89,16,6,10, 0.00000000000000E+0000, 0.00000000000000E+0000,Excluded
57,16,94,16,7,9, 0.00000000000000E+0000, 0.00000000000000E+0000,Excluded
57,16,95,16,7,9, 0.00000000000000E+0000, 0.00000000000000E+0000,Excluded
57,16,96,16,4,12, 0.00000000000000E+0000, 0.00000000000000E+0000,Excluded
57,16,98,16,2,14, 0.00000000000000E+0000, 0.00000000000000E+0000,Excluded
59,16,6,16,3,13, 0.00000000000000E+0000, 0.00000000000000E+0000,Excluded
59,16,60,16,2,14, 0.00000000000000E+0000, 0.00000000000000E+0000,Excluded
59,16,61,16,3,13, 0.00000000000000E+0000, 0.00000000000000E+0000,Excluded
59,16,62,16,2,14, 0.00000000000000E+0000, 0.00000000000000E+0000,Excluded
59,16,65,16,2,14, 0.00000000000000E+0000, 0.00000000000000E+0000,Excluded
59,16,73,16,1,15, 0.00000000000000E+0000, 0.00000000000000E+0000,Excluded
59,16,75,16,1,15, 0.00000000000000E+0000, 0.00000000000000E+0000,Excluded
59,16,76,16,3,13, 0.00000000000000E+0000, 0.00000000000000E+0000,Excluded
59,16,77,16,4,12, 0.00000000000000E+0000, 0.00000000000000E+0000,Excluded
59,16,78,16,3,13, 0.00000000000000E+0000, 0.00000000000000E+0000,Excluded
59,16,79,16,2,14, 0.00000000000000E+0000, 0.00000000000000E+0000,Excluded
59,16,8,16,5,11, 0.00000000000000E+0000, 0.00000000000000E+0000,Excluded
59,16,84,16,3,13, 0.00000000000000E+0000, 0.00000000000000E+0000,Excluded
59,16,85,16,3,13, 0.00000000000000E+0000, 0.00000000000000E+0000,Excluded
59,16,86,16,1,15, 0.00000000000000E+0000, 0.00000000000000E+0000,Excluded
59,16,89,16,5,11, 0.00000000000000E+0000, 0.00000000000000E+0000,Excluded
59,16,94,16,5,11, 0.00000000000000E+0000, 0.00000000000000E+0000,Excluded
59,16,95,16,9,7, 0.00000000000000E+0000, 0.00000000000000E+0000,Excluded
59,16,96,16,3,13, 0.00000000000000E+0000, 0.00000000000000E+0000,Excluded
59,16,98,16,3,13, 0.00000000000000E+0000, 0.00000000000000E+0000,Excluded
6,16,60,16,3,13, 0.00000000000000E+0000, 0.00000000000000E+0000,Excluded
6,16,61,16,6,10, 0.00000000000000E+0000, 0.00000000000000E+0000,Excluded
6,16,62,16,3,13, 0.00000000000000E+0000, 0.00000000000000E+0000,Excluded
6,16,65,16,3,13, 0.00000000000000E+0000, 0.00000000000000E+0000,Excluded
6,16,73,16,4,12, 0.00000000000000E+0000, 0.00000000000000E+0000,Excluded
6,16,75,16,1,15, 0.00000000000000E+0000, 0.00000000000000E+0000,Excluded
6,16,76,16,4,12, 0.00000000000000E+0000, 0.00000000000000E+0000,Excluded
6,16,77,16,3,13, 0.00000000000000E+0000, 0.00000000000000E+0000,Excluded
6,16,78,16,4,12, 0.00000000000000E+0000, 0.00000000000000E+0000,Excluded
6,16,79,16,4,12, 0.00000000000000E+0000, 0.00000000000000E+0000,Excluded
6,16,8,16,4,12, 0.00000000000000E+0000, 0.00000000000000E+0000,Excluded
6,16,84,16,4,12, 0.00000000000000E+0000, 0.00000000000000E+0000,Excluded
6,16,85,16,2,14, 0.00000000000000E+0000, 0.00000000000000E+0000,Excluded
6,16,86,16,4,12, 0.00000000000000E+0000, 0.00000000000000E+0000,Excluded
6,16,89,16,5,11, 0.00000000000000E+0000, 0.00000000000000E+0000,Excluded
6,16,94,16,5,11, 0.00000000000000E+0000, 0.00000000000000E+0000,Excluded
6,16,95,16,4,12, 0.00000000000000E+0000, 0.00000000000000E+0000,Excluded
6,16,96,16,5,11, 0.00000000000000E+0000, 0.00000000000000E+0000,Excluded
6,16,98,16,3,13, 0.00000000000000E+0000, 0.00000000000000E+0000,Excluded
60,16,61,16,5,11, 0.00000000000000E+0000, 0.00000000000000E+0000,Excluded
60,16,62,16,5,11, 0.00000000000000E+0000, 0.00000000000000E+0000,Excluded
60,16,65,16,5,11, 0.00000000000000E+0000, 0.00000000000000E+0000,Excluded
60,16,73,16,4,12, 0.00000000000000E+0000, 0.00000000000000E+0000,Excluded
60,16,75,16,0,16, 0.00000000000000E+0000, 0.00000000000000E+0000,Excluded
60,16,76,16,3,13, 0.00000000000000E+0000, 0.00000000000000E+0000,Excluded
60,16,77,16,2,14, 0.00000000000000E+0000, 0.00000000000000E+0000,Excluded
60,16,78,16,2,14, 0.00000000000000E+0000, 0.00000000000000E+0000,Excluded
60,16,79,16,0,16, 0.00000000000000E+0000, 0.00000000000000E+0000,Excluded
60,16,8,16,4,12, 0.00000000000000E+0000, 0.00000000000000E+0000,Excluded
60,16,84,16,5,11, 0.00000000000000E+0000, 0.00000000000000E+0000,Excluded
60,16,85,16,3,13, 0.00000000000000E+0000, 0.00000000000000E+0000,Excluded
60,16,86,16,4,12, 0.00000000000000E+0000, 0.00000000000000E+0000,Excluded
60,16,89,16,6,10, 0.00000000000000E+0000, 0.00000000000000E+0000,Excluded
60,16,94,16,4,12, 0.00000000000000E+0000, 0.00000000000000E+0000,Excluded
60,16,95,16,2,14, 0.00000000000000E+0000, 0.00000000000000E+0000,Excluded
60,16,96,16,2,14, 0.00000000000000E+0000, 0.00000000000000E+0000,Excluded
60,16,98,16,4,12, 0.00000000000000E+0000, 0.00000000000000E+0000,Excluded
61,16,62,16,2,14, 0.00000000000000E+0000, 0.00000000000000E+0000,Excluded
61,16,65,16,4,12, 0.00000000000000E+0000, 0.00000000000000E+0000,Excluded
61,16,73,16,4,12, 0.00000000000000E+0000, 0.00000000000000E+0000,Excluded
61,16,75,16,1,15, 0.00000000000000E+0000, 0.00000000000000E+0000,Excluded
61,16,76,16,5,11, 0.00000000000000E+0000, 0.00000000000000E+0000,Excluded
61,16,77,16,6,10, 0.00000000000000E+0000, 0.00000000000000E+0000,Excluded
61,16,78,16,5,11, 0.00000000000000E+0000, 0.00000000000000E+0000,Excluded
61,16,79,16,5,11, 0.00000000000000E+0000, 0.00000000000000E+0000,Excluded
61,16,8,16,3,13, 0.00000000000000E+0000, 0.00000000000000E+0000,Excluded
61,16,84,16,4,12, 0.00000000000000E+0000, 0.00000000000000E+0000,Excluded
61,16,85,16,4,12, 0.00000000000000E+0000, 0.00000000000000E+0000,Excluded
61,16,86,16,6,10, 0.00000000000000E+0000, 0.00000000000000E+0000,Excluded
61,16,89,16,6,10, 0.00000000000000E+0000, 0.00000000000000E+0000,Excluded
61,16,94,16,5,11, 0.00000000000000E+0000, 0.00000000000000E+0000,Excluded
61,16,95,16,5,11, 0.00000000000000E+0000, 0.00000000000000E+0000,Excluded
61,16,96,16,4,12, 0.00000000000000E+0000, 0.00000000000000E+0000,Excluded
61,16,98,16,3,13, 0.00000000000000E+0000, 0.00000000000000E+0000,Excluded
62,16,65,16,4,12, 0.00000000000000E+0000, 0.00000000000000E+0000,Excluded
62,16,73,16,4,12, 0.00000000000000E+0000, 0.00000000000000E+0000,Excluded
62,16,75,16,1,15, 0.00000000000000E+0000, 0.00000000000000E+0000,Excluded
62,16,76,16,4,12, 0.00000000000000E+0000, 0.00000000000000E+0000,Excluded
62,16,77,16,3,13, 0.00000000000000E+0000, 0.00000000000000E+0000,Excluded
62,16,78,16,2,14, 0.00000000000000E+0000, 0.00000000000000E+0000,Excluded
62,16,79,16,1,15, 0.00000000000000E+0000, 0.00000000000000E+0000,Excluded
62,16,8,16,4,12, 0.00000000000000E+0000, 0.00000000000000E+0000,Excluded
62,16,84,16,6,10, 0.00000000000000E+0000, 0.00000000000000E+0000,Excluded
62,16,85,16,5,11, 0.00000000000000E+0000, 0.00000000000000E+0000,Excluded
62,16,86,16,3,13, 0.00000000000000E+0000, 0.00000000000000E+0000,Excluded
62,16,89,16,5,11, 0.00000000000000E+0000, 0.00000000000000E+0000,Excluded
62,16,94,16,5,11, 0.00000000000000E+0000, 0.00000000000000E+0000,Excluded
62,16,95,16,3,13, 0.00000000000000E+0000, 0.00000000000000E+0000,Excluded
62,16,96,16,5,11, 0.00000000000000E+0000, 0.00000000000000E+0000,Excluded
62,16,98,16,6,10, 0.00000000000000E+0000, 0.00000000000000E+0000,Excluded
65,16,73,16,3,13, 0.00000000000000E+0000, 0.00000000000000E+0000,Excluded
65,16,75,16,0,16, 0.00000000000000E+0000, 0.00000000000000E+0000,Excluded
65,16,76,16,3,13, 0.00000000000000E+0000, 0.00000000000000E+0000,Excluded
65,16,77,16,1,15, 0.00000000000000E+0000, 0.00000000000000E+0000,Excluded
65,16,78,16,1,15, 0.00000000000000E+0000, 0.00000000000000E+0000,Excluded
65,16,79,16,0,16, 0.00000000000000E+0000, 0.00000000000000E+0000,Excluded
65,16,8,16,3,13, 0.00000000000000E+0000, 0.00000000000000E+0000,Excluded
65,16,84,16,6,10, 0.00000000000000E+0000, 0.00000000000000E+0000,Excluded
65,16,85,16,4,12, 0.00000000000000E+0000, 0.00000000000000E+0000,Excluded
65,16,86,16,3,13, 0.00000000000000E+0000, 0.00000000000000E+0000,Excluded
65,16,89,16,4,12, 0.00000000000000E+0000, 0.00000000000000E+0000,Excluded
65,16,94,16,4,12, 0.00000000000000E+0000, 0.00000000000000E+0000,Excluded
65,16,95,16,3,13, 0.00000000000000E+0000, 0.00000000000000E+0000,Excluded
65,16,96,16,4,12, 0.00000000000000E+0000, 0.00000000000000E+0000,Excluded
65,16,98,16,4,12, 0.00000000000000E+0000, 0.00000000000000E+0000,Excluded
73,16,75,16,3,13, 0.00000000000000E+0000, 0.00000000000000E+0000,Excluded
73,16,76,16,2,14, 0.00000000000000E+0000, 0.00000000000000E+0000,Excluded
73,16,77,16,2,14, 0.00000000000000E+0000, 0.00000000000000E+0000,Excluded
73,16,78,16,4,12, 0.00000000000000E+0000, 0.00000000000000E+0000,Excluded
73,16,79,16,1,15, 0.00000000000000E+0000, 0.00000000000000E+0000,Excluded
73,16,8,16,5,11, 0.00000000000000E+0000, 0.00000000000000E+0000,Excluded
73,16,84,16,7,9, 0.00000000000000E+0000, 0.00000000000000E+0000,Excluded
73,16,85,16,1,15, 0.00000000000000E+0000, 0.00000000000000E+0000,Excluded
73,16,86,16,3,13, 0.00000000000000E+0000, 0.00000000000000E+0000,Excluded
73,16,89,16,6,10, 0.00000000000000E+0000, 0.00000000000000E+0000,Excluded
73,16,94,16,4,12, 0.00000000000000E+0000, 0.00000000000000E+0000,Excluded
73,16,95,16,2,14, 0.00000000000000E+0000, 0.00000000000000E+0000,Excluded
73,16,96,16,4,12, 0.00000000000000E+0000, 0.00000000000000E+0000,Excluded
73,16,98,16,4,12, 0.00000000000000E+0000, 0.00000000000000E+0000,Excluded
75,16,76,16,1,15, 0.00000000000000E+0000, 0.00000000000000E+0000,Excluded
75,16,77,16,3,13, 0.00000000000000E+0000, 0.00000000000000E+0000,Excluded
75,16,78,16,3,13, 0.00000000000000E+0000, 0.00000000000000E+0000,Excluded
75,16,79,16,3,13, 0.00000000000000E+0000, 0.00000000000000E+0000,Excluded
75,16,8,16,1,15, 0.00000000000000E+0000, 0.00000000000000E+0000,Excluded
75,16,84,16,1,15, 0.00000000000000E+0000, 0.00000000000000E+0000,Excluded
75,16,85,16,2,14, 0.00000000000000E+0000, 0.00000000000000E+0000,Excluded
75,16,86,16,2,14, 0.00000000000000E+0000, 0.00000000000000E+0000,Excluded
75,16,89,16,3,13, 0.00000000000000E+0000, 0.00000000000000E+0000,Excluded
75,16,94,16,1,15, 0.00000000000000E+0000, 0.00000000000000E+0000,Excluded
75,16,95,16,1,15, 0.00000000000000E+0000, 0.00000000000000E+0000,Excluded
75,16,96,16,3,13, 0.00000000000000E+0000, 0.00000000000000E+0000,Excluded
75,16,98,16,0,16, 0.00000000000000E+0000, 0.00000000000000E+0000,Excluded
76,16,77,16,4,12, 0.00000000000000E+0000, 0.00000000000000E+0000,Excluded
76,16,78,16,4,12, 0.00000000000000E+0000, 0.00000000000000E+0000,Excluded
76,16,79,16,7,9, 0.00000000000000E+0000, 0.00000000000000E+0000,Excluded
76,16,8,16,3,13, 0.00000000000000E+0000, 0.00000000000000E+0000,Excluded
76,16,84,16,2,14, 0.00000000000000E+0000, 0.00000000000000E+0000,Excluded
76,16,85,16,2,14, 0.00000000000000E+0000, 0.00000000000000E+0000,Excluded
76,16,86,16,1,15, 0.00000000000000E+0000, 0.00000000000000E+0000,Excluded
76,16,89,16,2,14, 0.00000000000000E+0000, 0.00000000000000E+0000,Excluded
76,16,94,16,5,11, 0.00000000000000E+0000, 0.00000000000000E+0000,Excluded
76,16,95,16,3,13, 0.00000000000000E+0000, 0.00000000000000E+0000,Excluded
76,16,96,16,3,13, 0.00000000000000E+0000, 0.00000000000000E+0000,Excluded
76,16,98,16,5,11, 0.00000000000000E+0000, 0.00000000000000E+0000,Excluded
77,16,78,16,6,10, 0.00000000000000E+0000, 0.00000000000000E+0000,Excluded
77,16,79,16,5,11, 0.00000000000000E+0000, 0.00000000000000E+0000,Excluded
77,16,8,16,2,14, 0.00000000000000E+0000, 0.00000000000000E+0000,Excluded
77,16,84,16,3,13, 0.00000000000000E+0000, 0.00000000000000E+0000,Excluded
77,16,85,16,2,14, 0.00000000000000E+0000, 0.00000000000000E+0000,Excluded
77,16,86,16,3,13, 0.00000000000000E+0000, 0.00000000000000E+0000,Excluded
77,16,89,16,5,11, 0.00000000000000E+0000, 0.00000000000000E+0000,Excluded
77,16,94,16,4,12, 0.00000000000000E+0000, 0.00000000000000E+0000,Excluded
77,16,95,16,6,10, 0.00000000000000E+0000, 0.00000000000000E+0000,Excluded
77,16,96,16,4,12, 0.00000000000000E+0000, 0.00000000000000E+0000,Excluded
77,16,98,16,4,12, 0.00000000000000E+0000, 0.00000000000000E+0000,Excluded
78,16,79,16,7,9, 0.00000000000000E+0000, 0.00000000000000E+0000,Excluded
78,16,8,16,2,14, 0.00000000000000E+0000, 0.00000000000000E+0000,Excluded
78,16,84,16,2,14, 0.00000000000000E+0000, 0.00000000000000E+0000,Excluded
78,16,85,16,2,14, 0.00000000000000E+0000, 0.00000000000000E+0000,Excluded
78,16,86,16,4,12, 0.00000000000000E+0000, 0.00000000000000E+0000,Excluded
78,16,89,16,4,12, 0.00000000000000E+0000, 0.00000000000000E+0000,Excluded
78,16,94,16,5,11, 0.00000000000000E+0000, 0.00000000000000E+0000,Excluded
78,16,95,16,4,12, 0.00000000000000E+0000, 0.00000000000000E+0000,Excluded
78,16,96,16,5,11, 0.00000000000000E+0000, 0.00000000000000E+0000,Excluded
78,16,98,16,3,13, 0.00000000000000E+0000, 0.00000000000000E+0000,Excluded
79,16,8,16,1,15, 0.00000000000000E+0000, 0.00000000000000E+0000,Excluded
79,16,84,16,0,16, 0.00000000000000E+0000, 0.00000000000000E+0000,Excluded
79,16,85,16,1,15, 0.00000000000000E+0000, 0.00000000000000E+0000,Excluded
79,16,86,16,2,14, 0.00000000000000E+0000, 0.00000000000000E+0000,Excluded
79,16,89,16,2,14, 0.00000000000000E+0000, 0.00000000000000E+0000,Excluded
79,16,94,16,2,14, 0.00000000000000E+0000, 0.00000000000000E+0000,Excluded
79,16,95,16,3,13, 0.00000000000000E+0000, 0.00000000000000E+0000,Excluded
79,16,96,16,3,13, 0.00000000000000E+0000, 0.00000000000000E+0000,Excluded
79,16,98,16,3,13, 0.00000000000000E+0000, 0.00000000000000E+0000,Excluded
8,16,84,16,6,10, 0.00000000000000E+0000, 0.00000000000000E+0000,Excluded
8,16,85,16,2,14, 0.00000000000000E+0000, 0.00000000000000E+0000,Excluded
8,16,86,16,2,14, 0.00000000000000E+0000, 0.00000000000000E+0000,Excluded
8,16,89,16,5,11, 0.00000000000000E+0000, 0.00000000000000E+0000,Excluded
8,16,94,16,5,11, 0.00000000000000E+0000, 0.00000000000000E+0000,Excluded
8,16,95,16,5,11, 0.00000000000000E+0000, 0.00000000000000E+0000,Excluded
8,16,96,16,6,10, 0.00000000000000E+0000, 0.00000000000000E+0000,Excluded
8,16,98,16,3,13, 0.00000000000000E+0000, 0.00000000000000E+0000,Excluded
84,16,85,16,3,13, 0.00000000000000E+0000, 0.00000000000000E+0000,Excluded
84,16,86,16,3,13, 0.00000000000000E+0000, 0.00000000000000E+0000,Excluded
84,16,89,16,9,7, 0.00000000000000E+0000, 0.00000000000000E+0000,Excluded
84,16,94,16,6,10, 0.00000000000000E+0000, 0.00000000000000E+0000,Excluded
84,16,95,16,4,12, 0.00000000000000E+0000, 0.00000000000000E+0000,Excluded
84,16,96,16,4,12, 0.00000000000000E+0000, 0.00000000000000E+0000,Excluded
84,16,98,16,4,12, 0.00000000000000E+0000, 0.00000000000000E+0000,Excluded
85,16,86,16,8,8, 0.00000000000000E+0000, 0.00000000000000E+0000,Excluded
85,16,89,16,2,14, 0.00000000000000E+0000, 0.00000000000000E+0000,Excluded
85,16,94,16,4,12, 0.00000000000000E+0000, 0.00000000000000E+0000,Excluded
85,16,95,16,4,12, 0.00000000000000E+0000, 0.00000000000000E+0000,Excluded
85,16,96,16,4,12, 0.00000000000000E+0000, 0.00000000000000E+0000,Excluded
85,16,98,16,5,11, 0.00000000000000E+0000, 0.00000000000000E+0000,Excluded
86,16,89,16,4,12, 0.00000000000000E+0000, 0.00000000000000E+0000,Excluded
86,16,94,16,5,11, 0.00000000000000E+0000, 0.00000000000000E+0000,Excluded
86,16,95,16,3,13, 0.00000000000000E+0000, 0.00000000000000E+0000,Excluded
86,16,96,16,4,12, 0.00000000000000E+0000, 0.00000000000000E+0000,Excluded
86,16,98,16,4,12, 0.00000000000000E+0000, 0.00000000000000E+0000,Excluded
89,16,94,16,7,9, 0.00000000000000E+0000, 0.00000000000000E+0000,Excluded
89,16,95,16,5,11, 0.00000000000000E+0000, 0.00000000000000E+0000,Excluded
89,16,96,16,4,12, 0.00000000000000E+0000, 0.00000000000000E+0000,Excluded
89,16,98,16,4,12, 0.00000000000000E+0000, 0.00000000000000E+0000,Excluded
94,16,95,16,6,10, 0.00000000000000E+0000, 0.00000000000000E+0000,Excluded
94,16,96,16,6,10, 0.00000000000000E+0000, 0.00000000000000E+0000,Excluded
94,16,98,16,3,13, 0.00000000000000E+0000, 0.00000000000000E+0000,Excluded
95,16,96,16,5,11, 0.00000000000000E+0000, 0.00000000000000E+0000,Excluded
95,16,98,16,4,12, 0.00000000000000E+0000, 0.00000000000000E+0000,Excluded
96,16,98,16,5,11, 0.00000000000000E+0000, 0.00000000000000E+0000,Excluded
