Date;Season;Project_phase;Start_Time;End_Time;Study_site;Trap_nr;Squirrel_ID;Name;Animal_nr;Capture_or_recapture;Sex;repro_status;age_class;body_length_mm;tail_length_mm;hind_foot_length_mm;neck_size_mm;Squirrel_bag_nr;Squirrel_bag_weight;Weight_bag_squirrel;Weight_squirrel;physical_status;nutritional_status;collar_nr;collar_frequency;collar_breaking_point_label;box;box_start;box_end;blood_smear;full_blood;plasma;plasma_µl;faeces_sample;faeces_sample_label;after_sample;after_sample_label;EHI_feaces;EHI_feaces_label;EHI_after;EHI_after_label;fur_sample;fur_sample_label;hind_foot_sample;hind_foot_sample_label;oral_sample;oral_sample_label;tissue_sample;tissue_sample_label;EHI_tissue;EHI_tissue_label;score_sheet_cat;Temperature_Celsius;Weather;People;trap_score;docility_score;release_score;comment;protocol_nr_old;protocol_nr
20.10.2021;Autumn;1;9:34:00 AM;NA;Rahnsdorf;B_Rahn_01;8041A02;Ratchet;Sciurus_B_Rahn_01_M01;capture;m;NA;adult;252;188;50.6;155;1;95;495;400;very_good;very_good;NA;NA;NA;no;NA;NA;no;no;no;NA;no;NA;yes;20211020_Sciurus_B_Rahn_01_M01_After;no;NA;yes;ABW28;yes;20211020_Sciurus_B_Rahn_01_M01_Fell;yes;20211020_Sciurus_B_Rahn_01_M01_Hind_Foot;no;NA;yes;Sciurus_8041A02_TISSUE_20/10/21;yes;ABW29;NA;14;dry_sunny;SKS. SD. CS. FG.KR(in B.);NA;NA;NA;NA;1;1
29.10.2021;Autumn;1;8:45:00 AM;NA;Treptower_Park;B_Trep_05;8041A5D;Scar;Sciurus_B_Trep_05_M02;capture;m;NA;adult;240;182;62.5;NA;1;95;520;425;very_good;very_good;NA;NA;NA;no;NA;NA;no;no;no;NA;yes;B_Trep_5_M02_Kot;yes;B_Trep_5_M02_After;no;NA;yes;ABW31;yes;B_Trep_5_M02_Fell;yes;B_Trep_5_M02_Hind_foot;no;NA;yes;B_Trep_5_M02_Tissue;yes;ABW30;NA;NA;dry_sunny;SKS. SD. CL. CS. KR(in B.);NA;NA;NA;Fleas, Name was Woody (ID 8042AFB) at the beginning, but was changed to Scar after the genetic analyses;3;2
29.10.2021;Autumn;1;10:50:00 AM;11:30:00 AM;Treptower_Park;B_Trep_02_mobil;80426FF;Bolt;Sciurus_B_Trep_02mob_M03;capture;m;NA;juvenile;231;183;52.8;NA;1;95;460;365;very_good;very_good;NA;NA;NA;no;NA;NA;no;no;no;NA;no;NA;yes;Sciurus_B_Trep_02mob_M03_After;no;NA;yes;ABW32;yes;Sciurus_B_Trep_02mob_M03_Fell;yes;Sciurus_B_Trep_02mob_M03_Hind_foot;no;NA;yes;Sciurus_B_Trep_02mob_M03_Tissue;yes;ABW33;NA;9;sunny;SKS. SD. CL. CS. KR(in B.);NA;NA;NA;Fleas. only 1mm2 Tissue für EHI. recaptured at the 30.10.2021;2;3
29.10.2021;Autumn;1;11:54:00 AM;NA;Treptower_Park;B_Trep_05;80428EA;Josie;Sciurus_B_Trep_11_W11;capture;f;NA;juvenile;241;174;58.4;NA;1;95;480;385;very_good;very_good;NA;NA;NA;no;NA;NA;no;no;no;NA;no;NA;yes;Sciurus_B_Trep_05_W01_After;no;NA;yes;ABW34;yes;Sciurus_B_Trep_05_W01_Fell;yes;Sciurus_B_Trep_05_W01_Hind_foot;yes;Sciurus_B_Trep_05_W01_oral;yes;Sciurus_B_Trep_05_W01_Tissue;yes;ABW35;NA;NA;dry_sunny;SKS. SD. CL. CS. KR(in B.);NA;NA;NA;"we tried to chip the squirrel. but after handling the chip was in the handling bag; Name was Isabella (chip got lost) at the beginning, but was changed to Josie after the genetic analyses";4;4
29.10.2021;Autumn;1;12:38:00 PM;NA;Treptower_Park;B_Trep_02_mobil;808F334;Jessie;Sciurus_B_Trep_02mob_29102021_W02;capture;f;NA;juvenile;230;171;57.9;NA;1;95;455;360;very_good;very_good;NA;NA;NA;no;NA;NA;no;no;no;NA;no;NA;yes;Sciurus_B_Trep_02mob_29102021_W02_After;no;NA;yes;ABW36;yes;Sciurus_B_Trep_02mob_29102021_W02_Fell;yes;Sciurus_B_Trep_02mob_W02_29102021_Hind_foot;no;NA;no;NA;yes;ABW45;NA;NA;dry_sunny;SKS. SD. CL. CS.KR(in B.);NA;NA;NA;fleas. old injury on the snout;;5
29.10.2021;Autumn;1;1:30:00 PM;NA;Treptower_Park;B_Trep_03;8042AB3;Bonnie;Sciurus_B_Trep_03_29102021_W03;capture;f;NA;juvenile;249;166;58.8;NA;1;95;500;405;very_good;very_good;NA;NA;NA;no;NA;NA;no;no;no;NA;no;NA;yes;Sciurus_B_Trep_03_29102021_W03_After;no;NA;yes;ABW37;yes;Sciurus_B_Trep_03_29102021_W03_Fell;yes;Sciurus_B_Trep_03_29102021_W03_Hind_foot;no;NA;yes;Sciurus_8042AB3_TISSUE_29/10/21;yes;ABW38;NA;14;sunny;SKS. SD. CL. CS. KR(in B.);NA;NA;NA;NA;6;6
30.10.2021;Autumn;1;8:45:00 AM;NA;Treptower_Park;B_Trep_02_mobil;80426FF;Bolt;Sciurus_B_Trep_02mob_M02;recapture;m;NA;juvenile;NA;NA;NA;NA;1;NA;NA;NA;NA;NA;NA;NA;NA;no;NA;NA;no;no;no;NA;no;NA;no;NA;no;NA;no;NA;no;NA;no;NA;yes;Sciurus_B_Trep_02mob_30102021_M03_oral;no;NA;no;NA;NA;6;dry_sunny;SKS. SD. CL. KR(in B.);NA;NA;NA;recapture;;7
30.10.2021;Autumn;1;10:17:00 AM;10:44:00 AM;Treptower_Park;B_Trep_02_mobil;8042C77;Buzz;Sciurus_B_Trep_02mob_30102021_M04;capture;m;NA;adult;267;205;53.9;NA;2;113;560;447;good;very_good;NA;NA;NA;no;NA;NA;no;no;no;NA;no;NA;yes;Sciurus_B_Trep_02mob_30102021_M04_After;no;NA;yes;ABW39;yes;Sciurus_B_Trep_02mob_30102021_M04_Fell;no;NA;yes;Sciurus_B_Trep_02mob_30102021_M04_oral;yes;Sciurus_8042C77_TISSUE_29/10/21;yes;ABW40;NA;8;dry_sunny;SKS. SD. CL. KR(in B.);NA;NA;NA;injury on the snout;8;8
12.04.2022;Spring;2;7:55:00 AM;NA;Treptower_Park;B_Trep_07;NA;Michael;Sciurus_B_Trep_07_M04;capture;m;NA;juvenile;255;132;41.2;NA;1;86;NA;NA;very_good;very_good;NA;NA;NA;no;NA;NA;no;no;no;NA;no;NA;yes;Sciurus_8043823_AFTER_12/4/22;no;NA;yes;ABW43;yes;Sciurus_8043823_FUR_12/4/22;no;NA;no;NA;no;NA;yes;ABW44;NA;3;dry_sunny;SKS.SD.EH.KR(in B.);NA;NA;NA;too lean to place chip under skin. 8043B23 as number for eppis. even though no ID yet;;9
12.04.2022;Spring;2;10:07:00 AM;NA;Treptower_Park;B_Trep_07_mobil;808F0BF;Jim;Sciurus_B_Trep_07mob_12042022_M05;capture;m;NA;adult;257;165;52.5;NA;1;86;480;394;very_good;very_good;NA;NA;NA;no;NA;NA;no;no;no;NA;no;NA;yes;Sciurus_808F0BF_AFTER_12/4/22;no;NA;yes;ABW63;yes;Sciurus_808F0BF_FUR_12/4/22;no;NA;yes;Sciurus_808F0BF_ORAL_12/4/22;yes;Sciurus_808F0BF_TISSUE_12/4/22;yes;ABW54;NA;10;dry_sunny;SKS.SD.EH.KR(in B.);NA;NA;NA;large testicles;10;10
12.04.2022;Spring;2;10:45:00 AM;NA;Treptower_Park;B_Trep_07;8042A23;Pam;Sciurus_B_Trep_07_W04;capture;f;NA;juvenile;243;188;50.6;6.5-8.5;1;86;424.5;338.5;very_good;very_good;NA;NA;NA;no;NA;NA;no;no;no;NA;no;NA;yes;Sciurus_8042A23_AFTER_12/4/22;no;NA;yes;ABW41;yes;Sciurus_8042A23_FUR_12/4/22;no;NA;yes;Sciurus_8042A23_ORAL_12/4/22;yes;Sciurus_8042A23_TISSUE_12/4/22;yes;ABW42;NA;13;dry_sunny;SKS.SD.EH.KR(in B.);NA;NA;NA;glued after (hard), scratched nose, fleas;11;11
13.04.2022;Spring;2;6:58:00 AM;NA;Treptower_Park;B_Trep_03;804BC71;Dwight;Sciurus_B_Trep_03_M06;capture;m;NA;adult;222;152;56.4;NA;1;86;486;400;very_good;very_good;NA;NA;NA;no;NA;NA;no;no;no;NA;no;NA;yes;Sciurus_804BC71_AFTER_13/4/22;no;NA;yes;ABW55;yes;Sciurus_804BC71_FUR_13/4/22;no;NA;yes;Sciurus_804BC71_ORAL_13/4/22;yes;Sciurus_804BC71_TISSUE_13/4/22;yes;ABW56;NA;6;dry_sunny;SKS.SD.EH.PM.KR (in B.);NA;NA;NA;Fleas;12;12
13.04.2022;Spring;2;8:45:00 AM;NA;Treptower_Park;B_Trep_03;808F586;Phyllis;Sciurus_B_Trep_03_W05;capture;f;NA;adult;250;138;51;NA;1;86;534;448;very_good;very_good;NA;NA;NA;no;NA;NA;no;no;no;NA;no;NA;yes;Sciurus_808F586_AFTER_13/4/22;no;NA;yes;ABW59;yes;Sciurus_808F586_FUR_13/4/22;no;NA;yes;Sciurus_808F586_ORAL_13/4/22;yes;Sciurus_808F586_TISSUE_13/4/22;yes;ABW60;NA;9;dry_sunny;SKS.SD.EH.PM.KR (in B.);NA;NA;NA;maybe pregnant;13;13
14.04.2022;Spring;2;9:17:00 AM;NA;Treptower_Park;B_Trep_04;808F0BF;Jim;Sciurus_B_Trep_04_M05;recapture;m;NA;adult;NA;NA;NA;NA;1;86;NA;NA;injured;very_good;NA;NA;NA;no;NA;NA;no;no;no;NA;no;NA;no;NA;no;NA;no;NA;no;NA;no;NA;no;NA;no;NA;no;NA;NA;14;dry_sunny;SKS.SD.VW.EH.KR (i.B.);NA;NA;NA;head injury;;14
14.04.2022;Spring;2;9:43:00 AM;NA;Treptower_Park;B_Trep_07;8042A85;Taylor;Sciurus_B_Trep_07_NA;capture;NA;NA;adult;240;170;NA;NA;1;86;NA;NA;very_good;very_good;NA;NA;NA;no;NA;NA;no;no;no;NA;no;NA;no;NA;no;NA;no;NA;yes;Sciurus_8042A85_FUR_14/4/22;no;NA;no;NA;yes;Sciurus_8042A85_TISSUE_14/4/22;yes;ABW47;NA;14;dry_sunny;SKS.SD.VW.EH.KR (i.B.);NA;NA;NA;escaped;15;15
14.04.2022;Spring;2;11:15:00 AM;NA;Treptower_Park;B_Trep_07_mobil;808F334;Jessie;Sciurus_B_Trep_mob_140402022_W02;recapture;f;NA;adult;240;NA;NA;NA;1;86;NA;NA;very_good;very_good;NA;NA;NA;no;NA;NA;no;no;no;NA;no;NA;yes;Sciurus_808F334_AFTER_14/4/22;no;NA;yes;ABW49;no;NA;no;NA;yes;Sciurus_808F334_ORAL_14/4/22;yes;Sciurus_808F334_TISSUE_14/4/22;yes;ABW48;NA;16;dry_sunny;SKS.SD.VW.EH.KR (i.B.);NA;NA;NA;NA;16;16
20.04.2022;Spring;2;8:53:00 AM;NA;Rahnsdorf;B_Rahn_06;8041A02;Ratchet;Sciurus_B_Rahn_06_M01;recapture;m;NA;adult;NA;NA;NA;110;2;104;478;374;very_good;very_good;33097;151.200;NA;yes;NA;NA;no;no;no;NA;yes;Sciurus_808EEB8_FAECES;yes;Sciurus_808EEB8_AFTER;no;NA;yes;ABW57;no;NA;no;NA;no;NA;no;NA;no;NA;NA;9;dry_cloudy;SKS.SD.MD.VW.EH.KR(in B.);NA;NA;NA;recapture.fleas.escaped from box within seconds;;17
20.04.2022;Spring;2;10:30:00 AM;NA;Rahnsdorf;B_Rahn_06;804BBBC;Clank;Sciurus_B_Rahn_06_M02;capture;m;NA;adult;236;155;55.8;NA;2;104;479;375;bad;good;NA;NA;NA;no;NA;NA;no;no;no;NA;yes;Sciurus_804BBBC_FAECES_20/4/22;yes;Sciurus_804BBBC_AFTER_20/4/22;no;NA;yes;ABW52;yes;Sciurus_804BBBC_FUR_20/4/22;no;NA;yes;Sciurus_804BBBC_ORAL_20/4/22;yes;Sciurus_804BBBC_TISSUE_20/4/22;yes;ABW53;NA;9;rainy;SKS.SD.MD.VW.EH. KR (in B.);NA;NA;NA;"wound left flank; 8-10cm. diarrhea";18;18
21.04.2022;Spring;2;9:16:00 AM;NA;Rahnsdorf;B_Rahn_02;8041D2F;Kevin;Sciurus_B_Rahn_02_M03;capture;m;NA;adult;211;171;49;NA;2;104;503;399;very_good;very_good;NA;NA;NA;no;NA;NA;no;no;no;NA;no;NA;yes;Sciurus_8041D2F_AFTER_21/4/22;no;NA;yes;ABW69;yes;Sciurus_8041D2F_FUR_21/4/22;no;NA;yes;Sciurus_8041D2F_ORAL_21/4/22;yes;Sciurus_8041D2F_TISSUE_21/4/22;yes;ABW68;NA;9;rainy_cloudy;SD.MD.VW.EH.KR (in B.);NA;NA;NA;fleas;19;19
21.04.2022;Spring;2;11:40:00 AM;NA;Rahnsdorf;B_Rahn_05;8041A02;Ratchet;Sciurus_B_Rahn_06_M01;recapture;m;NA;adult;NA;NA;NA;110;NA;NA;NA;NA;very_good;very_good;33097;151.200;NA;no;NA;NA;no;no;no;NA;no;NA;no;NA;no;NA;no;NA;no;NA;no;NA;no;NA;no;NA;no;NA;NA;9;cloudy;SD.MD.EH.KR (in B.);NA;NA;NA;migration over street;;20
26.04.2022;Spring;2;7:32:00 AM;NA;Treptower_Park;B_Trep_03;804BCFF;Gina;Sciurus_B_Trep_03_W06;capture;f;NA;subadult;210;170;53.4;NA;2;101.5;506;404.5;very_good;very_good;NA;NA;NA;no;NA;NA;no;no;no;NA;no;NA;yes;Sciurus_804BCFF_AFTER_26/4/22;no;NA;yes;ABW51;yes;Sciurus_804BCFF_FUR_26/4/22;no;NA;yes;Sciurus_804BCFF_ORAL_26/4/22;yes;Sciurus_804BCFF_TISSUE_26/4/22;yes;ABW50;NA;6;dry_sunny;SKS.SD.VW.EH.KR (i.B.);NA;NA;NA;NA;21;21
26.04.2022;Spring;2;8:10:00 AM;NA;Treptower_Park;B_Trep_07;8041A5D;Scar;Sciurus_B_Trep_07_M01;recapture;m;NA;adult;NA;NA;NA;NA;2;101.5;531.8;430.3;very_good;very_good;NA;NA;NA;no;NA;NA;no;no;no;NA;no;NA;yes;Sciurus_8042AFB_AFTER_26/4/22;no;NA;yes;ABW64;no;NA;no;NA;yes;Sciurus_8042AFB_ORAL_26/4/22;no;NA;no;NA;NA;5;dry_sunny;SKS.SD.VW.EH.KR (i.B.);NA;NA;NA;"old wound at nose; Name was Woody (ID 8042AFB) at the beginning, but was changed to Scar after the genetic analyses";;22
26.04.2022;Spring;2;10:52:00 AM;NA;Treptower_Park;B_Trep_07;804BA89;Cheddar;Sciurus_B_Trep_07_M07;capture;m;NA;adult;233;175;NA;NA;2;101.5;NA;NA;very_good;good;NA;NA;NA;no;NA;NA;no;no;no;NA;no;NA;no;NA;no;NA;yes;ABW75;yes;Sciurus_804BA89_FUR_26/4/22;no;NA;no;NA;yes;Sciurus_804BA89_TISSUE_26/4/22;yes;ABW74;NA;13;dry_sunny;SKS.SD.VW.EH.KR (i.B.);NA;NA;NA;torn ear. fleas.escaped before oral;23;23
26.04.2022;Spring;2;11:24:00 AM;NA;Treptower_Park;B_Trep_03;8041A2E;Jake;Sciurus_B_Trep_03_M08;capture;m;NA;juvenile;243;187;59.5;NA;1;86;484.6;398.6;very_good;very_good;NA;NA;NA;no;NA;NA;no;no;no;NA;no;NA;yes;Sciurus_8041A2E_AFTER_26/4/22;no;NA;yes;ABW76;yes;Sciurus_8041A2E_FUR_26/4/22;no;NA;yes;Sciurus_8041A2E_ORAL_26/4/22;yes;Sciurus_8041A2E_TISSUE_26/4/22;yes;ABW77;NA;14;dry_sunny;SKS.SD.VW.EH.KR (i.B.);NA;NA;NA;faeces in ABW76;24;24
26.04.2022;Spring;2;12:00:00 PM;NA;Treptower_Park;B_Trep_03;80427A7;Rosa;Sciurus_B_Trep_03_W07;capture;f;non;juvenile;151;152;46.1;NA;2;101.5;248.8;147.3;very_good;very_good;NA;NA;NA;no;NA;NA;no;no;no;NA;no;NA;no;NA;no;NA;yes;ABW71;no;NA;no;NA;yes;Sciurus_80427A7_ORAL_26/4/22;yes;Sciurus_80427A7_TISSUE_26/4/22;yes;ABW70;NA;13;dry_sunny;SKS.SD.VW.KR (in B.);NA;NA;NA;fleas. this year´s juvenile;25;25
27.04.2022;Spring;2;8:00:00 AM;8:10:00 AM;Treptower_Park;B_Trep_03;8043A46;Boyle;Sciurus_B_Trep_03_M09;capture;m;NA;adult;205;161;54.2;NA;NA;NA;NA;NA;very_good;very_good;NA;NA;NA;no;NA;NA;no;no;no;NA;no;NA;yes;Sciurus_8043A46_AFTER_27/4/22;no;NA;yes;ABW73;yes;Sciurus_8043A46_FUR_27/4/22;no;NA;no;NA;yes;Sciurus_8043A46_TISSUE_27/4/22;yes;ABW72;NA;9;dry_sunny;SKS.SD.MD.ES.KR (in B.);NA;3;NA;vocalised. fights during handling. escaped before weighing;26;26
27.04.2022;Spring;2;8:30:00 AM;NA;Treptower_Park;B_Trep_04;804BC71;Dwight;Sciurus_B_Trep_03_M06;recapture;m;NA;adult;NA;NA;NA;NA;1;86;492.2;406.2;very_good;very_good;NA;NA;NA;no;NA;NA;no;no;no;NA;no;NA;no;NA;no;NA;no;NA;no;NA;no;NA;no;NA;no;NA;no;NA;NA;11;dry_sunny;SKS.SD.MD.ES.KR (in B.);NA;2;NA;vocalised;;27
27.04.2022;Spring;2;8:47:00 AM;NA;Treptower_Park;B_Trep_07_mobil;808F1CD;Amy;Sciurus_B_Trep_07_mob_W08;capture;f;NA;adult;232;148;53;NA;1;86;507.9;421.9;very_good;very_good;NA;NA;NA;no;NA;NA;no;no;no;NA;no;NA;yes;Sciurus_808F1CD_AFTER_27/4/22;no;NA;yes;ABW79;yes;Sciurus_808F1CD_FUR_27/4/22;no;NA;yes;Sciurus_808F1CD_ORAL_27/4/22;yes;Sciurus_808F1CD_TISSUE_27/4/22;yes;ABW78;NA;11;dry_sunny;SKS.SD.MD.ES.KR (in B.);NA;1.5;NA; relatively calm;28;28
27.04.2022;Spring;2;9:17:00 AM;9:40:00 AM;Treptower_Park;B_Trep_07;80428D6;Isabella;Sciurus_B_Trep_07_W01;capture;f;NA;adult;235;188;50.6;NA;1;86;444.5;358.5;very_good;very_good;NA;NA;NA;no;NA;NA;no;no;no;NA;no;NA;yes;Sciurus_80428D6_AFTER_27/4/22;no;NA;yes;ABW62;yes;Sciurus_80428D6_FUR_27/4/22;no;NA;yes;Sciurus_80428D6_ORAL_27/4/22;yes;Sciurus_80428D6_TISSUE_27/4/22;yes;ABW61;NA;11;dry_sunny;SKS.SD.MD.ES.KR (in B.);NA;2.5;NA;wounded at nose (old);29;29
27.04.2022;Spring;2;10:15:00 AM;NA;Treptower_Park;B_Trep_06;8041AE9;Robinia;Sciurus_B_Trep_06_W09;capture;f;NA;adult;212;164;51.5;NA;1;86;466.6;380.6;very_good;very_good;NA;NA;NA;no;NA;NA;no;no;no;NA;yes;Sciurus_8041AE9_FAECES_27/4/22;yes;Sciurus_8041AE9_AFTER_27/4/22;no;NA;yes;ABW67;yes;Sciurus_8041AE9_FUR_27/4/22;no;NA;yes;Sciurus_8041AE9_ORAL_27/4/22;yes;Sciurus_8041AE9_TISSUE_27/4/22;yes;ABW66;NA;14;dry_sunny;SKS.SD.MD.ES.KR (in B.);NA;2;NA; flies on faeces;30;30
02.05.2022;Spring;2;7:45:00 AM;7:58:00 AM;Rahnsdorf;B_Rahn_02;804BBBC;Clank;Sciurus_B_Rahn_02_M02;recapture;m;NA;adult;NA;NA;NA;NA;2;101.5;484;382.5;very_good;very_good;NA;NA;NA;no;NA;NA;no;no;no;NA;no;NA;no;NA;no;NA;no;NA;no;NA;no;NA;no;NA;no;NA;no;NA;NA;9;dry_sunny;SD.CL.VW.EH.KR (in B.);NA;NA;NA;fleas. wound on left flank healed a little;;31
02.05.2022;Spring;2;8:05:00 AM;8:12:00 AM;Rahnsdorf;B_Rahn_06;8041A02;Ratchet;Sciurus_B_Rahn_06_M01;recapture;m;NA;adult;NA;NA;NA;NA;2;101.5;471;369.5;very_good;very_good;33097;151.200;NA;no;NA;NA;no;no;no;NA;yes;Sciurus_8041A02_FAECES_Recapture_2/5/22;no;NA;no;NA;no;NA;no;NA;no;NA;no;NA;no;NA;no;NA;NA;9;dry_sunny;SD.CL.VW.EH.KR (in B.);NA;NA;NA;collar removed. vocalised;;32
02.05.2022;Spring;2;9:13:00 AM;NA;Rahnsdorf;B_Rahn_04;8042A9D;Terry;Sciurus_B_Rahn_04_M04;capture;m;NA;adult;240;145;51.5;NA;1;86;471;385;very_good;very_good;NA;NA;NA;no;NA;NA;no;no;no;NA;yes;Sciurus_8042A9D_FAECES_2/5/22;yes;Sciurus_8042A9D_AFTER_2/5/22;no;NA;yes;ABX01;yes;Sciurus_8042A9D_FUR_2/5/22;no;NA;yes;Sciurus_8042A9D_ORAL_2/5/22;yes;Sciurus_8042A9D_TISSUE_2/5/22;yes;ABX02;NA;13;dry_sunny;SD.CL.VW.EH.KR (in B.);NA;NA;NA;wound with scab. vocalised. fighting;33;33
02.05.2022;Spring;2;9:45:00 AM;NA;Rahnsdorf;B_Rahn_05;8041A02;Ratchet;Sciurus_B_Rahn_05_M01;recapture;m;NA;adult;NA;NA;NA;NA;NA;NA;NA;NA;NA;NA;NA;NA;NA;no;NA;NA;no;no;no;NA;no;NA;no;NA;no;NA;no;NA;no;NA;no;NA;no;NA;no;NA;no;NA;NA;13;dry_sunny;SD.CL.VW.EH.KR (in B.);NA;NA;NA;NA;;34
02.05.2022;Spring;2;11:33:00 AM;NA;Rahnsdorf;B_Rahn_02;NA;J_Doe_2;Sciurus_B_Rahn_02_NA;NA;NA;NA;NA;NA;NA;NA;NA;NA;NA;NA;NA;NA;NA;NA;NA;NA;no;NA;NA;no;no;no;NA;no;NA;no;NA;no;NA;no;NA;no;NA;no;NA;no;NA;no;NA;no;NA;NA;16;dry_sunny;SD.CL.VW.KR (in B.);NA;NA;NA;escaped prior to handling;;35
03.05.2022;Spring;2;7:55:00 AM;NA;Rahnsdorf;B_Rahn_06;804BBBC;Clank;Sciurus_B_Rahn_06_M02;recapture;m;NA;adult;NA;NA;NA;NA;2;101.5;NA;NA;very_good;very_good;NA;NA;NA;no;NA;NA;no;no;no;NA;no;NA;no;NA;no;NA;no;NA;no;NA;no;NA;no;NA;no;NA;no;NA;NA;9;cloudy;SD.KR.VW.EH.KR(in B.);NA;NA;NA;tick on right eye;;36
04.05.2022;Spring;2;7:51:00 AM;8:08:00 AM;Rahnsdorf;B_Rahn_06;808EDA5;Raymond;Sciurus_B_Rahn_06_M05;capture;m;NA;juvenile;241;175;50;NA;1;86;473.5;387.5;very_good;very_good;NA;NA;NA;no;NA;NA;no;no;no;NA;yes;Sciurus_808EDA5_FAECES_4/5/22;yes;Sciurus_808EDA5_AFTER_4/5/22;no;NA;yes;ABX09;yes;Sciurus_808EDA5_FUR_4/5/22;no;NA;yes;Sciurus_808EDA5_ORAL_4/5/22;yes;Sciurus_808EDA5_TISSUE_4/5/22;yes;ABX10;NA;9;dry_sunny;SKS.SD.EH.HS.KR (in B.);NA;1.5;NA;very calm in the trap and while chipping. gnashing of teeth- blood. vocalised while biopsy and handling;37;37
04.05.2022;Spring;2;11:08:00 AM;NA;Rahnsdorf;B_Rahn_11;8042A37;Pimento;Sciurus_B_Rahn_11_M06;capture;m;NA;adult;265;210;55.5;NA;2;101.5;547.2;445.7;very_good;very_good;NA;NA;NA;no;NA;NA;no;no;no;NA;yes;Sciurus_8042A37_FAECES_4/5/22;yes;Sciurus_8042A37_AFTER_4/5/22;no;NA;yes;ABW96;yes;Sciurus_8042A37_FUR_4/5/22;no;NA;yes;Sciurus_8042A37_ORAL_4/5/22;yes;Sciurus_8042A37_TISSUE_4/5/22;yes;ABW97;NA;17;dry_sunny;SKS.SD.EH.HS.KR (in B.);NA;2;NA;wound at nose. fleas;38;38
04.05.2022;Spring;2;11:55:00 AM;NA;Rahnsdorf;B_Rahn_06;8041A02;Ratchet;Sciurus_B_Rahn_06_M01;recapture;m;NA;adult;NA;NA;NA;NA;NA;NA;NA;NA;very_good;very_good;NA;NA;NA;no;NA;NA;no;no;no;NA;yes;Sciurus_8041A02_FAECES_Recapture_4/5/22;no;NA;no;NA;no;NA;no;NA;no;NA;no;NA;no;NA;no;NA;NA;19;dry_sunny;SKS.SD.EH.HS.KR (in B.);NA;NA;NA;NA;;39
09.05.2022;Spring;2;7:40:00 AM;NA;Treptower_Park;B_Trep_14;8041A2E;Jake;Sciurus_B_Trep_14_M08;recapture;m;NA;juvenile;NA;NA;NA;NA;2;101.5;500.2;398.7;very_good;very_good;NA;NA;NA;no;NA;NA;no;no;no;NA;no;NA;no;NA;no;NA;no;NA;no;NA;no;NA;no;NA;no;NA;no;NA;NA;10;dry_sunny;SD.CL.VW.EH.KR (in B.);NA;0;NA;NA;;40
09.05.2022;Spring;2;8:30:00 AM;NA;Treptower_Park;B_Trep_03;804BC71;Dwight;Sciurus_B_Trep_03_M06;recapture;m;NA;adult;NA;NA;NA;NA;1;86;483.2;397.2;very_good;very_good;NA;NA;NA;no;NA;NA;no;no;no;NA;no;NA;no;NA;no;NA;no;NA;no;NA;no;NA;no;NA;no;NA;no;NA;NA;12;dry_sunny;SD.CL.VW.EH.KR (in B.);NA;0.5;NA;one testicle enlarged;;41
09.05.2022;Spring;2;10:11:00 AM;NA;Treptower_Park;B_Trep_07;808F334;Jessie;Sciurus_B_Trep_07_W02;recapture;f;NA;adult;NA;NA;59.6;NA;1;86;478.6;392.6;very_good;very_good;NA;NA;NA;no;NA;NA;no;no;no;NA;yes;Sciurus_804F334_FAECES_recapture_9/5/22;no;NA;no;NA;no;NA;no;NA;no;NA;no;NA;no;NA;no;NA;NA;14;dry_sunny;SD.CL.VW.EH.KR (in B.);NA;0.5;NA;FALSE NUMBER on eppi: on protocol it is 804F334. but it is actually 808F334. teats swollen and exposed. new wound at snout;;42
10.05.2022;Spring;2;7:30:00 AM;NA;Treptower_Park;B_Trep_10;808F222;Teddy;Sciurus_B_Trep_10_M10;capture;m;NA;juvenile;204;143;55.9;NA;1;86;425.6;339.6;very_good;very_good;NA;NA;NA;no;NA;NA;no;no;no;NA;no;NA;yes;Sciurus_808F222_AFTER_10/5/22;no;NA;yes;ABW98;yes;Sciurus_808F222_FUR_10/5/22;no;NA;yes;Sciurus_808F222_ORAL_10/5/22;yes;Sciurus_808F222_TISSUE_10/5/22;yes;ABW99;NA;12;dry_sunny;SD.CL.VW.EH.KR (in B.);NA;0;NA;old wound at ear (healed well). blood sample in eppi without NAP. tick;43;43
10.05.2022;Spring;2;9:05:00 AM;NA;Treptower_Park;B_Trep_14;8041A2E;Jake;Sciurus_B_Trep_14_M08;recapture;m;NA;juvenile;NA;NA;NA;NA;1;86;467.1;381.1;very_good;very_good;NA;NA;NA;no;NA;NA;no;no;no;NA;yes;Sciurus_8041A2E_FAECES_recapture_10/5/22;no;NA;no;NA;no;NA;no;NA;no;NA;no;NA;no;NA;no;NA;NA;16;dry_sunny;SD.CL.VW.EH.KR (in B.).MR.AR;NA;0;NA;NA;;44
10.05.2022;Spring;2;10:06:00 AM;NA;Treptower_Park;B_Trep_10;804BA89;Cheddar;Sciurus_B_Trep_10_M07;recapture;m;NA;adult;NA;NA;59.6;NA;2;101.5;491.8;390.3;very_good;very_good;NA;NA;NA;no;NA;NA;no;no;no;NA;yes;Sciurus_804BA89_FAECES_recapture_10/5/22;yes;Sciurus_804BA89_AFTER_recapture_10/5/22;no;NA;no;NA;no;NA;no;NA;yes;Sciurus_804BA89_ORAL_recapture_10/5/22;no;NA;no;NA;NA;19;dry_sunny;SD.CL.VW.EH.KR (in B.);NA;2;NA;after letting the individual go. it stayed on the ground and did not go up trees for several minutes;;45
10.05.2022;Spring;2;10:38:00 AM;NA;Treptower_Park;B_Trep_07;808F334;Jessie;Sciurus_B_Trep_07_W02;recapture;f;NA;adult;NA;NA;NA;NA;2;101.5;470.3;368.8;very_good;very_good;NA;NA;NA;no;NA;NA;no;no;no;NA;no;NA;no;NA;no;NA;no;NA;no;NA;no;NA;no;NA;no;NA;no;NA;NA;21;dry_sunny;SD.CL.VW.EH.KR (in B.);NA;0;NA;wound at nose healed;;46
10.05.2022;Spring;2;8:21:00 AM;NA;Treptower_Park;B_Trep_08;804BA1A;Norman;Sciurus_B_Trep_08_M11;capture;m;NA;adult;246;161;69.5;NA;1;86;460.2;374.2;very_good;very_good;NA;NA;NA;no;NA;NA;no;no;no;NA;no;NA;yes;Sciurus_804BA1A_AFTER_10/5/22;no;NA;yes;ABX15;yes;Sciurus_804BA1A_FUR_10/5/22;no;NA;yes;Sciurus_804BA1A_ORAL_10/5/22;yes;Sciurus_804BA1A_TISSUE_10/5/22;yes;ABX16;NA;15;dry_sunny;SD.CL.KR (in B.);NA;2.5;NA;fleas;44;47
18.05.2022;Spring;2;8:43:00 AM;NA;Rahnsdorf;B_Rahn_04;8042A9D;Terry;Sciurus_B_Rahn_04_M04;recapture;m;NA;adult;NA;NA;NA;NA;2;101.5;486.5;385;very_good;very_good;NA;NA;NA;no;NA;NA;no;no;no;NA;no;NA;no;NA;no;NA;no;NA;no;NA;no;NA;no;NA;no;NA;no;NA;NA;12;dry_sunny;SD.EH.ES.KR(in B.);NA;0;NA;NA;;48
18.05.2022;Spring;2;10:53:00 AM;NA;Rahnsdorf;B_Rahn_05;8041D2F;Kevin;Sciurus_B_Rahn_05_M03;recapture;m;NA;adult;NA;NA;NA;NA;2;101.5;503.3;401.8;very_good;very_good;NA;NA;NA;no;NA;NA;no;no;no;NA;yes;Sciurus_8041D2F_FAECES_recapture_18/5/22;no;NA;no;NA;no;NA;no;NA;no;NA;no;NA;no;NA;no;NA;NA;19;dry_sunny;SD.EH.KR(in B.);NA;0;NA;NA;;49
18.05.2022;Spring;2;11:19:00 AM;NA;Rahnsdorf;B_Rahn_03;8041A02;Ratchet;Sciurus_B_Rahn_03_M01;recapture;m;NA;adult;NA;NA;NA;NA;1;86;478.4;392.4;very_good;very_good;NA;NA;NA;no;NA;NA;no;no;no;NA;no;NA;no;NA;no;NA;no;NA;no;NA;no;NA;no;NA;no;NA;no;NA;NA;21;dry_sunny;SD.EH.ES.KR(in B.);NA;0;NA;NA;;50
16.05.2022;Spring;2;7:30:00 AM;NA;Rahnsdorf;B_Rahn_11;80419E2;Walter;Sciurus_B_Rahn_11_M07;capture;m;NA;subadult;221;163;58.4;NA;2;101.5;485.5;384;good;very_good;NA;NA;NA;no;NA;NA;no;no;no;NA;no;NA;yes;Sciurus_80419E2_FAECES_16/5/22;no;NA;yes;ABX34;yes;Sciurus_80419E2_FUR_16/5/22;no;NA;yes;Sciurus_80419E2_ORAL_16/5/22;yes;Sciurus_80419E2_TISSUE_16/5/22;yes;ABX07 + ABX08;NA;12;dry_sunny;SD.CL.EH.KR (in B.);NA;0;NA;broken tail (winces when touched). fleas;48;51
29.08.2022;Autumn;3;10:05:00 AM;NA;Treptower_Park;B_Trep_14;8041A2E;Jake;Sciurus_B_Trep_14_M08;recapture;m;NA;subadult;NA;NA;NA;NA;1;86;486.2;400.2;very_good;very_good;NA;NA;NA;no;NA;NA;no;no;no;NA;no;NA;no;NA;no;NA;no;NA;no;NA;no;NA;no;NA;no;NA;no;NA;NA;15;dry_cloudy;SD.JM.KR(in B.);NA;NA;NA;NA;;52
29.08.2022;Autumn;3;10:58:00 AM;NA;Treptower_Park;B_Trep_11;8041A5D;Scar;Sciurus_B_Trep_11_M01;recapture;m;NA;adult;207;185;58.4;NA;NA;NA;529.7;NA;Very_good;very_good;NA;NA;NA;no;NA;NA;no;no;no;NA;no;NA;yes;Sciurus_8042AFB_AFTER_29/8/22;no;NA;no;NA;yes;Sciurus_8042AFB_FUR_29/8/22;no;NA;yes;Sciurus_8042AFB_ORAL_29/8/22;no;NA;no;NA;NA;17;dry_cloudy;SD.JM.KR(in B.);NA;NA;NA;"fleas; Name was Woody (ID 8042AFB) at the beginning, but was changed to Scar after the genetic analyses";;53
29.08.2022;Autumn;3;9:09:00 AM;NA;Treptower_Park;B_Trep_16;804272A;Lola;Sciurus_B_Trep_16_W10;capture;f;NA;adult;191;175;53.8;NA;2;106.1;484.2;378.1;Very_good;very_good;NA;NA;NA;no;NA;NA;no;no;no;NA;no;NA;yes;Sciurus_804272A_AFTER_29/8/22;no;NA;yes;ABX06;yes;Sciurus_804272A_FUR_29/8/22;no;NA;no;NA;yes;Sciurus_804272A_TISSUE_29/8/22;yes;ABX05;NA;15;dry_cloudy;CL.SD.JM.KR(in B.);NA;NA;NA;NA;52;54
29.08.2022;Autumn;3;12:38:00 PM;NA;Treptower_Park;B_Trep_11;80428EA;Josie;Sciurus_B_Trep_11_W11;recapture;f;NA;adult;236;189;57.8;NA;2;106.1;500.2;394.1;very_good;very_good;NA;NA;NA;no;NA;NA;no;no;no;NA;no;NA;yes;Sciurus_80428EA_AFTER_29/8/22;no;NA;yes;ABX17;yes;Sciurus_80428EA_FUR_29/8/22;no;NA;yes;Sciurus_80428EA_ORAL_29/8/22;yes;Sciurus_80428EA_TISSUE_29/8/22;yes;ABX18;NA;18;dry_cloudy;SD.JM.KR(in B.);NA;NA;NA;old wound at left front paw;55;55
29.08.2022;Autumn;3;1:25:00 PM;NA;Treptower_Park;B_Trep_06;8041AE9;Robinia;Sciurus_B_Trep_06_W09;recapture;f;NA;adult;247;176;60.2;NA;2;106.1;475.6;369.5;very_good;very_good;NA;NA;NA;no;NA;NA;no;no;no;NA;no;NA;yes;Sciurus_8041A89_AFTER_29/8/22;no;NA;yes;ABW90;yes;Sciurus_8041A89_FUR_29/8/22;no;NA;no;NA;yes;Sciurus_8041A89_TISSUE_29/8/22;yes;ABW91;NA;19;dry_cloudy;CL.SD.JM.KR(in B.);NA;NA;NA;"fleas. wound in the face. died at 1:41 PM while handling; Name was Betty (ID 8041A89) at the beginning, but was changed to Robinia after the genetic analyses";56;56
30.08.2022;Autumn;3;8:49:00 AM;NA;Treptower_Park;B_Trep_03;8042AB3;Bonnie;Sciurus_B_Trep_03_W03;recapture;f;NA;adult;208;196;NA;NA;3;159;584.1;425.1;very_good;very_good;NA;NA;NA;no;NA;NA;no;no;no;NA;no;NA;yes;Sciurus_8042AB3_AFTER_recapture_30/8/22;no;NA;no;NA;yes;Sciurus_8042AB3_FUR_30/8/22;no;NA;yes;Sciurus_8042AB3_ORAL_recapture_30/8/22;no;NA;no;NA;NA;16;dry_cloudy;SKS.SD.JM.KR (in B.);NA;2;NA;NA;;57
30.08.2022;Autumn;3;8:12:00 AM;NA;Treptower_Park;B_Trep_11;8041A5D;Scar;Sciurus_B_Trep_11_M12;recapture;m;NA;adult;208;169;60.1;NA;3;159;582.8;423.8;very_good;very_good;NA;NA;NA;no;NA;NA;no;no;no;NA;no;NA;yes;Sciurus_8041A5D_AFTER_30/8/22;no;NA;yes;ABX21;yes;Sciurus_8041A5D_FUR_30/8/22;no;NA;yes;Sciurus_8041A5D_ORAL_30/8/22;yes;Sciurus_8041A5D_TISSUE_30/8/22;yes;ABX20;NA;15;dry_cloudy;SKS.SD.JM.KR (in B.);NA;0;NA;"had holes in the ears already; might be a recapture from last year which escaped after the tissue samples";57;58
30.08.2022;Autumn;3;10:07:00 AM;NA;Treptower_Park;B_Trep_11;8042BA1;Caroline;Sciurus_B_Trep_11_W13;capture;f;NA;adult;207;175;63.4;NA;3;159;543.8;384.8;very_good;very_good;NA;NA;NA;no;NA;NA;no;no;no;NA;no;NA;yes;Sciurus_8042BA1_AFTER_30/8/22;no;NA;yes;ABX14;yes;Sciurus_8042BA1_FUR_30/8/22;no;NA;yes;Sciurus_8042BA1_ORAL_30/8/22;yes;Sciurus_8042BA1_TISSUE_30/8/22;yes;ABX13;NA;18;dry_cloudy;SKS.SD.JM.KR (in B.);NA;2;NA;many fleas;59;59
31.08.2022;Autumn;3;11:30:00 AM;NA;Lilienthal;B_Lilie_04;8062525;Amelia;Sciurus_B_Lilie_04_W01;capture;f;NA;adult;225;200;48;NA;1;86;412;326;good;very_good;NA;NA;NA;no;NA;NA;no;no;no;NA;no;NA;yes;Sciurus_8062525_AFTER_31/8/22;no;NA;yes;ABX40;yes;Sciurus_8062525_FUR_31/8/22;no;NA;no;NA;yes;Sciurus_8062525_TISSUE_31/8/22;yes;ABX39;NA;20;dry_sunny;CL.SD.JM.KR(in B.);NA;0.5;NA;NA;60;60
02.09.2022;Autumn;3;8:25:00 AM;NA;Lilienthal;B_Lilie_03;808F35A;Ava;Sciurus_B_Lilie_03_W02;capture;f;lactating;adult;235;225;NA;NA;NA;NA;523;NA;very_good;very_good;NA;NA;NA;no;NA;NA;no;no;no;NA;no;NA;yes;Sciurus_808F35A_AFTER_2/9/22;no;NA;no;NA;yes;Sciurus_808F35A_FUR_2/9/22;no;NA;no;NA;yes;Sciurus_808F35A_TISSUE_2/9/22;yes;ABX03;NA;14;dry_cloudy;CL.SD.JM.KR (in B.);NA;0.5;NA;not all samples because of clearly visible teats (lactating);61;61
07.09.2022;Autumn;3;8:12:00 AM;8:26:00 AM;Rahnsdorf;B_Rahn_09;8042A9D;Terry;Sciurus_B_Rahn_09_M04;recapture;m;NA;adult;206;162;54;NA;2;106.1;479.4;373.3;very_good;very_good;NA;NA;NA;no;NA;NA;no;no;no;NA;no;NA;yes;Sciurus_8042A9D_AFTER_recapture_7/9/22;no;NA;no;NA;yes;Sciurus_8042A9D_FUR_recapture_7/9/22;no;NA;yes;Sciurus_8042A9D_ORAL_recapture_7/9/22;no;NA;no;NA;NA;15;dry_sunny;SKS.JM.SD.KR (in B.);NA;0;NA;" fleas; directly went into bag";;62
07.09.2022;Autumn;3;8:41:00 AM;8:50:00 AM;Rahnsdorf;B_Rahn_11;8042A37;Pimento;Sciurus_B_Rahn_11_M06;recapture;m;NA;adult;210;186;60.4;NA;1;86;502.6;416.6;very_good;very_good;NA;NA;NA;no;NA;NA;no;no;no;NA;no;NA;yes;Sciurus_8042A37_AFTER_recapture_7/9/22;no;NA;no;NA;yes;Sciurus_8042A37_FUR_recapture_7/9/22;no;NA;yes;Sciurus_8042A37_ORAL_recapture_7/9/22;no;NA;no;NA;NA;16;dry_sunny;SKS.JM.SD.KR (in B.);NA;1;NA;directly went into bag;;63
02.09.2022;Autumn;3;9:02:00 AM;9:16:00 AM;Lilienthal;B_Lilie_02;8047E85;Maria;Sciurus_B_Lilie_02_W03;capture;f;NA;adult;212;183;51.1;NA;2;106.1;469.3;363.2;very_good;very_good;NA;NA;NA;no;NA;NA;no;no;no;NA;no;NA;yes;Sciurus_8047E85_AFTER_2/9/22;no;NA;yes;ABX29;yes;Sciurus_8047E85_FUR_2/9/22;no;NA;yes;Sciurus_8047E85_ORAL_2/9/22;yes;Sciurus_8047E85_TISSUE_2/9/22;yes;ABX28;NA;14;dry_sunny;CL.SD.JM.KR (in B.);NA;1;NA;vocalised in bag;62;64
07.09.2022;Autumn;3;10:28:00 AM;10:39:00 AM;Rahnsdorf;B_Rahn_03;8041D2F;Kevin;Sciurus_B_Rahn_03_M03;recapture;m;NA;adult;242;167;56;NA;1;86;534.1;448.1;very_good;very_good;NA;NA;NA;no;NA;NA;no;no;no;NA;yes;Sciurus_8041D2F_FAECES_recapture_7/9/22;yes;Sciurus_8041D2F_AFTER_recapture_7/9/22;no;NA;no;NA;yes;Sciurus_8041D2F_FUR_recapture_7/9/22;no;NA;yes;Sciurus_8041D2F_ORAL_recapture_7/9/22;no;NA;no;NA;NA;20;dry_sunny;SKS.JM.SD.KR (in B.);NA;0.5;NA;"directly went into bag; fleas";;65
07.09.2022;Autumn;3;11:00:00 AM;11:07:00 AM;Rahnsdorf;B_Rahn_04;8041A02;Ratchet;Sciurus_B_Rahn_04_M01;recapture;m;NA;adult;215;176;NA;80;1;86;463.3;377.3;very_good;very_good;NA;NA;NA;no;NA;NA;no;no;no;NA;no;NA;yes;Sciurus_8041A02_AFTER_recapture_7/9/22;no;NA;no;NA;yes;Sciurus_8041A02_FUR_recapture_7/9/22;no;NA;yes;Sciurus_8041A02_ORAL_recapture_7/9/22;no;NA;no;NA;NA;21;dry_sunny;SKS.JM.SD.KR (in B.);NA;0;NA;deeply relaxed;;66
08.09.2022;Autumn;3;8:09:00 AM;8:18:00 AM;Rahnsdorf;B_Rahn_02;8041A02;Ratchet;Sciurus_B_Rahn_05_M01;recapture;m;NA;adult;216;179;53.1;NA;1;86;463;377;very_good;very_good;NA;NA;NA;no;NA;NA;no;no;no;NA;no;NA;no;NA;no;NA;no;NA;no;NA;no;NA;no;NA;no;NA;no;NA;NA;15;dry_cloudy;CL.SD.JM.KR(in B.);NA;0;NA;broken tail;;67
08.09.2022;Autumn;3;8:45:00 AM;8:55:00 AM;Rahnsdorf;B_Rahn_10;8042A9D;Terry;Sciurus_B_Rahn_04_M04;recapture;m;NA;adult;NA;NA;NA;NA;2;106.1;484.8;378.7;very_good;very_good;NA;NA;NA;no;NA;NA;no;no;no;NA;no;NA;no;NA;no;NA;no;NA;no;NA;no;NA;no;NA;no;NA;no;NA;NA;16;cloudy_wet;SD.CL.KR(in B.);NA;NA;NA;NA;;68
08.09.2022;Autumn;3;9:10:00 AM;9:14:00 AM;Rahnsdorf;B_Rahn_08;8042A9D;Terry;Sciurus_B_Rahn_09_M04;recapture;m;NA;adult;NA;NA;NA;NA;NA;NA;NA;NA;very_good;very_good;NA;NA;NA;no;NA;NA;no;no;no;NA;no;NA;no;NA;no;NA;no;NA;no;NA;no;NA;no;NA;no;NA;no;NA;NA;16;dry_cloudy;CL.JM.SD.KR (in B.);NA;NA;NA;NA;;69
07.09.2022;Autumn;3;9:24:00 AM;9:45:00 AM;Rahnsdorf;B_Rahn_08;8061663;Jasmin;Sciurus_B_Rahn_08_W01;capture;f;NA;adult;208;175;55;NA;1;86;460.9;374.9;very_good;very_good;NA;NA;NA;no;NA;NA;no;no;no;NA;yes;Sciurus_8061663_FAECES_7/9/22;yes;Sciurus_8061663_AFTER_7/9/22;no;NA;yes;ABX53;yes;Sciurus_8061663_FUR_7/9/22;no;NA;yes;Sciurus_8061663_ORAL_7/9/22;yes;Sciurus_8061663_TISSUE_7/9/22;yes;ABX54;NA;18;dry_sunny;SKS.SD.KR (in B.);NA;1;NA; two faeces samples (one might not be squirrel faeces);65;70
09.09.2022;Autumn;3;9:20:00 AM;9:23:00 AM;Lilienthal;B_Lilie_02;8047E85;Maria;Sciurus_B_Lilie_02_W03;recapture;f;NA;adult;NA;NA;NA;NA;1;86;459;373;very_good;very_good;NA;NA;NA;no;NA;NA;no;no;no;NA;no;NA;no;NA;no;NA;no;NA;no;NA;no;NA;no;NA;no;NA;no;NA;NA;15;sunny_wet;SD.CL.JM.KR(in B.);NA;NA;NA;no samples taken;;71
08.09.2022;Autumn;3;11:52:00 AM;12:00:00 PM;Rahnsdorf;B_Rahn_05;805F9EA;Elliot;Sciurus_B_Rahn_05_M08;capture;m;NA;adult;NA;NA;NA;NA;2;106.1;365.4;259.3;moderate;;NA;NA;NA;no;NA;NA;no;no;no;NA;no;NA;no;NA;no;NA;no;NA;no;NA;no;NA;no;NA;yes;Sciurus_805F9EA_TISSUE_8/9/22;yes;ABX51;NA;18;cloudy_wet;CL.SD.JM.KR(in B.);NA;NA;NA;"old wounds at tail (photos); small and thin; suspected mange (mites on tail). fast release because of physical status";71;72
13.09.2022;Autumn;3;9:55:00 AM;NA;Lilienthal;B_Lilie_05;8047E85;Maria;Sciurus_B_Lilie_05_W03;recapture;f;NA;adult;NA;NA;NA;NA;1;86;444.4;358.4;very_good;very_good;NA;NA;NA;no;NA;NA;no;no;no;NA;no;NA;no;NA;no;NA;no;NA;no;NA;no;NA;no;NA;no;NA;no;NA;NA;14;cloudy_wet;SD.CL.AB.KR (in B.);NA;NA;NA;NA;;73
13.09.2022;Autumn;3;9:16:00 AM;9:26:00 AM;Lilienthal;B_Lilie_01;8047A74;Emily;Sciurus_B_Lilie_01_W04;capture;f;lactating;adult;219;192;NA;NA;2;106.1;517;410.9;good;good;NA;NA;NA;no;NA;NA;no;no;no;NA;no;NA;no;NA;no;NA;no;NA;yes;Sciurus_8047A74_FUR_13/9/22;no;NA;no;NA;yes;Sciurus_8047A74_TISSUE_13/9/22;yes;ABX38;NA;13;cloudy_rainy;SD.CL.AB.KR (in B.);NA;NA;NA;not all samples taken because of cleary visible teats;73;74
13.09.2022;Autumn;3;10:08:00 AM;NA;Lilienthal;B_Lilie_06;804BB5E;Alexa;Sciurus_B_Lilie_06_W05;capture;f;NA;adult;205;197;58.3;NA;1;86;529.5;443.5;very_good;very_good;NA;NA;NA;no;NA;NA;no;no;no;NA;no;NA;yes;Sciurus_804BB5E_AFTER_13/9/22;no;NA;yes;ABW86;yes;Sciurus_804BB5E_FUR_13/9/22;no;NA;no;NA;yes;Sciurus_804BB5E_TISSUE_13/9/22;yes;ABW85;NA;14;cloudy_wet;SD.CL.AB.KR (in B.);NA;NA;NA;NA;75;75
13.09.2022;Autumn;3;10:33:00 AM;NA;Lilienthal;B_Lilie_02;8061C69;Mika;Sciurus_B_Lilie_02_XXX;capture;f;NA;adult;208;184;NA;NA;1;86;510.6;424.6;very_good;very_good;NA;NA;NA;no;NA;NA;no;no;no;NA;no;NA;no;NA;no;NA;no;NA;yes;Sciurus_8061C69_FUR_13/9/22;no;NA;no;NA;yes;Sciurus_8061C69_TISSUE_13/9/22;yes;ABX47;NA;14;cloudy_wet;SD.CL.AB.KR (in B.);NA;NA;NA;"was trapped for a long time; premature end";76;76
13.09.2022;Autumn;3;11:11:00 AM;NA;Lilienthal;B_Lilie_10;8061D1E;Rupert;Sciurus_B_Lilie_10_M01;capture;m;NA;adult;214;202;58.2;NA;1;86;495;409;very_good;very_good;NA;NA;NA;no;NA;NA;no;no;no;NA;no;NA;yes;Sciurus_8061D1E_AFTER_13/9/22;no;NA;yes;ABX45;yes;Sciurus_8061D1E_FUR_13/9/22;no;NA;yes;Sciurus_8061D1E_ORAL_13/9/22;yes;Sciurus_8061D1E_TISSUE_13/9/22;yes;ABX46;NA;16;cloudy_wet;SD.CL.AB.KR (in B.);NA;NA;NA;NA;77;77
13.09.2022;Autumn;3;11:35:00 AM;11:48:00 AM;Lilienthal;B_Lilie_01;80616A0;Marcus;Sciurus_B_Lilie_01_M02;capture;m;NA;adult;214;198;58.9;NA;2;106.1;472.1;366;very_good;very_good;NA;NA;NA;no;NA;NA;no;no;no;NA;no;NA;yes;Sciurus_80616A0_AFTER_13/9/22;no;NA;yes;ABX55;yes;Sciurus_80616A0_FUR_13/9/22;no;NA;no;NA;yes;Sciurus_80616A0_TISSUE_13/9/22;yes;ABX56;NA;17;cloudy_wet;SD.CL.AB.KR (in B.);NA;1.5;NA;vocalized a lot ;78;78
14.09.2022;Autumn;3;8:20:00 AM;8:25:00 AM;Treptower_Park;B_Trep_16;804272A;Lola;Sciurus_B_Trep_16_W10;recapture;f;NA;adult;NA;NA;NA;NA;2;106.1;485.1;379;very_good;very_good;NA;NA;NA;no;NA;NA;no;no;no;NA;no;NA;no;NA;no;NA;no;NA;no;NA;no;NA;yes;Sciurus_804272A_ORAL_recapture_14/9/22;no;NA;no;NA;NA;12;cloudy_dry;SKS.SD.AB.KR (in B.);NA;2;NA;old wound in face;;79
14.09.2022;Autumn;3;8:57:00 AM;8:59:00 AM;Treptower_Park;B_Trep_05;80428EA;Josie;Sciurus_B_Trep_05_W11;recapture;f;NA;adult;NA;NA;NA;NA;2;106.1;504.1;398;very_good;very_good;NA;NA;NA;no;NA;NA;no;no;no;NA;yes;Sciurus_80428EA_FAECES_recapture_14/9/22;no;NA;no;NA;no;NA;no;NA;no;NA;no;NA;no;NA;no;NA;NA;13;cloudy_dry;SKS.SD.AB.KR (in B.);NA;0;NA;shriveled ear?;;80
14.09.2022;Autumn;3;9:08:00 AM;9:10:00 AM;Treptower_Park;B_Trep_11;8042BA1;Caroline;Sciurus_B_Trep_11_W13;recapture;f;NA;adult;NA;NA;NA;NA;1;86;475.1;389.1;very_good;very_good;NA;NA;NA;no;NA;NA;no;no;no;NA;no;NA;no;NA;no;NA;no;NA;no;NA;no;NA;no;NA;no;NA;no;NA;NA;14;dry_sunny;SKS.SD.AB.KR (in B.);NA;0;NA;NA;;81
14.09.2022;Autumn;3;9:24:00 AM;9:27:00 AM;Treptower_Park;B_Trep_14;8043A46;Boyle;Sciurus_B_Trep_14_M09;recapture;m;NA;adult;NA;NA;NA;NA;2;106.1;505.1;399;very_good;very_good;NA;NA;NA;no;NA;NA;no;no;no;NA;no;NA;no;NA;no;NA;no;NA;no;NA;no;NA;yes;Sciurus_8043A46_ORAL_recapture_14/9/22;no;NA;no;NA;NA;14;dry_sunny;SKS.SD.AB.KR (in B.);NA;1;NA;NA;;82
13.09.2022;Autumn;3;12:08:00 PM;12:22:00 PM;Lilienthal;B_Lilie_09;8049E81;Donna;Sciurus_B_Lilie_09_W06;capture;f;NA;adult;210;179;57.7;NA;2;106.1;NA;NA;very_good;very_good;NA;NA;NA;no;NA;NA;no;no;no;NA;no;NA;yes;Sciurus_8049E81_AFTER_13/9/22;no;NA;yes;ABX59;yes;Sciurus_8049E81_FUR_13/9/22;no;NA;yes;Sciurus_8049E81_ORAL_13/9/22;yes;Sciurus_8049E81_TISSUE_13/9/22;yes;ABX60;NA;17;wet_sunny;SD.CL.AB.KR (in B.);NA;1;NA;NA;79;83
14.09.2022;Autumn;3;9:42:00 AM;9:47:00 AM;Treptower_Park;B_Trep_06;8047A08;Conny;Sciurus_B_Trep_06_XXX;capture;f;non;juvenile;220;166;NA;NA;2;106.1;423.2;317.1;very_good;very_good;NA;NA;NA;no;NA;NA;no;no;no;NA;no;NA;no;NA;no;NA;no;NA;yes;Sciurus_8047A08_FUR_14/9/22;no;NA;no;NA;yes;Sciurus_8047A08_TISSUE_14/9/22;yes;ABX57;NA;14;dry_sunny;SKS.SD.AB.KR (in B.);NA;2.5;NA;ran away;84;84
14.09.2022;Autumn;3;9:52:00 AM;10:04:00 AM;Treptower_Park;B_Trep_06;806170D;Valentine;Sciurus_B_Trep_06_M13;capture;m;NA;adult;214;186;56.1;NA;5;146.8;536.7;389.9;very_good;very_good;NA;NA;NA;no;NA;NA;no;no;no;NA;no;NA;yes;Sciurus_806170D_AFTER_14/9/22;no;NA;yes;ABX31;yes;Sciurus_806170D_FUR_14/9/22;no;NA;yes;Sciurus_806170D_ORAL_14/9/22;yes;Sciurus_806170D_TISSUE_14/9/22;yes;ABX30;NA;14;dry_sunny;SKS.SD.AB.KR (in B.);NA;1;NA;fleas;85;85
14.09.2022;Autumn;3;10:56:00 AM;11:03:00 AM;Treptower_Park;B_Trep_03;804BCFF;Gina;Sciurus_B_Trep_03_W06;recapture;f;NA;adult;226;NA;NA;NA;5;146.8;700.7;553.9;very_good;very_good;NA;NA;NA;no;NA;NA;no;no;no;NA;no;NA;yes;Sciurus_804BCFF_AFTER_recapture_14/9/22;no;NA;no;NA;yes;Sciurus_804BCFF_FUR_recapture_14/9/22;no;NA;yes;Sciurus_804BCFF_ORAL_14/9/22;no;NA;no;NA;NA;16;dry_sunny;SKS.SD.AB.KR (in B.);NA;2.5;NA;NA;;86
14.09.2022;Autumn;3;11:21:00 AM;11:24:00 AM;Treptower_Park;B_Trep_11;8041A5D;Scar;Sciurus_B_Trep_11_M12;recapture;m;NA;adult;NA;NA;NA;NA;3;159;690.4;531.4;very_good;very_good;NA;NA;NA;no;NA;NA;no;no;no;NA;no;NA;no;NA;no;NA;no;NA;no;NA;no;NA;no;NA;no;NA;no;NA;NA;17;dry_sunny;SKS.SD.AB.KR (in B.);NA;0;NA;very calm --> released early;;87
14.09.2022;Autumn;3;10:15:00 AM;10:26:00 AM;Treptower_Park;B_Trep_15;8061D18;Chandler;Sciurus_B_Trep_15_M14;capture;m;NA;adult;250;189;59.9;NA;2;106.1;526.9;420.8;very_good;very_good;NA;NA;NA;no;NA;NA;no;no;no;NA;no;NA;yes;Sciurus_8061D18_AFTER_14/9/22;no;NA;yes;ABX41;yes;Sciurus_8061D18_FUR_14/9/22;no;NA;yes;Sciurus_8061D18_ORAL_14/9/22;yes;Sciurus_8061D18_TISSUE_14/9/22;yes;ABX42;NA;15;dry_sunny;SKS.SD.AB.KR (in B.);NA;3;NA; fleas;86;88
14.09.2022;Autumn;3;12:19:00 PM;12:27:00 PM;Treptower_Park;B_Trep_16;808F334;Jessie;Sciurus_B_Trep_16_W02;recapture;f;NA;adult;221;153;NA;NA;3;159;562.7;403.7;very_good;very_good;NA;NA;NA;no;NA;NA;no;no;no;NA;no;NA;yes;Sciurus_808F334_AFTER_recapture_14/9/22;no;NA;no;NA;yes;Sciurus_808F334_FUR_recapture_14/9/22;no;NA;yes;Sciurus_808F334_ORAL_recapture_14/9/22;no;NA;no;NA;NA;18;dry_cloudy;SKS.SD.AB.KR (in B.);NA;2;NA;NA;;89
14.09.2022;Autumn;3;12:49:00 PM;12:50:00 PM;Treptower_Park;B_Trep_14;8041A2E;Jake;Sciurus_B_Trep_14_M08;recapture;m;NA;adult;NA;NA;NA;85;3;159;550.3;391.3;very_good;very_good;NA;NA;NA;no;NA;NA;no;no;no;NA;no;NA;no;NA;no;NA;no;NA;no;NA;no;NA;no;NA;no;NA;no;NA;NA;18;dry_cloudy;SKS.SD.AB.KR (in B.);NA;NA;NA;NA;;90
15.09.2022;Autumn;3;8:13:00 AM;8:14:00 AM;Treptower_Park;B_Trep_05;8041A5D;Scar;Sciurus_B_Trep_05_M12;recapture;m;NA;adult;NA;NA;NA;NA;NA;NA;NA;NA;very_good;very_good;NA;NA;NA;no;NA;NA;no;no;no;NA;no;NA;no;NA;no;NA;no;NA;no;NA;no;NA;no;NA;no;NA;no;NA;NA;13;dry_sunny;SKS.SD.AB.KR (in B.);NA;0;NA;frighteningly calm in the bag. but left lively when released;;91
15.09.2022;Autumn;3;8:36:00 AM;8:44:00 AM;Treptower_Park;B_Trep_03;8042AB3;Bonnie;Sciurus_B_Trep_03_W03;recapture;f;lactating;adult;244;179;NA;NA;3;159;607.8;448.8;very_good;very_good;NA;NA;NA;no;NA;NA;no;no;no;NA;no;NA;yes;Sciurus_8042AB3_AFTER_recapture_15/9/22;no;NA;no;NA;no;NA;no;NA;no;NA;no;NA;no;NA;NA;13;dry_sunny;SKS.SD.AB.KR (in B.);NA;0.5;NA;NA;;92
14.09.2022;Autumn;3;11:54:00 AM;12:10:00 PM;Treptower_Park;B_Trep_11;7F2520D;Victoria;Sciurus_B_Trep_11_W14;capture;f;NA;adult;214;194;60.3;NA;1;86;521.5;435.5;very_good;very_good;NA;NA;NA;no;NA;NA;no;no;no;NA;no;NA;yes;Sciurus_7F2520D_AFTER_14/9/22;no;NA;yes;ABX44;yes;Sciurus_7F2520D_FUR_14/9/22;no;NA;yes;Sciurus_7F2520D_ORAL_14/9/22;yes;Sciurus_7F2520D_TISSUE_14/9/22;yes;ABX43;NA;18;dry_sunny;SKS.SD.AB.KR (in B.);NA;2.5;NA;old wound on the ear;89;93
15.09.2022;Autumn;3;10:08:00 AM;10:21:00 AM;Treptower_Park;B_Trep_04;8042D7C;Jona;Sciurus_B_Trep_04_XXX;capture;NA;NA;adult;179;195;59.5;NA;3;159;NA;NA;very_good;very_good;NA;NA;NA;no;NA;NA;no;no;no;NA;no;NA;yes;Sciurus_8042D7C_AFTER_15/9/22;no;NA;yes;ABX81;yes;Sciurus_8042D7C_FUR_15/9/22;no;NA;yes;Sciurus_8042D7C_ORAL_15/9/22;yes;Sciurus_8042D7C_TISSUE_15/9/22;yes;ABX80;NA;15;dry_cloudy_windy;SKS.SD.AB.KR (in B.);NA;NA;NA;fleas. glued anus;94;94
15.09.2022;Autumn;3;11:02:00 AM;11:16:00 AM;Treptower_Park;B_Trep_11;808EE65;Leslie;Sciurus_B_Trep_11_W15;capture;f;lactating;adult;220;170;NA;NA;3;159;595.6;436.6;very_good;very_good;NA;NA;NA;no;NA;NA;no;no;no;NA;no;NA;yes;Sciurus_808EE65_AFTER_15/9/22;no;NA;yes;ABX52;yes;Sciurus_808EE65_FUR_15/9/22;no;NA;no;NA;yes;Sciurus_808EE65_TISSUE_15/9/22;yes;ABX48;NA;15;dry_cloudy_windy;SKS.SD.AB.KR (in B.);NA;1.5;NA;visible teats (photo on Sinah´s phone);95;95
16.09.2022;Autumn;3;8:47:00 AM;8:52:00 AM;Lilienthal;B_Lilie_01;80616A0;Marcus;Sciurus_B_Lilie_01_M02;recapture;m;NA;adult;NA;NA;NA;NA;3;159;543.3;384.3;very_good;very_good;NA;NA;NA;no;NA;NA;no;no;no;NA;no;NA;no;NA;no;NA;no;NA;no;NA;no;NA;yes;Sciurus_80616A0_ORAL_16/9/22;no;NA;no;NA;NA;12;dry_sunny_windy;SKS.SD.AB.KR (in B.);NA;0.5;NA;photo of nose (visible foam);;96
15.09.2022;Autumn;3;12:00:00 PM;12:10:00 PM;Treptower_Park;B_Trep_14;NA;Maggie;Sciurus_B_Trep_14_W16;capture;f;lactating;adult;NA;NA;NA;NA;3;159;562;403;very_good;very_good;NA;NA;NA;no;NA;NA;no;no;no;NA;no;NA;no;NA;no;NA;no;NA;no;NA;no;NA;no;NA;yes;Sciurus_TISSUE_TP_15/9/22_Hörnchen mit eingerissenem Ohr_NA_B_Trep_14_W_16;no;NA;NA;16;dry_cloudy_windy;SKS.SD.AB.KR (in B.);NA;NA;NA;"ear torn up to the auricle; loud vocalization while trying to chip --> released";96;97
16.09.2022;Autumn;3;11:48:00 AM;11:54:00 AM;Lilienthal;B_Lilie_07;804BB5E;Alexa;Sciurus_B_Lilie_07_W05;recapture;f;NA;adult;NA;NA;NA;NA;3;159;588.3;429.3;very_good;very_good;NA;NA;NA;no;NA;NA;no;no;no;NA;no;NA;no;NA;no;NA;no;NA;no;NA;no;NA;yes;Sciurus_804BB5E_ORAL_16/9/22;no;NA;no;NA;NA;15;dry_sunny_windy;SKS.SD.AB.KR (in B.);NA;1.5;NA;NA;;98
20.09.2022;Autumn;3;9:03:00 AM;9:06:00 AM;Rahnsdorf;B_Rahn_11;8042A37;Pimento;Sciurus_B_Rahn_11_M06;recapture;m;NA;adult;NA;NA;NA;NA;1;86;502.1;416.1;very_good;very_good;NA;NA;NA;no;NA;NA;no;no;no;NA;no;NA;no;NA;no;NA;no;NA;no;NA;no;NA;no;NA;no;NA;no;NA;NA;10;dry_sunny;CL.SD.AB.KR (in B.);NA;NA;NA;NA;;99
20.09.2022;Autumn;3;10:00:00 AM;10:04:00 AM;Rahnsdorf;B_Rahn_04;8041A02;Ratchet;Sciurus_B_Rahn_04_M01;recapture;m;NA;adult;216;184;NA;NA;1;86;468.5;382.5;very_good;very_good;NA;NA;NA;no;NA;NA;no;no;no;NA;no;NA;no;NA;no;NA;no;NA;no;NA;no;NA;no;NA;no;NA;no;NA;NA;11;dry_sunny;CL.SD.AB.KR (in B.);NA;0;NA; fleas;;100
16.09.2022;Autumn;3;11:05:00 AM;11:21:00 AM;Lilienthal;B_Lilie_09;817EF5C;Tristan;Sciurus_B_Lilie_09_M03;capture;m;NA;adult;227;174;57;NA;3;159;544;385;very_good;very_good;NA;NA;NA;no;NA;NA;no;no;no;NA;no;NA;yes;Sciurus_804274F_AFTER_16/9/22;no;NA;yes;ABW94;yes;Sciurus_804274F_FUR_16/9/22;no;NA;yes;Sciurus_804274F_ORAL_16/9/22;yes;Sciurus_804274F_TISSUE_16/9/22;yes;ABW95;NA;14;dry_sunny_windy;SKS.SD.AB.KR (in B.);NA;1;NA;" old wound above the nose; another squirrel present. Name was Gabriel (ID 804274F) at the beginning, but was changed to Tristan after the genetic analyses";98;101
20.09.2022;Autumn;3;11:55:00 AM;11:59:00 AM;Rahnsdorf;B_Rahn_07;8042A9D;Terry;Sciurus_B_Rahn_07_M04;recapture;m;NA;adult;NA;NA;NA;NA;1;86;466.5;380.5;very_good;very_good;NA;NA;NA;no;NA;NA;no;no;no;NA;no;NA;no;NA;no;NA;no;NA;no;NA;no;NA;no;NA;no;NA;no;NA;NA;13;dry_sunny;CL.SD.AB.KR (in B.);NA;0;NA;NA;;102
21.09.2022;Autumn;3;8:33:00 AM;8:38:00 AM;Lilienthal;B_Lilie_08;8047A74;Emily;Sciurus_B_Lilie_08_W04;recapture;f;lactating;adult;NA;NA;NA;NA;3;159;571;412;very_good;very_good;NA;NA;NA;no;NA;NA;no;no;no;NA;no;NA;yes;Sciurus_8047A74_AFTER_21/9/22;no;NA;yes;ABX35;no;NA;no;NA;yes;Sciurus_8047A74_ORAL_21/9/22;no;NA;no;NA;NA;9;dry_sunny;SKS.SD.AB.JL.RZ.KR (in B.);NA;0;NA;NA;;103
20.09.2022;Autumn;3;10:53:00 AM;11:06:00 AM;Rahnsdorf;B_Rahn_06;80614A3;Lilly;Sciurus_B_Rahn_06_W02;capture;f;NA;adult;221;200;60.6;NA;1;86;515;429;very_good;very_good;NA;NA;NA;no;NA;NA;no;no;no;NA;yes;Sciurus_80614A3_FAECES_20/9/22;yes;Sciurus_80614A3_AFTER_20/9/22;no;NA;yes;ABX81;yes;Sciurus_80614A3_FUR_20/9/22;no;NA;yes;Sciurus_80614A3_ORAL_20/9/22;yes;Sciurus_80614A3_TISSUE_20/9/22;yes;ABX80;NA;12;dry_sunny;CL.SD.AB.KR (in B.);NA;1.5;NA;"ticks on the ear; fleas";102;104
21.09.2022;Autumn;3;8:54:00 AM;9:06:00 AM;Lilienthal;B_Lilie_01;8043F42;Rick;Sciurus_B_Lilie_01_M04;capture;m;NA;juvenile;205;160;NA;NA;3;159;481;322;good;very_good;NA;NA;NA;no;NA;NA;no;no;no;NA;no;NA;yes;Sciurus_8043F42_AFTER_21/9/22;no;NA;yes;ABX50;yes;Sciurus_8043F42_FUR_21/9/22;no;NA;yes;Sciurus_8043F42_ORAL_21/9/22;yes;Sciurus_8043F42_TISSUE_21/9/22;yes;ABX49;NA;9;dry_sunny;SKS.SD.AB.JL.RZ.KR (in B.);NA;0;NA;"tail was once broken; vocalized a lot in the trap; might be a juvenile --> small testicles";105;105
21.09.2022;Autumn;3;9:43:00 AM;9:48:00 AM;Lilienthal;B_Lilie_06;8061D1E;Rupert;Sciurus_B_Lilie_06_M01;recapture;m;NA;adult;NA;NA;NA;< 9.3;3;159;553.4;394.4;very_good;very_good;NA;NA;NA;no;NA;NA;no;no;no;NA;no;NA;no;NA;no;NA;no;NA;no;NA;no;NA;no;NA;no;NA;no;NA;NA;11;dry_sunny;SKS.SD.AB.JL.RZ.KR (in B.);NA;0.5;NA;photos on Alina´s phone;;106
21.09.2022;Autumn;3;9:17:00 AM;9:29:00 AM;Lilienthal;B_Lilie_10;8047D66;Elly;Sciurus_B_Lilie_10_W07;capture;f;NA;adult;221;179;59.5;NA;3;159;531.3;372.3;very_good;very_good;NA;NA;NA;no;NA;NA;no;no;no;NA;no;NA;yes;Sciurus_8047D66_AFTER_21/9/22;no;NA;yes;ABX62;yes;Sciurus_8047D66_FUR_21/9/22;no;NA;yes;Sciurus_8047D66_ORAL_21/9/22;yes;Sciurus_8047D66_TISSUE_21/9/22;yes;ABX61;NA;9;dry_sunny;SKS.SD.AB.JL.RZ.KR (in B.);NA;0.5;NA;vocalized while handling the hind foot ;106;107
21.09.2022;Autumn;3;10:18:00 AM;10:28:00 AM;Lilienthal;B_Lilie_08;80498D5;Alonso;Sciurus_B_Lilie_08_M05;capture;m;NA;adult;208;161;57.1;NA;3;159;497.7;338.7;very_good;very_good;NA;NA;NA;no;NA;NA;no;no;no;NA;no;NA;yes;Sciurus_ 80498D5_AFTER_21/9/22;no;NA;yes;ABX19;yes;Sciurus_80498D5_FUR_21/9/22;no;NA;yes;Sciurus_80498D5_ORAL_21/9/22;yes;Sciurus_80498D5_TISSUE_21/9/22;yes;ABX22;NA;12;dry_sunny;SKS.SD.AB.JL.RZ.KR (in B.);NA;1;NA;"fleas; small testicles (juvenile?)";108;108
21.09.2022;Autumn;3;12:03:00 PM;12:06:00 PM;Lilienthal;B_Lilie_01;8047A74;Emily;Sciurus_B_Lilie_01_W04;recapture;f;lactating;adult;NA;NA;NA;NA;3;159;561.5;402.5;very_good;very_good;NA;NA;NA;no;NA;NA;no;no;no;NA;yes;Sciurus_8047A74_FAECES_21/9/22;no;NA;no;NA;no;NA;no;NA;no;NA;no;NA;no;NA;no;NA;NA;13;dry_sunny;SKS.SD.AB.JL.KR (in B.);NA;NA;NA;"faeces smeared in the trap; same-day recapture";;109
22.09.2022;Autumn;3;8:09:00 AM;8:19:00 AM;Treptower_Park;B_Trep_11;8041A5D;Scar;Sciurus_B_Trep_11_M12;recapture;m;NA;adult;NA;NA;NA;NA;3;159;588.8;429.8;very_good;very_good;NA;NA;NA;no;NA;NA;no;no;no;NA;no;NA;yes;Sciurus_8041A5D_AFTER_recapture_22/9/22;no;NA;no;NA;yes;Sciurus_8041A5D_FUR_recapture_22/9/22;no;NA;yes;Sciurus_8041A5D_ORAL_recapture_22/9/22;no;NA;no;NA;NA;7;dry_sunny;SKS.SD.AB.KR (in B.);NA;0;NA; extremely calm again. might be tactics;;110
21.09.2022;Autumn;3;10:44:00 AM;10:54:00 AM;Lilienthal;B_Lilie_01;8061966;Cassandra;Sciurus_B_Lilie_01_W08;capture;f;non;juvenile;195;170;51.9;81;3;159;420.2;261.2;very_good;very_good;NA;NA;NA;no;NA;NA;no;no;no;NA;no;NA;yes;Sciurus_8061966_AFTER_21/9/22;no;NA;yes;ABX64;yes;Sciurus_8061966_FUR_21/9/22;no;NA;yes;Sciurus_8061966_ORAL_21/9/22;yes;Sciurus_8061966_TISSUE_21/9/22;yes;ABX65;NA;12;dry_sunny;SKS.SD.AB.JL.RZ.KR (in B.);NA;0.5;NA;"vocalized in the trap. afterwards quiet; small squirrel. might be a juvenile";109;111
22.09.2022;Autumn;3;9:54:00 AM;9:59:00 AM;Treptower_Park;B_Trep_11;8042BA1;Caroline;Sciurus_B_Trep_11_W13;recapture;f;NA;adult;NA;NA;NA;NA;3;159;549.1;390.1;very_good;very_good;NA;NA;NA;no;NA;NA;no;no;no;NA;no;NA;yes;Sciurus_8042BA1_AFTER_recapture_22/9/22;no;NA;no;NA;yes;Sciurus_8042BA1_FUR_recapture_22/9/22;no;NA;no;NA;no;NA;no;NA;NA;11;dry_sunny;SKS.SD.AB.KR (in B.);NA;1;NA;NA;;112
22.09.2022;Autumn;3;10:09:00 AM;10:16:00 AM;Treptower_Park;B_Trep_03;8041A2E;Jake;Sciurus_B_Trep_03_M08;recapture;m;NA;adult;233;NA;NA;NA;3;159;550.4;391.4;very_good;very_good;NA;NA;NA;no;NA;NA;no;no;no;NA;no;NA;yes;Sciurus_8041A2E_AFTER_recapture_22/9/22;no;NA;no;NA;yes;Sciurus_8041A2E_FUR_recapture_22/9/22;no;NA;yes;Sciurus_8041A2E_ORAL_recapture_22/9/22;no;NA;no;NA;NA;12;dry_sunny;SKS.SD.AB.KR (in B.);NA;0;NA; big testicles;;113
22.09.2022;Autumn;3;8:49:00 AM;9:00:00 AM;Treptower_Park;B_Trep_04;8061BF1;Jenny;Sciurus_B_Trep_04_W17;capture;f;NA;adult;247;191;60.5;NA;3;159;537.2;378.2;very_good;very_good;NA;NA;NA;no;NA;NA;no;no;no;NA;no;NA;yes;Sciurus_8061BF1_AFTER_22/9/22;no;NA;no;NA;yes;Sciurus_8061BF1_FUR_22/9/22;no;NA;yes;Sciurus_8061BF1_ORAL_22/9/22;yes;Sciurus_8061BF1_TISSUE_22/9/22;no;NA;NA;8;dry_sunny;SKS.SD.AB.RZ.KR (in B.);NA;2;NA;vocalized a lot ;112;114
22.09.2022;Autumn;3;10:30:00 AM;10:40:00 AM;Treptower_Park;B_Trep_15;804815F;Missus;Sciurus_B_Trep_15_W18;capture;f;NA;adult;224;174;NA;NA;3;159;500.8;341.8;very_good;very_good;NA;NA;NA;no;NA;NA;no;no;no;NA;no;NA;yes;Sciurus_804815F_AFTER_22/9/22;no;NA;no;NA;yes;Sciurus_804815F_FUR_22/9/22;no;NA;no;NA;yes;Sciurus_804815F_TISSUE_22/9/22;no;NA;NA;13;dry_sunny;SKS.SD.AB.KR (in B.);NA;1.5;NA;"growths on both ears (photos on Sinah´s & Alina´s phones); sample of ear in NAP Tissue and tissue sample in ABX78";115;115
22.09.2022;Autumn;3;10:53:00 AM;11:02:00 AM;Treptower_Park;B_Trep_06;8061774;Fleur;Sciurus_B_Trep_06_W19;capture;f;NA;adult;230;183;58.5;NA;3;159;464.3;305.3;very_good;very_good;NA;NA;NA;no;NA;NA;no;no;no;NA;no;NA;yes;Sciurus_8061774_AFTER_22/9/22;no;NA;no;NA;yes;Sciurus_8061774_FUR_22/9/22;no;NA;yes;Sciurus_8061774_ORAL_22/9/22;yes;Sciurus_8061774_TISSUE_22/9/22;no;NA;NA;12;dry_sunny;SKS.SD.AB.KR (in B.);NA;1;NA;NA;116;116
22.09.2022;Autumn;3;12:33:00 PM;12:34:00 PM;Treptower_Park;B_Trep_11;7F2520D;Victoria;Sciurus_B_Trep_11_W14;recapture;f;NA;adult;NA;NA;NA;NA;NA;NA;NA;NA;very_good;very_good;NA;NA;NA;no;NA;NA;no;no;no;NA;no;NA;no;NA;no;NA;no;NA;no;NA;no;NA;no;NA;no;NA;no;NA;NA;14;dry_sunny;SKS.SD.AB.KR (in B.);NA;0;NA;NA;;117
27.09.2022;Autumn;3;8:38:00 AM;8:40:00 AM;Rahnsdorf;B_Rahn_08;8042A37;Pimiento;Sciurus_B_Rahn_08_M06;recapture;m;NA;adult;NA;NA;NA;NA;2;106.1;521.2;415.1;very_good;very_good;NA;NA;NA;no;NA;NA;no;no;no;NA;yes;Sciurus_8042A37_FAECES_27/9/22;no;NA;no;NA;no;NA;no;NA;no;NA;no;NA;no;NA;no;NA;NA;12;rainy_cloudy;CL.SD.AB.KR (in B.);NA;0;NA;NA;;118
27.09.2022;Autumn;3;8:55:00 AM;8:56:00 AM;Rahnsdorf;B_Rahn_07;8061663;Jasmin;Sciurus_B_Rahn_07_W01;recapture;f;NA;adult;NA;NA;NA;NA;2;106.1;478;371.9;very_good;very_good;NA;NA;NA;no;NA;NA;no;no;no;NA;no;NA;no;NA;no;NA;no;NA;no;NA;no;NA;no;NA;no;NA;no;NA;NA;12;rainy_cloudy;CL.SD.AB.KR (in B.);NA;0;NA;NA;;119
27.09.2022;Autumn;3;9:11:00 AM;9:13:00 AM;Rahnsdorf;B_Rahn_11;8041D2F;Kevin;Sciurus_B_Rahn_11_M03;recapture;m;NA;adult;NA;NA;NA;NA;3;159;590.6;431.6;very_good;very_good;NA;NA;NA;no;NA;NA;no;no;no;NA;no;NA;no;NA;no;NA;no;NA;no;NA;no;NA;no;NA;no;NA;no;NA;NA;11;rainy_cloudy;CL.SD.AB.KR (in B.);NA;0;NA;NA;;120
27.09.2022;Autumn;3;10:15:00 AM;10:18:00 AM;Rahnsdorf;B_Rahn_04;8041A02;Ratchet;Sciurus_B_Rahn_04_M01;recapture;m;NA;adult;NA;NA;NA;NA;3;159;540.7;381.7;very_good;very_good;NA;NA;NA;no;NA;NA;no;no;no;NA;no;NA;no;NA;no;NA;no;NA;no;NA;no;NA;no;NA;no;NA;no;NA;NA;11;rainy_cloudy;CL.SD.AB.KR (in B.);NA;1.5;NA;NA;;121
27.09.2022;Autumn;3;10:38:00 AM;10:40:00 AM;Rahnsdorf;B_Rahn_07;8042A37;Pimiento;Sciurus_B_Rahn_07_M06;recapture;m;NA;adult;NA;NA;NA;NA;1;86;511;425;very_good;very_good;NA;NA;NA;no;NA;NA;no;no;no;NA;yes;Sciurus_8042A37_FAECES_27/9/22;no;NA;no;NA;no;NA;no;NA;no;NA;no;NA;no;NA;no;NA;NA;11;rainy_cloudy;CL.SD.AB.KR (in B.);NA;0;NA;NA;;122
05.10.2022;Autumn;3;8:29:00 AM;8:34:00 AM;Treptower_Park;B_Trep_16;8041A5D;Scar;Sciurus_B_Trep_16_M12;recapture;m;NA;adult;NA;NA;NA;NA;3;159;592.1;433.1;very_good;very_good;NA;NA;NA;no;NA;NA;no;no;no;NA;no;NA;no;NA;no;NA;no;NA;no;NA;no;NA;no;NA;no;NA;no;NA;NA;11;dry_sunny;SKS.SD.AB.MG.KR (in B.);NA;0;NA;NA;;123
05.10.2022;Autumn;3;8:59:00 AM;9:06:00 AM;Treptower_Park;B_Trep_05;80428EA;Josie;Sciurus_B_Trep_05_W11;recapture;f;NA;adult;248;164;NA;NA;2;106.1;509.5;403.4;very_good;very_good;NA;NA;NA;no;NA;NA;no;no;no;NA;no;NA;no;NA;no;NA;no;NA;no;NA;no;NA;no;NA;no;NA;no;NA;NA;11;dry_sunny;SKS.SD.AB.MG.KR (in B.);NA;0;NA;NA;;124
05.10.2022;Autumn;3;9:20:00 AM;9:23:00 AM;Treptower_Park;B_Trep_06;8061D18;Chandler;Sciurus_B_Trep_06_M14;recapture ;m;NA;adult;NA;NA;NA;NA;2;106.1;553;446.9;very_good;very_good;NA;NA;NA;no;NA;NA;no;no;no;NA;no;NA;no;NA;no;NA;no;NA;no;NA;no;NA;no;NA;no;NA;no;NA;NA;11;dry_sunny;SKS.SD.AB.MG.KR (in B.);NA;0.5;NA;NA;;125
05.10.2022;Autumn;3;9:41:00 AM;9:44:00 AM;Treptower_Park;B_Trep_16;804272A;Lola;Sciurus_B_Trep_16_W10;recapture;f;NA;adult;NA;NA;NA;NA;2;106.1;487;380.9;very_good;very_good;NA;NA;NA;no;NA;NA;no;no;no;NA;no;NA;no;NA;no;NA;no;NA;no;NA;no;NA;no;NA;no;NA;no;NA;NA;12;dry_sunny;SKS.SD.AB.MG.JM.KR (in B.);NA;0.5;NA;NA;;126
05.10.2022;Autumn;3;9:57:00 AM;10:01:00 AM;Treptower_Park;B_Trep_03;8043A46;Boyle;Sciurus_B_Trep_03_M09;recapture;m;NA;adult;235;166;NA;NA;1;86;472.3;386.3;very_good;very_good;NA;NA;NA;no;NA;NA;no;no;no;NA;no;NA;no;NA;no;NA;no;NA;no;NA;no;NA;no;NA;no;NA;no;NA;NA;12;dry_sunny;SKS.SD.AB.MG.JM.KR (in B.);NA;1;NA;NA;;127
22.09.2022;Autumn;3;12:17:00 PM;12:23:00 PM;Treptower_Park;B_Trep_04;8043D9A;Estelle;Sciurus_B_Trep_04_M15;capture;m;NA;adult;NA;NA;NA;NA;3;159;514;355;very_good;very_good;NA;NA;NA;no;NA;NA;no;no;no;NA;no;NA;no;NA;no;NA;no;NA;no;NA;no;NA;no;NA;yes;Sciurus_8043D9A_TISSUE_22/9/22;no;NA;NA;14;dry_sunny;SKS.SD.AB.KR (in B.);NA;2.5;NA; released because of very strong heartbeat and stressed behaviour ;117;128
05.10.2022;Autumn;3;11:40:00 AM;11:42:00 AM;Treptower_Park;B_Trep_04;8061BF1;Jenny;Sciurus_B_Trep_04_W17;recapture;f;NA;adult;NA;NA;NA;NA;1;86;473.2;387.2;very_good;very_good;NA;NA;NA;no;NA;NA;no;no;no;NA;no;NA;no;NA;no;NA;no;NA;no;NA;no;NA;no;NA;no;NA;no;NA;NA;14;dry_sunny;SKS.SD.AB.MG.JM.KR (in B.);NA;1;NA;NA;;129
05.10.2022;Autumn;3;11:56:00 AM;12:00:00 PM;Treptower_Park;B_Trep_11;8042BA1;Caroline;Sciurus_B_Trep_11_W13;recapture;f;NA;adult;NA;NA;NA;NA;1;86;477;391;very_good;very_good;NA;NA;NA;no;NA;NA;no;no;no;NA;no;NA;no;NA;no;NA;no;NA;no;NA;no;NA;no;NA;no;NA;no;NA;NA;15;dry_sunny;SKS.SD.AB.MG.JM.KR (in B.);NA;0.5;NA;" injuries on the ears (photo Sinah) and paws; unsure if she has problems because of that; fleas";;130
05.10.2022;Autumn;3;11:05:00 AM;11:15:00 AM;Treptower_Park;B_Trep_03;8047A3A;Marius;Sciurus_B_Trep_03_M16;capture;m;NA;adult;205;175;52.8;NA;1;86;413.2;327.2;very_good;very_good;NA;NA;NA;no;NA;NA;no;no;no;NA;yes;Sciurus_8047A3A_FAECES_05/10/22;yes;Sciurus_8047A3A_AFTER_05/10/22;no;NA;no;NA;yes;Sciurus_8047A3A_FUR_05/10/22;no;NA;yes;Sciurus_8047A3A_ORAL_05/10/22;yes;Sciurus_8047A3A_TISSUE_05/10/22;no;NA;NA;14;dry_sunny;SKS.SD.AB.MG.JM.KR (in B.);NA;0.5;NA;had both feet caught in the trap. but we checked and nothing happened;129;131
12.10.2022;Autumn;3;9:54:00 AM;10:05:00 AM;Lilienthal;B_Lilie_01;8049FF8;Robert;Sciurus_B_Trep_01_M06;capture;m;NA;adult;231;174;58.1;NA;1;86;511.1;425.1;very_good;very_good;NA;NA;NA;no;NA;NA;no;no;no;NA;yes;Sciurus_8049FF8_FAECES_12/10/22;yes;Sciurus_8049FF8_AFTER_12/10/22;no;NA;no;NA;yes;Sciurus_8049FF8_FUR_12/10/22;no;NA;yes;Sciurus_8049FF8_ORAL_12/10/22;yes;Sciurus_8049FF8_TISSUE_12/10/22;no;NA;NA;9;dry_sunny;CL.SD.AB.JM.CO.KR (in B.);NA;1;NA;NA;132;132
21.10.2022;Autumn;3;11:06:00 AM;11:10:00 AM;Treptower_Park;B_Trep_03;8042AB3;Bonnie;Sciurus_B_Trep_03_W03;recapture;f;NA;adult;NA;NA;NA;NA;1;86;484.6;398.6;very_good;very_good;NA;NA;NA;no;NA;NA;no;no;no;NA;no;NA;no;NA;no;NA;no;NA;no;NA;no;NA;no;NA;no;NA;no;NA;NA;11;cloudy;CL.SD.AB.KR (in B.);NA;0.5;NA;NA;;133
21.10.2022;Autumn;3;11:31:00 AM;11:35:00 AM;Treptower_Park;B_Trep_16;804272A;Lola;Sciurus_B_Trep_16_W10;recapture;f;NA;adult;NA;NA;NA;NA;1;86;485.5;399.5;very_good;very_good;NA;NA;NA;no;NA;NA;no;no;no;NA;no;NA;no;NA;no;NA;no;NA;no;NA;no;NA;no;NA;no;NA;no;NA;NA;11;cloudy;CL.SD.AB.KR (in B.);NA;1;NA;NA;;134
27.10.2022;Autumn;3;9:11:00 AM;9:15:00 AM;Lilienthal;B_Lilie_01;80616A0;Marcus;Sciurus_B_Lilie_01_M02;recapture;m;NA;adult;NA;NA;NA;NA;1;115.7;501;385.3;very_good;very_good;NA;NA;NA;no;NA;NA;no;no;no;NA;yes;Sciurus_80616A0_FAECES_27/10/22;no;NA;no;NA;no;NA;no;NA;no;NA;no;NA;no;NA;no;NA;NA;11;dry_sunny;CL.SD.AB.AP.KR (in B.);NA;0.5;NA;NA;;135
12.10.2022;Autumn;3;12:10:00 PM;12:29:00 PM;Lilienthal;B_Lilie_09;8049B46;Bones;Sciurus_B_Lilie_09_XXX;capture;m;NA;adult;223;172;58.7;NA;2;106.1;515.6;409.5;very_good;very_good;NA;NA;NA;no;NA;NA;no;no;no;NA;no;NA;yes;Sciurus_8049B46_AFTER_12/10/22;no;NA;no;NA;yes;Sciurus_8049B46_FUR_12/10/22;no;NA;yes;Sciurus_8049B46_ORAL_12/10/22;yes;Sciurus_8049B46_TISSUE_12/10/22;no;NA;NA;14;dry_sunny;CL.SD.AB.JM.CO.KR (in B.);NA;0.5;NA;deep wound above the nose (bone visible) --> had 2 holes in the ear. might be a recapture but had no ID chip. maybe Sciurus_B_Lilie_09_M03 from 16/9/22 but does not look like this according to the genetic analyses;133;136
27.10.2022;Autumn;3;10:33:00 AM;10:36:00 AM;Lilienthal;B_Lilie_06;8061D1E;Rupert;Sciurus_B_Lilie_06_M01;recapture;m;NA;adult;NA;NA;NA;NA;1;86;494.3;408.3;very_good;very_good;NA;NA;NA;no;NA;NA;no;no;no;NA;yes;Sciurus_8061D1E_FAECES_27/10/22;no;NA;no;NA;no;NA;no;NA;no;NA;no;NA;no;NA;no;NA;NA;12;dry_sunny;CL.SD.AB.AP.KR (in B.);NA;0.5;NA;NA;;137
27.10.2022;Autumn;3;10:13:00 AM;10:24:00 AM;Lilienthal;B_Lilie_07;8061A4C;Clara;Sciurus_B_Lilie_07_W09;capture;f;NA;adult;230;151;55.2;NA;1;86;488.7;402.7;good;very_good;NA;NA;NA;no;NA;NA;no;no;no;NA;no;NA;yes;Sciurus_8061A4C_AFTER_27/10/22;no;NA;no;NA;yes;Sciurus_8061A4C_FUR_27/10/22;no;NA;yes;Sciurus_8061A4C_ORAL_27/10/22;yes;Sciurus_8061A4C_TISSUE_27/10/22;no;NA;NA;12;dry_sunny;CL.SD.AB.AP.KR (in B.);NA;NA;NA;wound at the nose (photos Aimara. Alina);137;138
27.10.2022;Autumn;3;11:44:00 AM;11:58:00 AM;Lilienthal;B_Lilie_06;8061617;Hailey;Sciurus_B_Lilie_06_W10;capture;f;NA;adult;261;179;53.7;NA;2;106.1;559.3;453.2;very_good;very_good;NA;NA;NA;no;NA;NA;no;no;no;NA;no;NA;yes;Sciurus_8061617_AFTER_27/10/22;no;NA;no;NA;yes;Sciurus_8061617_FUR_27/10/22;no;NA;yes;Sciurus_8061617_ORAL_27/10/22;yes;Sciurus_8061617_TISSUE_27/10/22;no;NA;NA;15;dry_sunny;CL.SD.AB.AP.KR (in B.);NA;2.5;NA;had a hole in one ear. might have lost the ID-chip --> genetics;139;139
12.04.2023;Spring;4;9:20:00 AM;9:30:00 AM;Lilienthal;B_Lilie_07;80616A0;Marcus;Sciurus_B_Lilie_01_M02;recapture;m;NA;adult;NA;NA;NA;NA;2;106.1;462;355.9;very_good;very_good;NA;NA;NA;no;NA;NA;no;no;no;NA;no;NA;yes;Sciurus_80616A0_AFTER_12/04/23;no;NA;no;NA;yes;Sciurus_80616A0_FUR_12/04/23;no;NA;yes;Sciurus_80616A0_ORAL_12/04/23;no;NA;no;NA;NA;7;sunny;CL.SD.KR(in B.);NA;0.5;NA;NA;;140
27.10.2022;Autumn;3;12:49:00 PM;1:03:00 PM;Lilienthal;B_Lilie_03;8061568;Ruby;Sciurus_B_Lilie_03_W11;capture;f;NA;adult;235;167;61;NA;2;106.1;494.9;388.8;very_good;very_good;NA;NA;NA;no;NA;NA;no;no;no;NA;no;NA;yes;Sciurus_8061568_AFTER_27/10/22;no;NA;no;NA;yes;Sciurus_8061568_FUR_27/10/22;no;NA;yes;Sciurus_8061568_ORAL_27/10/22;yes;Sciurus_8061568_TISSUE_27/10/22;no;NA;NA;18;dry_sunny;CL.SD.AB.AP.KR (in B.);NA;1.5;NA;many fleas;140;141
12.04.2023;Spring;4;10:51:00 AM;10:58:00 AM;Lilienthal;B_Lilie_05;8061D1E;Rupert;Sciurus_B_Lilie_10_M01;recapture;m;NA;adult;NA;NA;NA;NA;2;106.1;480;373.9;very_good;very_good;NA;NA;NA;no;NA;NA;no;no;no;NA;no;NA;yes;Sciurus_8061D1E_AFTER_12/04/23;no;NA;no;NA;yes;Sciurus_8061D1E_FUR_12/04/23;no;NA;yes;Sciurus_8061D1E_ORAL_12/04/23;no;NA;no;NA;NA;10;sunny;CL.SD.AB.KR(in B.);NA;0;NA;old head injury. picture from Alina;;142
12.04.2023;Spring;4;9:44:00 AM;9:56:00 AM;Lilienthal;B_Lilie_04;7F25103;Hagebutte;Sciurus_B_Lilie_04_M07;capture;m;NA;adult;230;176;59.6;NA;2;106.1;450.6;344.5;NA;NA;NA;NA;NA;no;NA;NA;no;no;no;NA;no;NA;yes;Sciurus_7F25103_AFTER_12/04/23;no;NA;no;NA;yes;Sciurus_7F25103_FUR_12/04/23;no;NA;yes;Sciurus_7F25103_ORAL_12/04/23;yes;Sciurus_7F25103_TISSUE_12/04/23;no;NA;NA;9;sunny;CL.SD.AB.JT.KR(in B.);NA;0;NA; small injury at the ear;142;143
12.04.2023;Spring;4;11:09:00 AM;11:20:00 AM;Lilienthal;B_Lilie_02;804C8B8;Alio;Sciurus_B_Lilie_02_M08;capture;m;NA;adult;234;151;58.5;NA;2;106.1;466.9;360.8;NA;NA;NA;NA;NA;no;NA;NA;no;no;no;NA;no;NA;yes;Sciurus_804C8B8_AFTER_12/04/23;no;NA;no;NA;yes;Sciurus_804C8B8_FUR_12/04/23;no;NA;no;NA;yes;Sciurus_804C8B8_TISSUE_12/04/23;no;NA;NA;11;sunny;CL.SD.AB.JT.KR(in B.);NA;0.5;NA;broken tail;144;144
17.04.2023;Spring;4;8:52:00 AM;8:56:00 AM;Lilienthal;B_Lilie_01;806230F;Drops;Sciurus_B_Lilie_01_XXX;capture;m;NA;adult;NA;NA;NA;NA;2;106.1;517;410.9;very_good;very_good;NA;NA;NA;no;NA;NA;no;no;no;NA;no;NA;no;NA;no;NA;no;NA;no;NA;no;NA;no;NA;no;NA;no;NA;NA;5;cloudy;CL.SD.JE.Aurore.EH.KR(in B.);NA;2;NA; injured. was bleeding a lot. set free;;145
12.04.2023;Spring;4;11:45:00 AM;11:54:00 AM;Lilienthal;B_Lilie_04;808ED84;Olio;Sciurus_B_Lilie_04_M09;capture;m;NA;adult;233;159;57.5;NA;2;106.1;481.5;375.4;NA;NA;NA;NA;NA;no;NA;NA;no;no;no;NA;no;NA;yes;Sciurus_808ED84_AFTER_12/04/23;no;NA;no;NA;yes;Sciurus_808ED84_FUR_12/04/23;no;NA;no;NA;yes;Sciurus_808ED84_TISSUE_12/04/23;no;NA;NA;12;sunny;CL.SD.AB.JT.KR(in B.);NA;0.5;NA;old wound at the snout. picture from Johannes;145;146
17.04.2023;Spring;4;9:39:00 AM;9:45:00 AM;Lilienthal;B_Lilie_08;804C8B8;Alio;Sciurus_B_Lilie_02_M08;recapture;m;NA;adult;NA;NA;NA;NA;1;86;451;365;very_good;very_good;NA;NA;NA;no;NA;NA;no;no;no;NA;no;NA;no;NA;no;NA;no;NA;no;NA;no;NA;yes;Sciurus_804C8B8_ORAL_17/04/23;no;NA;no;NA;NA;7;cloudy;CL.SD.JE.Aurore.KR(in B.);NA;0.5;NA;NA;;147
17.04.2023;Spring;4;11:50:00 AM;11:52:00 AM;Lilienthal;B_Lilie_10;NA;Rupert_1;Sciurus_B_Lilie_08_XXX;NA;NA;NA;adult;NA;NA;NA;NA;1;NA;NA;NA;moderate;good;NA;NA;NA;no;NA;NA;no;no;no;NA;no;NA;no;NA;no;NA;no;NA;no;NA;no;NA;no;NA;no;NA;no;NA;NA;8;cloudy;CL.SD.EH.Aurore.KR(in B.);NA;0;NA;fled. old wound above the eye. probably 8061D1E. was very sluggish. seemed sick;;148
24.04.2023;Spring;4;8:34:00 AM;8:40:00 AM;Treptower_Park;B_Trep_16;8041A5D;Scar;Sciurus_B_Trep_11_M12;recapture;m;NA;adult;NA;NA;NA;NA;2;106.1;531;424.9;very_good;very_good;NA;NA;NA;no;NA;NA;no;no;no;NA;no;NA;yes;Sciurus_8041A5D_AFTER_24/04/23;no;NA;no;NA;yes;Sciurus_8041A5D_FUR_24/04/23;no;NA;yes;Sciurus_8041A5D_ORAL_24/04/23;no;NA;no;NA;NA;13;cloudy;CL.SD.JE.Aurore.KR(in B.);NA;1;NA;NA;;149
24.04.2023;Spring;4;8:55:00 AM;9:03:00 AM;Treptower_Park;B_Trep_03;8043A46;Boyle;Sciurus_B_Trep_03_M09;recapture;m;NA;adult;NA;NA;NA;NA;2;106.1;480.5;374.4;very_good;very_good;NA;NA;NA;no;NA;NA;no;no;no;NA;no;NA;yes;Sciurus_8043A46_AFTER_24/04/23;no;NA;no;NA;yes;Sciurus_8043A46_FUR_24/04/23;no;NA;yes;Sciurus_8043A46_ORAL_24/04/23;no;NA;no;NA;NA;14;sunny;CL.SD.KR(in B.);NA;1;NA;flees. old wound at nose;;150
24.04.2023;Spring;4;9:20:00 AM;9:31:00 AM;Treptower_Park;B_Trep_07;8061DA8;Haselnuss;Sciurus_B_Trep_07_M17;capture;m;NA;adult;NA;NA;NA;NA;1;86;426;340;very_good;very_good;NA;NA;NA;no;NA;NA;no;no;no;NA;no;NA;no;NA;no;NA;no;NA;yes;Sciurus_8061DA8_FUR_24/04/24;no;NA;yes;Sciurus_8043A46_ORAL_24/04/24;no;NA;no;NA;NA;14;cloudy;CL.SD.JE.Aurore.KR(in B.);NA;2;NA;bled on nose. was very hectic and for that reason was just chipped and released;;151
24.04.2023;Spring;4;9:43:00 AM;9:50:00 AM;Treptower_Park;B_Trep_01;8049FD3;Hagrida;Sciurus_B_Trep_01_W20;capture;f;NA;adult;NA;NA;NA;NA;1;86;NA;NA;very_good;very_good;NA;NA;NA;no;NA;NA;no;no;no;NA;no;NA;no;NA;no;NA;no;NA;no;NA;no;NA;no;NA;no;NA;no;NA;NA;15;sunny;CL.SD.KR(in B.);NA;2;NA;was just chipped due to lack of time;;152
24.04.2023;Spring;4;10:02:00 AM;10:07:00 AM;Treptower_Park;B_Trep_06;806170D;Valentine;Sciurus_B_Trep_06_M13;recapture;m;NA;adult;NA;NA;NA;NA;1;86;513.5;427.5;very_good;very_good;NA;NA;NA;no;NA;NA;no;no;no;NA;yes;Sciurus_806170D_FAECES_24/04/23;yes;Sciurus_806170D_AFTER_24/04/23;no;NA;no;NA;yes;Sciurus_806170D_FUR_24/04/23;no;NA;no;NA;no;NA;no;NA;NA;15;sunny;CL.SD.KR(in B.);NA;0.5;NA;NA;;153
28.04.2023;Spring;4;8:18:00 AM;8:20:00 AM;Treptower_Park;B_Trep_07;8041A5D;Scar;Sciurus_B_Trep_11_M12;recapture;m;NA;adult;NA;NA;NA;NA;2;106.1;NA;NA;very_good;very_good;NA;NA;NA;no;NA;NA;no;no;no;NA;no;NA;no;NA;no;NA;no;NA;no;NA;no;NA;no;NA;no;NA;no;NA;NA;6;sunny;SKS.SD.JE.KR(in B.);NA;0;NA;NA;;154
28.04.2023;Spring;4;8:37:00 AM;8:43:00 AM;Treptower_Park;B_Trep_03;8041A2E;Jake;Sciurus_B_Trep_03_M08;recapture;m;NA;adult;NA;NA;NA;106?;2;106.1;501.4;395.3;very_good;very_good;NA;NA;NA;no;NA;NA;no;no;no;NA;no;NA;yes;Sciurus_8041A2E_AFTER_28/04/23;no;NA;no;NA;yes;Sciurus_8041A2E_FUR_28/04/23;no;NA;yes;Sciurus_8041A2E_ORAL_28/04/23;no;NA;no;NA;NA;7;sunny;SKS.SD.JE.KR(in B.);NA;0.5;NA;NA;;155
17.04.2023;Spring;4;9:11:00 AM;9:23:00 AM;Lilienthal;B_Lilie_03;8047DDD;Chelipsi;Sciurus_B_Lilie_03_W12;capture;f;NA;adult;NA;190;58;NA;3;159;612.1;453.1;very_good;very_good;NA;NA;NA;no;NA;NA;no;no;no;NA;no;NA;yes;Sciurus_8047DDD_AFTER_17/04/23;no;NA;no;NA;yes;Sciurus_8047DDD_FUR_17/04/23;no;NA;yes;Sciurus_8047DDD_ORAL_17/04/23;yes;Sciurus_8047DDD_TISSUE_17/04/23;no;NA;NA;7;cloudy;CL.SD.JE.Aurore.EH.KR(in B.);NA;1;NA;NA;147;156
28.04.2023;Spring;4;9:20:00 AM;9:23:00 AM;Treptower_Park;B_Trep_06;806170D;Valentine;Sciurus_B_Trep_06_M13;recapture;m;NA;adult;NA;NA;NA;NA;3;159;579.8;420.8;very_good;very_good;NA;NA;NA;no;NA;NA;no;no;no;NA;no;NA;no;NA;no;NA;no;NA;no;NA;no;NA;yes;Sciurus_806170D_ORAL_28/04/23;no;NA;no;NA;NA;9;sunny;SKS.SD.JM.KR(in B.);NA;1;NA;trap was dirty from faeces;;157
28.04.2023;Spring;4;10:11:00 AM;10:14:00 AM;Treptower_Park;B_Trep_16;8041A5D;Scar;Sciurus_B_Trep_11_M12;recapture;m;NA;adult;NA;NA;NA;90;NA;NA;NA;NA;very_good;very_good;NA;NA;NA;no;NA;NA;no;no;no;NA;no;NA;no;NA;no;NA;no;NA;no;NA;no;NA;no;NA;no;NA;no;NA;NA;11;sunny;SKS.SD.JE.KR(in B.);NA;0;NA;NA;;158
28.04.2023;Spring;4;8:55:00 AM;9:05:00 AM;Treptower_Park;B_Trep_01;8049FD3;Hagrida;Sciurus_B_Trep_01_W20;recapture;f;NA;adult;210;171;NA;NA;5;146.8;627.8;481;very_good;very_good;NA;NA;NA;no;NA;NA;no;no;no;NA;no;NA;yes;Sciurus_8049FD3_AFTER_28/04/23;no;NA;no;NA;yes;Sciurus_8049FD3_FUR_28/04/23;no;NA;yes;Sciurus_8049FD3_ORAL_28/04/23;yes;Sciurus_8049FD3_TISSUE_28/04/23;no;NA;NA;9;sunny;SKS.SD.JE.KR(in B.);NA;1;NA;NA;157;159
28.04.2023;Spring;4;11:45:00 AM;11:51:00 AM;Treptower_Park;B_Trep_11;8042BA1;Caroline;Sciurus_B_Trep_11_W13;recapture;f;NA;adult;NA;NA;NA;NA;3;159;569;410;very_good;very_good;NA;NA;NA;no;NA;NA;no;no;no;NA;no;NA;yes;Sciurus_8042BA1_AFTER_24/04/23;no;NA;no;NA;yes;Sciurus_8042BA1_FUR_24/04/23;no;NA;yes;Sciurus_8042BA1_ORAL_24/04/23;no;NA;no;NA;NA;13;sunny;SKS.SD.JE.JM.KR(in B.);NA;0.5;NA;NA;;160
28.04.2023;Spring;4;11:05:00 AM;11:14:00 AM;Treptower_Park;B_Trep_07;8061DA8;Haselnuss;Sciurus_B_Trep_07_M17;recapture;m;NA;adult;240;169;55.6;NA;3;159;503.1;344.1;good;very_good;NA;NA;NA;no;NA;NA;no;no;no;NA;yes;Sciurus_8061DA8_FAECES_24/04/23;yes;Sciurus_8061DA8_AFTER_24/04/23;no;NA;no;NA;yes;Sciurus_8061DA8_FUR_24/04/23;no;NA;yes;Sciurus_8061DA8_ORAL_24/04/23;yes;Sciurus_8061DA8_TISSUE_24/04/23;no;NA;NA;12;sunny;SKS.SD.JE.JM.KR(in B.);NA;1;NA;bleeding on nose from old wounds(picture Johannes).old cuts on the ears, sex m but in another protocol we wrote f and lactating;160;161
09.05.2023;Spring;4;8:22:00 AM;8:25:00 AM;Lilienthal;B_Lilie_10;8061D1E;Rupert;Sciurus_B_Lilie_10_M01;recapture;m;NA;adult;NA;NA;NA;NA;1;86;447;361;moderate;good;NA;NA;NA;no;NA;NA;no;no;no;NA;no;NA;no;NA;no;NA;no;NA;no;NA;no;NA;no;NA;no;NA;no;NA;NA;11;sunny;CL.SD.JE.Aurore.KR(in B.);NA;0;NA;NA;;162
09.05.2023;Spring;4;9:50:00 AM;9:58:00 AM;Lilienthal;B_Lilie_10;8061D1E;Rupert;Sciurus_B_Lilie_10_M01;recapture;m;NA;adult;NA;NA;NA;NA;NA;NA;NA;NA;moderate;good;NA;NA;NA;no;NA;NA;no;no;no;NA;no;NA;no;NA;no;NA;no;NA;no;NA;no;NA;no;NA;no;NA;no;NA;NA;13;sunny;CL.SD.JE.Aurore.KR(in B.);NA;0;NA;NA;;163
09.05.2023;Spring;4;10:06:00 AM;10:10:00 AM;Lilienthal;B_Lilie_08;804C8B8;Alio;Sciurus_B_Lilie_02_M08;recapture;m;NA;adult;NA;NA;NA;NA;NA;NA;461.8;NA;very_good;very_good;NA;NA;NA;no;NA;NA;no;no;no;NA;no;NA;no;NA;no;NA;no;NA;no;NA;no;NA;no;NA;no;NA;no;NA;NA;13;sunny;CL.SD.JE.Aurore.KR(in B.);NA;0;NA;NA;;164
28.04.2023;Spring;4;12:28:00 PM;12:41:00 PM;Treptower_Park;B_Trep_14;7F24FC4;Hummus;Sciurus_B_Trep_14_W21;capture;f;NA;adult;226;175;56.4;NA;3;159;594.5;435.5;very_good;very_good;NA;NA;NA;no;NA;NA;no;no;no;NA;no;NA;yes;Sciurus_7F24FC4_AFTER_24/04/23;no;NA;no;NA;yes;Sciurus_7F24FC4_FUR_24/04/23;no;NA;yes;Sciurus_7F24FC4_ORAL_24/04/23;yes;Sciurus_7F24FC4_TISSUE_24/04/23;no;NA;NA;14;sunny;SKS.SD.JE.JM.KR(in B.);NA;0.5;NA;cut in the right ear. seems that there have been tissue samples taken on the left ear already;162;165
09.05.2023;Spring;4;10:51:00 AM;10:53:00 AM;Lilienthal;B_Lilie_03;8047DDD;Chelipsi;Sciurus_B_Lilie_03_W12;recapture;f;lactating;adult;NA;NA;NA;NA;2;106.1;NA;NA;very_good;very_good;NA;NA;NA;no;NA;NA;no;no;no;NA;no;NA;no;NA;no;NA;no;NA;no;NA;no;NA;no;NA;no;NA;no;NA;NA;16;sunny;CL.SD.JE.Aurore.KR(in B.);NA;1;NA;NA;;166
09.05.2023;Spring;4;10:15:00 AM;10:38:00 AM;Lilienthal;B_Lilie_04;8047A28;Salbei;Sciurus_B_Lilie_04_M10;capture;m;NA;adult;225;171;58;NA;NA;NA;461.5;NA;very_good;very_good;NA;NA;NA;no;NA;NA;yes;yes;yes;0.2;yes;Sciurus_8047A28_FAECES_09/05/23;yes;Sciurus_8047A28_AFTER_09/05/23;no;NA;no;NA;yes;Sciurus_8047A28_FUR_09/05/23;no;NA;yes;Sciurus_8047A28_ORAL_09/05/23;yes;Sciurus_8047A28_TISSUE_09/05/23;no;NA;NA;13;sunny;CL.SD.JE.Aurore.KR(in B.);NA;0.5;NA;flees;166;167
11.05.2023;Spring;4;8:26:00 AM;8:30:00 AM;Treptower_Park;B_Trep_07;8041A5D;Scar;Sciurus_B_Trep_11_M12;recapture;m;NA;adult;NA;NA;NA;NA;2;106.1;530.6;424.5;very_good;very_good;NA;NA;NA;no;NA;NA;no;no;no;NA;no;NA;no;NA;no;NA;no;NA;no;NA;no;NA;no;NA;no;NA;no;NA;NA;14;sunny;CL.SD.JE.Aurore.KR(in B.);NA;0;NA;has a tick;;168
11.05.2023;Spring;4;8:38:00 AM;8:41:00 AM;Treptower_Park;B_Trep_16;8042BA1;Caroline;Sciurus_B_Trep_11_W13;recapture;f;NA;adult;NA;NA;NA;NA;2;106.1;512.1;406;very_good;very_good;NA;NA;NA;no;NA;NA;no;no;no;NA;no;NA;no;NA;no;NA;no;NA;no;NA;no;NA;no;NA;no;NA;no;NA;NA;13;sunny;CL.SD.JE.Aurore.KR(in B.);NA;0;NA;NA;;169
11.05.2023;Spring;4;9:21:00 AM;9:32:00 AM;Treptower_Park;B_Trep_14;7F24FC4;Hummus;Sciurus_B_Trep_14_W21;recapture;f;NA;adult;NA;NA;NA;NA;2;106.1;528.1;422;very_good;very_good;NA;NA;NA;no;NA;NA;yes;yes;yes;1.2;yes;Sciurus_7F24FC4_FAECES_11/05/23;no;NA;no;NA;no;NA;no;NA;no;NA;no;NA;yes;Sciurus_7F24FC4_TISSUE_11/05/23;no;NA;NA;16;sunny;CL.SD.JE.Aurore.KR(in B.);NA;0;NA;NA;170;170
11.05.2023;Spring;4;9:41:00 AM;9:50:00 AM;Treptower_Park;B_Trep_01;8061D18;Chandler;Sciurus_B_Trep_15_M14;recapture;m;NA;adult;NA;NA;NA;NA;2;106.1;531.2;425.1;very_good;very_good;NA;NA;NA;no;NA;NA;yes;no;no;NA;no;NA;no;NA;no;NA;no;NA;no;NA;no;NA;no;NA;yes;Sciurus_8061D18_TISSUE_11/05/23;no;NA;NA;18;sunny;CL.SD.JE.Aurore.KR(in B.);NA;2;NA;bleeding on nose;171;171
11.05.2023;Spring;4;10:13:00 AM;10:22:00 AM;Treptower_Park;B_Trep_14;8041A2E;Jake;Sciurus_B_Trep_03_M08;recapture;m;NA;adult;NA;NA;NA;NA;NA;NA;NA;NA;NA;NA;NA;NA;NA;no;NA;NA;yes;yes;no;0.4;no;NA;no;NA;no;NA;no;NA;no;NA;no;NA;no;NA;no;NA;no;NA;NA;18;sunny;CL.SD.JE.Aurore.KR(in B.);NA;0;NA;NA;;172
11.05.2023;Spring;4;10:35:00 AM;10:43:00 AM;Treptower_Park;B_Trep_16;8061DA8;Haselnuss;Sciurus_B_Trep_07_M17;recapture;m;NA;adult;NA;NA;NA;NA;2;106.1;460.9;354.8;very_good;very_good;NA;NA;NA;no;NA;NA;yes;yes;no;NA;no;NA;no;NA;no;NA;no;NA;no;NA;no;NA;no;NA;yes;Sciurus_8061DA8_TISSUE_11/05/23;no;NA;NA;18;sunny;CL.SD.JE.Aurore.KR(in B.);NA;0.5;NA;sex f? but in another protocol we wrote m;173;173
11.05.2023;Spring;4;11:22:00 AM;11:38:00 AM;Treptower_Park;B_Trep_06;806170D;Valentine;Sciurus_B_Trep_06_M13;recapture;m;NA;adult;NA;NA;NA;NA;2;106.1;511;404.9;very_good;very_good;NA;NA;NA;no;NA;NA;yes;yes;yes;0.1;no;NA;no;NA;no;NA;no;NA;no;NA;no;NA;no;NA;yes;Sciurus_806170D_TISSUE_11/05/23;no;NA;NA;20;sunny;CL.SD.JE.Aurore.KR(in B.);NA;2;NA;NA;174;174
11.05.2023;Spring;4;11:54:00 AM;12:02:00 PM;Treptower_Park;B_Trep_16;8041A5D;Scar;Sciurus_B_Trep_11_M12;recapture;m;NA;adult;NA;NA;NA;NA;NA;NA;NA;NA;very_good;very_good;NA;NA;NA;no;NA;NA;yes;yes;no;NA;no;NA;no;NA;no;NA;no;NA;no;NA;no;NA;no;NA;yes;Sciurus_8041A5D_TISSUE_11/05/23;no;NA;NA;20;sunny;CL.SD.JE.Aurore.KR(in B.);NA;0;NA;NA;175;175
18.05.2023;Spring;4;8:02:00 AM;8:15:00 AM;Lilienthal;B_Lilie_06;8047CFF;Cercei;Scirius_B_Lilie_06_W13;capture;f;lactating;adult;238;NA;55.6;NA;2;106.1;556.4;450.3;good;very_good;NA;NA;NA;no;NA;NA;no;no;no;NA;no;NA;yes;Sciurus_8047CFF_AFTER_18/05/23;no;NA;no;NA;yes;Sciurus_8047CFF_FUR_18/05/23;no;NA;no;NA;no;NA;no;NA;NA;10;sunny;SD.JE.Aurore. RW.KR(in B.);NA;0.5;NA;NA;;176
18.05.2023;Spring;4;9:42:00 AM;9:56:00 AM;Lilienthal;B_Lilie_07;805BE16;Galadriel;Scirius_B_Lilie_07_W15;capture;f;NA;adult;220;191;58.1;NA;NA;NA;NA;NA;very_good;very_good;NA;NA;NA;no;NA;NA;no;no;no;NA;no;NA;yes;Sciurus_805BE16_AFTER_18/05/23;no;NA;no;NA;yes;Sciurus_805BE16_FUR_18/05/23;no;NA;yes;Sciurus_805BE16_ORAL_18/05/23;yes;Sciurus_805BE16_TISSUE_18/05/23;no;NA;NA;12;sunny;SD.JE.Aurore. RW.KR(in B.);NA;1;NA;dirty after;178;177
18.05.2023;Spring;4;10:13:00 AM;10:21:00 AM;Lilienthal;B_Lilie_05;80624F5;Sansa;Scirius_B_Lilie_05_W14;capture;f;NA;adult;223;180;58.2;NA;2;106.1;442.2;336.1;very_good;very_good;NA;NA;NA;no;NA;NA;yes;yes;no;NA;no;NA;yes;Sciurus_80624F5_AFTER_18/05/23;no;NA;no;NA;yes;Sciurus_80624F5_FUR_18/05/23;no;NA;no;NA;yes;Sciurus_80624F5_TISSUE_18/05/23;no;NA;NA;13;sunny_windy;SD.JE.Aurore. RW.KR(in B.);NA;0;NA;NA;177;178
18.05.2023;Spring;4;10:37:00 AM;10:43:00 AM;Lilienthal;B_Lilie_08;804C8B8;Alio;Sciurus_B_Lilie_02_M08;recapture;m;m;adult;NA;NA;NA;NA;5;146.8;503.6;356.8;very_good;very_good;NA;NA;NA;no;NA;NA;yes;yes;no;NA;no;NA;no;NA;no;NA;no;NA;no;NA;no;NA;no;NA;yes;Sciurus_804C8B8_TISSUE_18/05/23;no;NA;NA;13;sunny;SD.JE.Aurore. RW.KR(in B.);NA;0.5;NA;NA;179;179
18.05.2023;Spring;4;11:06:00 AM;11:12:00 AM;Lilienthal;B_Lilie_06;8061D1E;Rupert;Sciurus_B_Lilie_10_M01;recapture;m;NA;adult;NA;NA;NA;NA;5;146.8;518.6;371.8;very_good;very_good;NA;NA;NA;no;NA;NA;no;no;no;NA;yes;Sciurus_8061D1E_FAECES_18/05/23;no;NA;no;NA;no;NA;no;NA;no;NA;no;NA;yes;Sciurus_8061D1E_TISSUE_18/05/23;no;NA;NA;13;sunny;SD.JE.Aurore. RW.KR(in B.);NA;0;NA;NA;180;180
22.05.2023;Spring;4;8:24:00 AM;8:27:00 AM;Treptower_Park;B_Trep_06;806170D;Valentine;Sciurus_B_Trep_06_M13;recapture;m;NA;adult;NA;NA ;NA;NA;1;86;484.5;398.5;very_good;very_good;NA;NA;NA;no;NA;NA;no;no;no;NA;no;NA;no;NA;no;NA;no;NA;no;NA;no;NA;no;NA;no;NA;no;NA;NA;18;cloudy;SD.AB.JE.KR(in B.);NA;0;NA;NA;;181
22.05.2023;Spring;4;9:16:00 AM;9:19:00 AM;Treptower_Park;B_Trep_11;8041A5D;Scar;Sciurus_B_Trep_11_M12;recapture;m;NA;adult;NA;NA ;NA;NA;2;106.1;550.8;444.7;very_good;very_good;NA;NA;NA;no;NA;NA;no;no;no;NA;no;NA;no;NA;no;NA;no;NA;no;NA;no;NA;no;NA;no;NA;no;NA;NA;19;sunny;SD.AB.JE.KR(in B.).AC.ADM.RW;NA;0;NA;NA;;182
30.05.2023;Spring;4;8:16:00 AM;8:19:00 AM;Lilienthal;B_Lilie_04;8047A28;Salbei;Sciurus_B_Lilie_04_M10;recapture;m;NA;adult;NA;NA;NA;NA;5;146.8;494;347.2;very_good;very_good;NA;NA;NA;no;NA;NA;no;no;no;NA;no;NA;no;NA;no;NA;no;NA;no;NA;no;NA;no;NA;no;NA;no;NA;NA;15;sunny;SD.JE.Aurore. RW.KR(in B.);NA;0.5;NA;NA;;183
30.05.2023;Spring;4;9:15:00 AM;NA;Lilienthal;B_Lilie_06;NA;J_Doe_1;NA;NA;NA;NA;NA;NA;NA;NA;NA;NA;NA;NA;NA;NA;NA;NA;NA;NA;NA;NA;NA;no;no;no;NA;no;NA;no;NA;no;NA;no;NA;no;NA;no;NA;no;NA;no;NA;no;NA;NA;NA;NA;SD.JE.Aurore. RW.KR(in B.);NA;NA;NA;squirrel escaped the trap;;184
30.05.2023;Spring;4;11:04:00 AM;11:07:00 AM;Lilienthal;B_Lilie_04;804C8B8;Alio;Sciurus_B_Lilie_02_M08;recapture;m;m;adult;NA;NA;NA;NA;5;146.8;507.3;360.5;very_good;very_good;NA;NA;NA;NA;NA;NA;no;no;no;NA;no;NA;no;NA;no;NA;no;NA;no;NA;no;NA;no;NA;no;NA;no;NA;NA;16;sunny;SD.EH.Aurore. RW.KR(in B.);NA;0;NA;NA;;185
31.05.2023;Spring;4;7:32:00 AM;7:52:00 AM;Treptower_Park;B_Trep_09;806185F;Sven;Scirius_B_Trep_09_M18;capture;m;NA;adult;233;174;58.4;NA;3;159;515.3;356.3;very_good;very_good;NA;NA;NA;no;NA;NA;yes;yes;yes;22;no;NA;yes;Sciurus_806185F_AFTER_31/05/23;no;NA;no;NA;yes;Sciurus_806185F_FUR_31/05/23;no;NA;yes;Sciurus_806185F_ORAL_31/05/23;yes;Sciurus_806185F_TISSUE_31/05/23;no;NA;NA;12;sunny;ADM.SD.RW.JE.KR(in B.);NA;0;NA; thick tail. injured ears. face picture: Ren;186;186
31.05.2023;Spring;4;9:01:00 AM;9:09:00 AM;Treptower_Park;B_Trep_06;806170D;Valentine;Sciurus_B_Trep_06_M13;recapture;m;NA;adult;NA;NA ;NA;NA;3;159;575.5;416.5;very_good;very_good;NA;NA;NA;no;NA;NA;no;no;no;NA;no;NA;no;NA;no;NA;no;NA;no;NA;no;NA;yes;Sciurus_806170D_ORAL_31/05/23;no;NA;no;NA;NA;16;sunny;SD.CL.JE.KR(in B.);NA;1.5;NA;face picture: Sinah;;187
31.05.2023;Spring;4;9:25:00 AM;9:34:00 AM;Treptower_Park;B_Trep_14;8043A46;Boyle;Sciurus_B_Trep_03_M19;recapture;m;NA;adult;NA;NA;NA;NA;3;159;550.1;391.1;very_good;very_good;NA;NA;NA;no;NA;NA;yes ;yes;no;NA;no;NA;no;NA;no;NA;no;NA;no;NA;no;NA;no;NA;yes;Sciurus_8063A46_TISSUE_31/05/23;no;NA;NA;18;sunny;SD.CL.JE.KR(in B.);NA;0.5;NA;flees;188;188
31.05.2023;Spring;4;10:38:00 AM;10:53:00 AM;Treptower_Park;B_Trep_18;8047A6B;Nevi;Sciurus_B_Trep_18_W22;capture;f;lactating;adult;234;195;56.6;NA;3;159;571.6;412.6;very_good;very_good;NA;NA;NA;no;NA;NA;no;no;no;NA;yes;Sciurus_8047A6B _FAECES_31/05/23;yes;Sciurus_8047A6B _AFTER_31/05/23;no;NA;no;NA;yes;Sciurus_8047A6B _FUR_31/05/23;no;NA;yes;Sciurus_8047A6B _ORAL_31/05/23;yes;Sciurus_8047A6B _TISSUE_31/05/23;no;NA;NA;19;sunny;SD.CL.JE.KR(in B.);NA;1;NA;flees;189;189
31.05.2023;Spring;4;11:21:00 AM;11:34:00 AM;Treptower_Park;B_Trep_14;8061C8E;Cora;Sciurus_B_Trep_14_W23;capture;f;non;juvenile;190;174;57.8;NA;3;159;412;253;very_good;very_good;NA;NA;NA;no;NA;NA;no;no;no;NA;no;NA;yes;Sciurus_8061C8E _AFTER_31/05/23;no;NA;no;NA;yes;Sciurus_8061C8E _FUR_31/05/23;no;NA;yes;Sciurus_8061C8E _ORAL_31/05/23;yes;Sciurus_8061C8E _TISSUE_31/05/23;no;NA;NA;20;sunny;SD.JE.KR(in B.);NA;1;NA;verklebtes Fell;190;190
31.05.2023;Spring;4;12:06:00 PM;12:18:00 PM;Treptower_Park;B_Trep_18;8062473;Mo;Sciurus_B_Trep_18_M20;capture;m;NA;adult;205;161;NA;NA;3;159;532.1;373.1;very_good;very_good;NA;NA;NA;no;NA;NA;yes;yes;yes;0.4;no;NA;yes;Sciurus_8062473 _AFTER_31/05/23;no;NA;no;NA;yes;Sciurus_8062473 _FUR_31/05/23;no;NA;yes;Sciurus_8062473 _ORAL_31/05/23;yes;Sciurus_8062473 _TISSUE_31/05/23;no;NA;NA;21;sunny;SD.JE.KR(in B.);NA;1;NA;NA;191;191
08.06.2023;Spring;4;8:04:00 AM;8:17:00 AM;Lilienthal;B_Lilie_03;8049B46;Bones;Sciurus_B_Lilie_09_XXX;recapture;m;NA;adult;NA;NA;NA;NA;5;146.8;516;369.2;very_good;very_good;NA;NA;NA;NA;NA;NA;no;no;no;NA;no;NA;yes;Sciurus_8049B46_AFTER_30/05/23;no;NA;no;NA;yes;Sciurus_8049B46_FUR_30/05/23;no;NA;yes;Sciurus_8049B46_ORAL_30/05/23;no;NA;no;NA;NA;19;sunny;SD.JE.Aurore. RW.KR(in B.);NA;0.5;NA;fleas. picture. wound from last year healed (crow);;192
08.06.2023;Spring;4;8:38:00 AM;8:52:00 AM;Lilienthal;B_Lilie_01;8047CFF;Cercei;Scirius_B_Lilie_06_W13;capture;f;NA;adult;NA;NA;NA;NA;5;146.8;585;438.2;very_good;very_good;NA;NA;NA;NA;NA;NA;yes;yes;yes;11;no;NA;no;NA;no;NA;no;NA;no;NA;no;NA;yes;Sciurus_8047CFF_ORAL_08/06/23;yes;Sciurus_8047CFF_TISSUE_08/06/23;no;NA;NA;20;sunny;SD.ADM.RW.EH.KR(in B.);NA;0.5;NA;NA;193;193
08.06.2023;Spring;4;9:05:00 AM;9:11:00 AM;Lilienthal;B_Lilie_03;80616A0;Marcus;Sciurus_B_Lilie_01_M02;recapture;m;NA;adult;NA;NA;NA;NA;5;146.8;510.9;364.1;very_good;very_good;NA;NA;NA;NA;NA;NA;yes;yes;yes;6;no;NA;no;NA;no;NA;no;NA;no;NA;no;NA;no;NA;yes;Sciurus_80616A0_TISSUE_08/06/23;no;NA;NA;22;sunny;SD.ADM.RW.EH.KR(in B.);NA;1;NA;very vocal during sampling;194;194
08.06.2023;Spring;4;11:02:00 AM;11:07:00 AM;Lilienthal;B_Lilie_04;7F25103;Hagebutte;Sciurus_B_Lilie_04_M07;recapture;m;NA;adult;NA;NA;NA;NA;5;146.8;491.6;344.8;very_good;very_good;NA;NA;NA;NA;NA;NA;no;no;no;NA;no;NA;no;NA;no;NA;no;NA;no;NA;no;NA;no;NA;no;NA;no;NA;NA;25;sunny;SD.ADM.EH.KR(in B.);NA;1;NA;NA;;195
08.06.2023;Spring;4;11:13:00 AM;11:21:00 AM;Lilienthal;B_Lilie_03;8047DDD;Chelipsi;Sciurus_B_Lilie_03_W12;recapture;f;lactating;adult;NA;NA;NA;NA;5;146.8;NA;NA;very_good;very_good;NA;NA;NA;NA;NA;NA;yes;yes;yes;19;no;NA;no;NA;no;NA;no;NA;no;NA;no;NA;no;NA;yes;Sciurus_8047DDD_TISSUE_08/06/23;no;NA;NA;25;sunny;SD.ADM.RW.EH.KR(in B.);NA;1;NA;NA;196;196
08.06.2023;Spring;4;11:35:00 AM;11:38:00 AM;Lilienthal;B_Lilie_01;NA;Toni;NA;capture;NA;NA;adult;NA;NA;NA;NA;NA;NA;NA;NA;moderate;very_good;NA;NA;NA;NA;NA;NA;no;no;no;NA;no;NA;no;NA;no;NA;no;NA;no;NA;no;NA;no;NA;no;NA;no;NA;NA;26;sunny;SD.ADM.RW.EH.KR(in B.);NA;0;NA;let go. was very quiet. almost no heartbeat in the bag;;197
09.06.2023;Spring;4;7:54:00 AM;7:55:00 AM;Treptower_Park;B_Trep_16;8041A5D;Scar;Sciurus_B_Trep_11_M12;recapture;m;NA;adult;NA;NA;NA;NA;3;159;593;434;very_good;very_good;NA;NA;NA;no;NA;NA;no;no;no;NA;no;NA;no;NA;no;NA;no;NA;no;NA;no;NA;no;NA;no;NA;no;NA;NA;19;sunny;SD.JE.EW.KR(in B.);NA;0;NA;NA;;198
09.06.2023;Spring;4;10:43:00 AM;10:47:00 AM;Treptower_Park;B_Trep_14;8041A2E;Jake;Sciurus_B_Trep_03_M08;recapture;m;NA;adult;NA;NA;NA;NA;3;159;560.6;401.6;very_good;very_good;NA;NA;NA;no;NA;NA;no;no;no;NA;yes;Sciurus_8041A2E _FAECES_09/06/23;no;NA;no;NA;no;NA;no;NA;no;NA;no;NA;no;NA;no;NA;NA;25;sunny;SD.JE.EW.KR(in B.);NA;1.5;NA;NA;;199
09.06.2023;Spring;4;11:01:00 AM;11:11:00 AM;Treptower_Park;B_Trep_01;8049FD3;Hagrida;Sciurus_B_Trep_01_W20;recapture;f;NA;adult;NA;NA;NA;NA;5;146.8;583.2;436.4;very_good;very_good;NA;NA;NA;no;NA;NA;no;no;no;NA;no;NA;no;NA;no;NA;no;NA;no;NA;no;NA;no;NA;no;NA;no;NA;NA;25;sunny;SD.JE.EW.KR(in B.);NA;1.5;NA;NA;;200
14.06.2023;Spring;4;7:47:00 AM;7:56:00 AM;Treptower_Park;B_Trep_16;8061D18;Chandler;Sciurus_B_Trep_15_M14;recapture;m;NA;adult;NA;NA;NA;NA;1;86;519.3;433.3;very_good;very_good;NA;NA;NA;no;NA;NA;no;no;no;NA;no;NA;yes;Sciurus_8061D18 _AFTER_14/06/23;no;NA;no;NA;yes;Sciurus_8061D18 _FUR_14/06/23;no;NA;no;NA;no;NA;no;NA;NA;16;cloudy;CL.SD.KR(in B.);NA;2.5;NA;NA;;201
14.06.2023;Spring;4;8:10:00 AM;8:15:00 AM;Treptower_Park;B_Trep_16;8049FD3;Hagrida;Sciurus_B_Trep_01_W20;recapture;f;NA;adult;NA;NA;NA;NA;1;86;537.1;451.1;very_good;very_good;NA;NA;NA;no;NA;NA;yes;yes;yes;27;no;NA;no;NA;no;NA;no;NA;no;NA;no;NA;no;NA;yes;Sciurus_8049FD3 _TISSUE_14/06/23;no;NA;NA;16;cloudy;CL.SD.KR(in B.);NA;1.5;NA;NA;202;202
14.06.2023;Spring;4;9:20:00 AM;9:23:00 AM;Treptower_Park;B_Trep_17;8041A5D;Scar;Sciurus_B_Trep_11_M12;recapture;m;NA;adult;NA;NA;NA;NA;3;159;584.7;425.7;very_good;very_good;NA;NA;NA;no;NA;NA;no;no;no;NA;no;NA;no;NA;no;NA;no;NA;no;NA;no;NA;no;NA;no;NA;no;NA;NA;17;cloudy;CL.SD.RW.ADM.KR(in B.);NA;0;NA;NA;;203
14.06.2023;Spring;4;9:34:00 AM;9:48:00 AM;Treptower_Park;B_Trep_09;7F24CFB;Hermine;Sciurus_B_Trep_09_W24;capture;f;lactating;adult;235;174;58.1;NA;3;159;494.5;335.5;very_good;very_good;NA;NA;NA;no;NA;NA;no;no;no;NA;no;NA;yes;Sciurus_7F24CFB _AFTER_14/06/23;no;NA;no;NA;yes;Sciurus_7F24CFB _FUR_14/06/23;no;NA;yes;Sciurus_7F24CFB _ORAL_14/06/23;yes;Sciurus_7F24CFB _TISSUE_14/06/23;no;NA;NA;17;cloudy;CL.SD.RW.ADM.KR(in B.);NA;1.5;NA;fleas.old wound on nose and both ears;204;204
14.06.2023;Spring;4;10:08:00 AM;10:10:00 AM;Treptower_Park;B_Trep_14;8041A2E;Jake;Sciurus_B_Trep_03_M08;recapture;m;NA;adult;NA;NA;NA;NA;1;86;504.7;418.7;very_good;very_good;NA;NA;NA;no;NA;NA;no;no;no;NA;yes;Sciurus_8041A2E _FAECES_14/06/23;no;NA;no;NA;no;NA;no;NA;no;NA;no;NA;no;NA;no;NA;NA;17;clouy;CL.SD.KR(in B.);NA;0;NA;NA;;205
06.09.2023;Autumn;5;8:14:00 AM;8:32:00 AM;Rahnsdorf;B_Rahn_05;NA;Ratchet_1;NA;NA;m;NA;adult;221;172;53.5;NA;2;106.1;479;372.9;very good;very good;NA;NA;NA;no;NA;NA;no;no;no;NA;yes;Sciurus_NA _FAECES_06/09/23;yes;Sciurus_NA _AFTER_06/09/23;no;NA;no;NA;yes;Sciurus_NA _FUR_06/09/23;no;NA;no;NA;no;NA;no;NA;NA;14;sunny;CL.SD.NK.JE;NA;0;NA;brocken tail, possibly Ratchet;;206
06.09.2023;Autumn;5;10:09:00 AM;10:23:00 AM;Rahnsdorf;B_Rahn_13;80624BF;Lian;Sciurus_B_Rahn_13_XXX;capture;m;NA;adult;NA;NA;NA;NA;2;106.1;NA;NA;good;good;NA;NA;NA;no;NA;NA;no;no;no;NA;no;NA;no;NA;no;NA;no;NA;no;NA;no;NA;no;NA;no;NA;no;NA;NA;20;sunny;CL.SD.NK.JE;NA;1.5;NA;NA;;207
06.09.2023;Autumn;5;11:39:00 AM;11:44:00 AM;Rahnsdorf;B_Rahn_14;8041A02;Ratchet;Sciurus_B_Rahn_01_M01;recapture;m;NA;adult;NA;NA;NA;NA;2;106.1;481;374.9;very good;very good;NA;NA;NA;no;NA;NA;no;no;no;NA;no;NA;no;NA;no;NA;no;NA;no;NA;no;NA;no;NA;no;NA;no;NA;NA;24;sunny;CL.SD.NK.JE;NA;0;NA;NA;;208
18.09.2023;Autumn;5;8:17:00 AM;8:33:00 AM;Rahnsdorf;B_Rahn_11;8047E1E;Lori;Sciurus_B_Rahn_11_XXX;capture;f;NA;adult;230;181;59.8;NA;2;106.1;NA;NA;good;good;NA;NA;NA;no;NA;NA;no;no;no;NA;yes;Sciurus_8047E1E _FAECES_18/09/23;yes;Sciurus_8047E1E _AFTER_18/09/23;no;NA;no;NA;yes;Sciurus_8047E1E _FUR_18/09/23;no;NA;no;NA;yes;Sciurus_8047E1E _TISSUE_18/09/23;no;NA;NA;17;sunny;SD.CL.KR(inB.);NA;2;NA;Measure body length, very stressed, lay flat on stomach for a short time after handling;238;209
18.09.2023;Autumn;5;8:51:00 AM;9:02:00 AM;Rahnsdorf;B_Rahn_03;8041A02;Ratchet;Sciurus_B_Rahn_01_M01;recapture;m;NA;adult;NA;NA;NA;NA;5;146.8;522;375.2;very good;very good;NA;NA;NA;no;NA;NA;no;no;no;NA;no;NA;no;NA;no;NA;no;NA;no;NA;no;NA;no;NA;yes;Sciurus_8041A02 _TISSUE_18/09/23;no;NA;NA;18;sunny;SD.CL.KR(inB.);NA;0;NA;NA;237;210
19.09.2023;Autumn;5;7:45:00 AM;7:52:00 AM;Treptower_Park;B_Trep_16;8041A5D;Scar;Sciurus_B_Trep_11_M12;recapture;m;NA;adult;NA;NA;58.9;NA;3;159;568.3;409.3;very_good;very_good;NA;NA;NA;no;NA;NA;no;no;no;NA;no;NA;yes;Scuirus_8041A5D_AFTER_19/09/23;no;NA;no;NA;yes;Scuirus_8041A5D_FUR_19/09/23;no;NA;no;NA;no;NA;no;NA;NA;17;sunny;CL.SD.EH.NK.KR(inB);NA;0.5;NA;escaped;;211
19.09.2023;Autumn;5;8:05:00 AM;8:09:00 AM;Treptower_Park;B_Trep_09;7F24CFB;Hermine;Sciurus_B_Trep_09_W24;recapture;f;non;adult;NA;NA;56.8;NA;3;159;509.8;350.8;very  good;very good;NA;NA;NA;no;NA;NA;no;no;no;NA;no;NA;yes;Scuirus_7F24CFB_AFTER_19/09/23;no;NA;no;NA;yes;Scuirus_7F24CFB_FUR_19/09/23;no;NA;yes;Sciurus_7F24CFB _ORAL_19/09/23;no;NA;no;NA;NA;17;sunny;SD.CL.NK.EH.KR(inB);NA;1;NA;NA;;212
19.09.2023;Autumn;5;8:22:00 AM;8:37:00 AM;Treptower_Park;B_Trep_16;8061BA3;Finn;Sciurus_B_Trep_16_XXX;capture;m;NA;adult;243;174;60.9;NA;3;159;563.2;404.2;very good;very good;NA;NA;NA;no;NA;NA;no;no;no;NA;yes;Sciurus_8061BA3 _FAECES_19/09/23;yes;Sciurus_8061BA3 _AFTER_19/09/23;no;NA;no;NA;yes;Sciurus_8061BA3 _FUR_19/09/23;no;NA;no;NA;yes;Sciurus_8061BA3 _TISSUE_19/09/23;no;NA;NA;17;dry_sunny;CL.SD.EH.NK.KR(inB);NA;1;NA;NA;226;213
19.09.2023;Autumn;5;9:04:00 AM;9:11:00 AM;Treptower_Park;B_Trep_06;8047A08;Conny;Sciurus_B_Trep_06_XXX;recapture;f;non;adult;NA;NA;56.9;NA;3;159;527.5;368.5;very good;very good;NA;NA;NA;no;NA;NA;no;no;no;NA;no;NA;yes;Sciurus_8047A08 _AFTER_19/09/23;no;NA;no;NA;yes;Sciurus_8047A08 _FUR_19/09/23;no;NA;no;NA;no;NA;no;NA;NA;17;NA;CL.SD.NK;NA;0.5;NA;NA;;214
19.09.2023;Autumn;5;9:25:00 AM;9:33:00 AM;Treptower_Park;B_Trep_14;7F24FC4;Hummus;Sciurus_B_Trep_14_W21;recapture;f;non;adult;NA;606;NA;NA;3;159;558.4;399.4;very good;very good;NA;NA;NA;no;NA;NA;no;no;no;NA;yes;Sciurus_7F24FC4 _FAECES_19/09/23;yes;Sciurus_7F24FC4_AFTER_19/09/23;no;NA;no;NA;yes;Scuirus_7F24FC4_FUR_19/09/23;no;NA;yes;Sciurus_7F24FC4 _ORAL_19/09/23;no;NA;no;NA;NA;17;sunny;CL.SD.NK;NA;0;NA;NA;;215
19.09.2023;Autumn;5;9:47:00 AM;10:01:00 AM;Treptower_Park;B_Trep_16;804272A;Lola;Sciurus_B_Trep_16_W10;recapture;f;NA;adult;NA;NA;56.6;NA;3;159;547.4;388.4;very good;very good;NA;NA;NA;no;NA;NA;yes;yes;yes;15;yes;Sciurus_804272A _FAECES_19/09/23;yes;Sciurus_804272A _AFTER_19/09/23;no;NA;no;NA;yes;Sciurus_804272A _FUR_19/09/23;no;NA;yes;Sciurus_804272A _ORAL_19/09/23;yes;Sciurus_804272A _TISSUE_19/09/23;no;NA;NA;17;NA;CL.SD.NK;NA;0.5;NA;NA;229;216
19.09.2023;Autumn;5;10:15:00 AM;10:23:00 AM;Treptower_Park;B_Trep_09;8047D17;Krümmel;Sciurus_B_Trep_09_XXX;capture;m;NA;juvenile;200;181;50.6;NA;3;159;NA;NA;very good;very good;NA;NA;NA;no;NA;NA;yes;no;no;NA;no;NA;yes;Sciurus_8047D17 _AFTER_19/09/23;no;NA;no;NA;yes;Sciurus_8047D17 _FUR_19/09/23;no;NA;yes;Sciurus_8047D17 _ORAL_19/09/23;yes;Sciurus_8047D17 _TISSUE_19/09/23;no;NA;NA;18;sunny;SD.CL.KR(in B.).John(Videographer;NA;1.5;NA;flees, lots of vocalizing;230;217
19.09.2023;Autumn;5;10:41:00 AM;10:50:00 AM;Treptower_Park;B_Trep_06;806170D;Valentine;Sciurus_B_Trep_06_M13;recapture;m;NA;adult;NA;NA;57.9;NA;3;159;NA;NA;very good;very good;NA;NA;NA;no;NA;NA;no;no;no;NA;no;NA;yes;Sciurus_806170D _AFTER_19/09/23;no;NA;no;NA;yes;Sciurus_806170D _FUR_19/09/23;no;NA;yes;Sciurus_806170D _ORAL_19/09/23;no;NA;no;NA;NA;18;dry_sunny;CL.SD.KR(in B.);NA;1;NA;NA;;218
19.09.2023;Autumn;5;11:02:00 AM;11:19:00 AM;Treptower_Park;B_Trep_08;8061F66;Angy;Sciurus_B_Trep_08_XXX;capture;f;non;juvenile;236;184;NA;NA;3;159;518.7;359.7;NA;NA;NA;NA;NA;no;NA;NA;yes;yes;yes;6;yes;Sciurus_8061F66 _FAECES_19/09/23;yes;Sciurus_8061F66 _AFTER_19/09/23;no;NA;no;NA;yes;Sciurus_8061F66 _FUR_19/09/23;no;NA;yes;Sciurus_8061F66 _ORAL_19/09/23;yes;Sciurus_8061F66 _TISSUE_19/09/23;no;NA;NA;18;NA;CL.SD.KR(in B.);NA;0.5;NA;NA;232;219
19.09.2023;Autumn;5;11:43:00 AM;11:49:00 AM;Treptower_Park;B_Trep_16;8061DA8;Haselnuss;Sciurus_B_Trep_07_M17;recapture;m;NA;adult;NA;NA;56.5;NA;3;159;523.2;364.2;very good;very good;NA;NA;NA;no;NA;NA;no;no;no;NA;no;Na;yes;Sciurus_8061DA8 _AFTER_19/09/23;no;NA;no;NA;yes;Sciurus_8061DA8 _FUR_19/09/23;no;NA;no;NA;no;NA;no;NA;NA;19;dry_sunny;SD.EH.NT.KR(in B.).John(Videographer;NA;0.5;NA;NA;;220
19.09.2023;Autumn;5;12:03:00 PM;12:16:00 PM;Treptower_Park;B_Trep_05;805FC14;Klausi;Sciurus_B_Trep_05_XXX;capture;m;NA;adult;232;141;54.3;NA;NA;NA;485.6;NA;NA;NA;NA;NA;NA;no;NA;NA;yes;no;no;NA;yes;Sciurus_805FC14 _FAECES_19/09/23;yes;Sciurus_805FC14 _AFTER_19/09/23;no;NA;no;NA;yes;Sciurus_805FC14 _FUR_19/09/23;no;NA;yes;Sciurus_805FC14 _ORAL_19/09/23;yes;Sciurus_805FC14 _TISSUE_19/09/23;no;NA;NA;19;sunny;CL.SD.EH.NK.KR(inB);NA;1;NA;flees, vocalized a lot ;224;221
27.09.2023;Autumn;5;8:29:00 AM;8:39:00 AM;Rahnsdorf;B_Rahn_02;80614A3;Lilly;Sciurus_B_Rahn_06_W02;recapture;f;NA;adult;248;190;NA;NA;5;146.8;598.2;451.4;very good;very good;NA;NA;NA;no;NA;NA;no;no;no;NA;no;NA;yes;Sciurus_80614A3 _AFTER_27/09/23;no;NA;no;NA;yes;Sciurus_80614A3 _FUR_27/09/23;no;NA;yes;Sciurus_80614A3 _ORAL_27/09/23;no;NA;no;NA;NA;13;sunny;SKS.SD.EH.KR;NA;1;NA;tits to been seen;;222
27.09.2023;Autumn;5;9:39:00 AM;10:11:00 AM;Rahnsdorf;B_Rahn_14;8041A02;Ratchet;Sciurus_B_Rahn_01_M01;recapture;m;NA;adult;NA;NA;NA;NA;3;159;539.4;380.4;very good;very good;NA;NA;NA;yes;09:53;10:11;no;no;no;NA;no;NA;no;NA;no;NA;no;NA;no;NA;no;NA;no;NA;no;NA;no;NA;NA;15;sunny;SKS.SD.EH.KR;NA;0;NA;NA;;223
27.09.2023;Autumn;5;12:13:00 PM;12:20:00 PM;Rahnsdorf;B_Rahn_11;8047E1E;Lori;Sciurus_B_Rahn_11_XXX;recapture;f;NA;adult;230;NA;NA;NA;3;159;549.3;390.3;very good;very good;NA;NA;NA;no;NA;NA;no;no;no;NA;no;NA;no;NA;no;NA;no;NA;no;NA;no;NA;yes;Sciurus_8047E1E _ORAL_27/09/23;no;NA;no;NA;NA;23;sunny;SKS.SD.EH.KR;NA;1.5;NA;flees;;224
28.09.2023;Autumn;5;8:03:00 AM;8:14:00 AM;Lilienthal;B_Lilie_07;806214A;Noah;Sciurus_B_Lilie_07_XXX;capture;NA;NA;adult;211;168;NA;NA;3;159;473.4;314.4;very good;very good;NA;NA;NA;no;NA;NA;no;no;no;NA;no;NA;no;NA;no;NA;no;NA;no;NA;no;NA;no;NA;yes;Sciurus_806214A_TISSUE_28/09/23;no;NA;NA;15;sunny;SD.SKS.NK.JE.AB;NA;0.5;NA;in beginning Docility Score 2.0 and in the end 0.5;222;225
28.09.2023;Autumn;5;8:20:00 AM;8:27:00 AM;Lilienthal;B_Lilie_10;80616A0;Marcus;Sciurus_B_Lilie_01_M02;recapture;m;NA;adult;236;170;NA;NA;3;159;519.4;360.4;very good;very good;NA;NA;NA;no;NA;NA;no;no;no;NA;no;NA;yes;Sciurus_80616A0_AFTER_28/09/23;no;NA;no;NA;yes;Sciurus_80616A0_FUR_28/09/23;no;NA;yes;Sciurus_80616A0_ORAL_28/09/23;no;NA;no;NA;NA;15;sunny;SD.SKS.NK.JE.AB;NA;0;NA;NA;;226
28.09.2023;Autumn;5;8:35:00 AM;8:47:00 AM;Lilienthal;B_Lilie_08;804C8B8;Alio;Sciurus_B_Lilie_02_M08;recapture;m;NA;adult;234;NA;NA;NA;3;159;528.4;369.4;very good;very good;NA;NA;NA;no;NA;NA;no;no;no;NA;no;NA;yes;Sciurus_804C8B8_AFTER_28/09/23;no;NA;no;NA;yes;Sciurus_804C8B8_FUR_28/09/23;no;NA;yes;Sciurus_804C8B8_ORAL_28/09/23;no;NA;no;NA;NA;15;sunny;SD.SKS.NK.JE.AB;NA;0;NA;multiple broken tail (2*);;227
28.09.2023;Autumn;5;8:56:00 AM;9:04:00 AM;Lilienthal;B_Lilie_03;8047DDD;Chelipsi;Sciurus_B_Lilie_03_W12;recapture;f;NA;adult;235;161;53.7;NA;3;159;558;399;very good;very good;NA;NA;NA;no;NA;NA;no;no;no;NA;no;NA;yes;Sciurus_8047DDD_AFTER_28/09/23;no;NA;no;NA;yes;Sciurus_8047DDD_FUR_28/09/23;no;NA;yes;Sciurus_8047DDD_ORAL_28/09/23;no;NA;no;NA;NA;16;sunny;SD.SKS.NK.JE.AB;NA;0;NA;NA;;228
28.09.2023;Autumn;5;9:23:00 AM;9:34:00 AM;Lilienthal;B_Lilie_06;8047CFF;Cercei;Scirius_B_Lilie_06_W13;recapture;f;NA;adult;244;141;54.6;NA;3;159;572.6;413.6;very good;very good;NA;NA;NA;no;NA;NA;no;no;no;NA;no;NA;yes;Sciurus_8047CFF_AFTER_28/09/23;no;NA;no;NA;yes;Sciurus_8047CFF_FUR_28/09/23;no;NA;yes;Sciurus_8047CFF_ORAL_28/09/23;no;NA;no;NA;NA;16;sunny;SD.SKS.AB.JE.NK;NA;0.5;NA;NA;;229
28.09.2023;Autumn;5;9:45:00 AM;9:54:00 AM;Lilienthal;B_Lilie_07;8061A4C;Clara;Sciurus_B_Lilie_07_W09;recapture;f;NA;adult;239;160;55.5;NA;3;159;569.1;410.1;very good;very good;NA;NA;NA;no;NA;NA;no;no;no;MA;no;NA;yes;Sciurus_8061A4C_AFTER_28/09/23;no;NA;no;NA;yes;Sciurus_8061A4C_FUR_28/09/23;no;NA;yes;Sciurus_8061A4C_ORAL_28/09/23;no;NA;no;NA;NA;17;sunny;SD.SKS.AB.JE;NA;0.5;NA;Fleas, clear injury on the tail, dark brownish tail color;;230
28.09.2023;Autumn;5;10:03:00 AM;10:17:00 AM;Lilienthal;B_Lilie_10;804804E;Renate;Sciurus_B_Lilie_10_XXX;capture;f;NA;adult;239;170;56.9;NA;3;159;521.5;362.5;very good;very good;NA;NA;NA;no;NA;NA;yes;yes;no;NA;no;NA;yes;Sciurus_804804E_AFTER_28/09/23;no;NA;no;NA;yes;Sciurus_804804E_FUR_28/09/23;no;NA;yes;Sciurus_804804E_ORAL_28/09/23;yes;Sciurus_804804E_TISSUE_28/09/23;no;NA;NA;17;sunny;SD.SKS.AB.JE;NA;1.5;NA;NA;216;231
28.09.2023;Autumn;5;10:40:00 AM;10:52:00 AM;Lilienthal;B_Lilie_03;805BE16;Galadriel;Sciurus_B_Lilie_03_XXX;recapture;f;NA;adult;239;162;60.7;NA;3;159;569.1;410.1;very good;very good;NA;NA;NA;no;NA;NA;yes;yes;yes;23;no;NA;yes;Sciurus_8047EC4_AFTER_28/09/23;no;NA;no;NA;yes;Sciurus_8047EC4_FUR_28/09/23;no;NA;yes;Sciurus_8047EC4_ORAL_28/09/23;yes;Sciurus_8047EC4_TISSUE_28/09/23;no;NA;NA;19;sunny;SKS.SD.AD.NK.JE;NA;1.5;NA;Name was Raphi (ID 8047EC4) at the beginning, but was changed to Galadriel after the genetic analyses;215;232
28.09.2023;Autumn;5;11:12:00 AM;11:21:00 AM;Lilienthal;B_Lilie_06;8061617;Hailey;Sciurus_B_Lilie_06_W10;recapture;f;non;adult;256;162;56.8;NA;5;146.8;566.5;419.7;very good;very good;NA;NA;NA;no;NA;NA;no;no;no;NA;no;Na;yes;Sciurus_8061617_AFTER_28/09/23;no;NA;no;NA;yes;Sciurus_8061617_FUR_28/09/23;no;NA;yes;Sciurus_8061617_ORAL_28/09/23;no;NA;no;NA;NA;21;sunny;SD.SKS.AB.JE;NA;1.5;NA;NA;;233
28.09.2023;Autumn;5;11:32:00 AM;11:38:00 AM;Lilienthal;B_Lilie_08;8049B46;Bones;Sciurus_B_Lilie_09_XXX;recapture;m;NA;adult;227;164;57.8;NA;5;146.8;541.9;395.1;very good;very good;NA;NA;NA;no;NA;NA;no;no;no;NA;no;NA;yes;Sciurus_8049B46_AFTER_28/09/23;no;NA;no;NA;yes;Sciurus_8049B46_FUR_28/09/23;no;NA;yes;Sciurus_8049B46_ORAL_28/09/23;no;NA;no;NA;NA;22;sunny;SD.SKS.AB.JE;NA;0.5;NA;NA;;234
28.09.2023;Autumn;5;12:05:00 PM;12:11:00 PM;Lilienthal;B_Lilie_04;8062525;Amelia;Sciurus_B_Lilie_04_W01;recapture;f;non;adult;237;179;52.5;NA;5;146.8;523.3;376.5;NA;NA;NA;NA;NA;no;NA;NA;no;no;no;NA;no;NA;yes;Sciurus_8062525_AFTER_28/09/23;no;NA;no;NA;yes;Sciurus_8062525_FUR_28/09/23;no;NA;yes;Sciurus_8062525_ORAL_28/09/23;no;NA;no;NA;NA;22;sunny;SKS.SD.AB;NA;0;NA;flees;;235
28.09.2023;Autumn;5;12:36:00 PM;12:49:00 PM;Lilienthal;B_Lilie_10;80618A8;Gandalf;Sciurus_B_Lilie_10_XXX;capture;m;NA;adult;235;189;NA;NA;3;159;548.2;389.2;very good;very good;NA;NA;NA;no;NA;NA;no;no;no;NA;no;NA;yes;Sciurus_80618A8_AFTER_28/09/23;no;NA;no;NA;yes;Sciurus_80618A8_FUR_28/09/23;no;NA;yes;Sciurus_80618A8_ORAL_28/09/23;yes;Sciurus_80618A8_TISSUE_28/09/23;no;NA;NA;22;NA;SKS.SD;NA;2;NA;NA;211;236
29.09.2023;Autumn;5;10:55:00 AM;11:11:00 AM;Rahnsdorf;B_Rahn_14;804AABD;Fritz;Sciurus_B_Rahn_14_XXX;capture;m;NA;adult;224;172;57.2;NA;3;159;525.8;366.8;very good;very good;NA;NA;NA;no;NA;NA;yes;yes;yes;6;no;NA;yes;Sciurus_804AABD _AFTER_29/09/23;no;NA;no;NA;yes;Sciurus_804AABD _FUR_29/09/23;no;NA;yes;Sciurus_804AABD _ORAL_29/09/23;yes;Sciurus_804AABD _TISSUE_29/09/23;no;NA;NA;20;cloudy;SD.SKS.EH.JE;NA;0.5;NA;NA;242;237
29.09.2023;Autumn;5;11:25:00 AM;11:38:00 AM;Rahnsdorf;B_Rahn_05;80619F0;Sinah;Sciurus_B_Rahn_05_XXX;capture;f;NA;adult;245;182;58.1;NA;3;159;522.8;363.8;very good;very good;NA;NA;NA;no;NA;NA;yes;no;no;NA;no;NA;yes;Sciurus_80619F0 _AFTER_29/09/23;no;NA;no;NA;yes;Sciurus_80619F0 _FUR_29/09/23;no;NA;yes;Sciurus_80619F0 _ORAL_29/09/23;yes;Sciurus_80619F0 _TISSUE_29/09/23;no;NA;NA;20;cloudy;SD.SKS.EH.JE;NA;1;NA;flees;243;238
29.09.2023;Autumn;5;12:02:00 PM;12:14:00 PM;Rahnsdorf;B_Rahn_13;7F24F99;Juno;Sciurus_B_Rahn_13_XXX;capture;f;NA;adult;210;189;58.8;NA;3;159;491;332;very good;very good;NA;NA;NA;no;NA;NA;yes;yes;yes;12;no;NA;yes;Sciurus_7F24F99_AFTER_29/09/23;no;NA;no;NA;yes;Sciurus_7F24F99_FUR_29/09/23;no;NA;yes;Sciurus_7F24F99_ORAL_29/09/23;yes;Sciurus_7F24F99_TISSUE_29/09/23;no;NA;NA;20;cloudy;SD.SKS.EH.JE;NA;0;NA;flees;244;239
29.09.2023;Autumn;5;12:43:00 PM;12:46:00 PM;Rahnsdorf;B_Rahn_11;8047E1E;Lori;Sciurus_B_Rahn_11_XXX;recapture;f;NA;adult;NA;NA;NA;NA;5;146.8;547.2;400.4;very good;very good;NA;NA;NA;no;NA;NA;no;no;no;NA;no;NA;no;NA;no;NA;no;NA;no;NA;no;NA;no;NA;no;NA;no;NA;NA;22;cloudy;SD.SKS.EH.JE;NA;0.5;NA;NA;;240
05.10.2023;Autumn;5;9:13:00 AM;9:22:00 AM;Rahnsdorf;B_Rahn_05;804AABD;Fritz;Sciurus_B_Rahn_14_XXX;recapture;m;NA;adult;242;161;NA;NA;3;159;547.2;388.2;very good;very good;NA;NA;NA;no;NA;NA;no;no;no;NA;no;NA;no;NA;no;NA;no;NA;no;NA;no;NA;no;NA;no;NA;no;NA;NA;13;cloudy;CL.SD.JE;NA;0.5;NA;broken tail;;241
05.10.2023;Autumn;5;11:20:00 AM;11:23:00 AM;Rahnsdorf;B_Rahn_13;7F24F99;Juno;Sciurus_B_Rahn_13_XXX;recapture;f;NA;adult;NA;NA;NA;NA;3;159;NA;NA;very good;very good;NA;NA;NA;no;NA;NA;no;no;no;NA;yes;Sciurus_7F24F99 _FAECES_05/10/23;no;NA;no;NA;no;NA;no;NA;no;NA;no;NA;no;NA;no;NA;NA;13;cloudy;CL.SD.JE;NA;0;NA;NA;;242
06.10.2023;Autumn;5;9:29:00 AM;9:37:00 AM;Rahnsdorf;B_Rahn_05;8041A02;Ratchet;Sciurus_B_Rahn_01_M01;recapture;m;NA;adult;NA;NA;NA;NA;3;159;565.5;406.5;very good;very good;NA;NA;NA;no;NA;NA;no;no;no;NA;no;NA;no;NA;no;NA;no;NA;no;NA;no;NA;no;NA;no;NA;no;NA;NA;14;cloudy;SD. EH.JE. AB;NA;0;NA;flees, GPS trecker removed ;;243
06.10.2023;Autumn;5;10:45:00 AM;10:49:00 AM;Rahnsdorf;B_Rahn_11;8047E1E;Lori;Sciurus_B_Rahn_11_XXX;recapture;f;NA;adult;NA;NA;NA;NA;3;159;563.4;404.4;very good;very good;NA;NA;NA;no;NA;NA;no;no;no;NA;no;NA;no;NA;no;NA;no;NA;no;NA;no;NA;no;NA;no;NA;no;NA;NA;15;cloudy;SD. EH.JE. AB;NA;1.5;NA;NA;;244
13.10.2023;Autumn;5;7:50:00 AM;7:53:00 AM;Lilienthal;B_Lilie_08;804C8B8;Alio;Sciurus_B_Lilie_02_M08;recapture;m;NA;adult;NA;NA;NA;NA;3;159;562.5;403.5;very good;very good;NA;NA;NA;no;NA;NA;no;no;no;NA;yes;Sciurus_804C8B8 _FAECES_13/10/23;no;NA;no;NA;no;NA;no;NA;no;NA;no;NA;no;NA;no;NA;NA;13;cloudy;SD.JE.RP;NA;0;NA;NA;;245
13.10.2023;Autumn;5;8:30:00 AM;8:41:00 AM;Lilienthal;B_Lilie_05;8047CFF;Cercei;Scirius_B_Lilie_06_W13;recapture;f;NA;adult;NA;NA;NA;NA;3;159;602.2;443.2;very good;very good;NA;NA;NA;no;NA;NA;no;no;no;NA;yes;Sciurus_8047CFF_FAECES_13/10/23;no;NA;no;NA;no;NA;no;NA;no;NA;no;NA;no;NA;no;NA;NA;14;cloudy;SD.JE.RP;NA;0;NA;NA;;246
13.10.2023;Autumn;5;8:55:00 AM;8:58:00 AM;Lilienthal;B_Lilie_07;8061A4C;Clara;Sciurus_B_Lilie_07_W09;recapture;f;NA;adult;NA;NA;NA;NA;5;146.8;581.2;434.4;very good;very good;NA;NA;NA;no;NA;NA;no;no;no;NA;no;NA;no;NA;no;NA;no;NA;no;NA;no;NA;no;NA;no;NA;no;NA;NA;14;cloudy_ sunny;SD.JE.RP;NA;0.5;NA;NA;;247
13.10.2023;Autumn;5;9:08:00 AM;9:12:00 AM;Lilienthal;B_Lilie_10;80618A8;Gandalf;Sciurus_B_Lilie_10_XXX;recapture;m;NA;adult;NA;NA;NA;NA;3;159;591.5;432.5;very good;very good;NA;NA;NA;no;NA;NA;no;no;no;NA;no;NA;no;NA;no;NA;no;NA;no;NA;no;NA;no;NA;no;NA;no;NA;NA;15;sunny;SD.JE.RP;NA;1;NA;NA;;248
13.10.2023;Autumn;5;9:23:00 AM;9:26:00 AM;Lilienthal;B_Lilie_03;8047DDD;Chelipsi;Sciurus_B_Lilie_03_W12;recapture;f;NA;adult;NA;NA;NA;NA;3;159;591.9;432.9;very good;very good;NA;NA;NA;no;NA;NA;no;no;no;NA;no;NA;no;NA;no;NA;no;NA;no;NA;no;NA;no;NA;no;NA;no;NA;NA;15;sunny_cloudy;SD.JE.RP;NA;0.5;NA;NA;;249
13.10.2023;Autumn;5;9:32:00 AM;9:35:00 AM;Lilienthal;B_Lilie_09;8049B46;Bones;Sciurus_B_Lilie_09_XXX;recapture;m;NA;adult;NA;NA;NA;NA;3;159;580.8;421.8;very good;very good;NA;NA;NA;no;NA;NA;no;no;no;NA;no;NA;no;NA;no;NA;no;NA;no;NA;no;NA;no;NA;no;NA;no;NA;NA;15;cloudy;SD.JE.RP;NA;0.5;NA;NA;;250
13.10.2023;Autumn;5;9:44:00 AM;9:54:00 AM;Lilienthal;B_Lilie_04;7F25103;Hagebutte;Sciurus_B_Lilie_04_M07;recapture;m;NA;adult;215;181;57.5;NA;3;159;553.8;394.8;very good;very good;NA;NA;NA;no;NA;NA;no;no;no;NA;no;NA;yes;Sciurus_7F25103_AFTER_13/10/23;no;NA;no;NA;yes;Sciurus_7F25103_FUR_13/10/23;no;NA;yes;Sciurus_7F25103_ORAL_13/10/23;no;NA;no;NA;NA;15;cloudy;SD.JE.RP;NA;0.5;NA;Fleas, old wound on the head;;251
13.10.2023;Autumn;5;10:19:00 AM;10:29:00 AM;Lilienthal;B_Lilie_06;8061D1E;Rupert;Sciurus_B_Lilie_06_M01;recapture;m;NA;adult;250;182;56.5;NA;5;146.8;561.3;414.5;very good;very good;NA;NA;NA;no;NA;NA;no;no;no;NA;no;NA;yes;Sciurus_8061D1E_AFTER_13/10/23;no;NA;no;NA;yes;Sciurus_8061D1E_FUR_13/10/23;no;NA;yes;Sciurus_8061D1E_ORAL_13/10/23;no;NA;no;NA;NA;16;cloudy;SD.JE.RP;NA;0.5;NA;NA;;252
13.10.2023;Autumn;5;10:41:00 AM;10:57:00 AM;Lilienthal;B_Lilie_07;8061BF3;Kurt;Sciurus_B_Lilie_07_XXX;capture;m;NA;adult;238;175;59;NA;5;146.8;548.5;401.7;very good;very good;NA;NA;NA;no;NA;NA;yes;yes;yes;6;no;NA;yes;Sciurus_8061BF3_AFTER_13/10/23;no;NA;no;NA;yes;Sciurus_8061BF3_FUR_13/10/23;no;NA;yes;Sciurus_8061BF3_ORAL_13/10/23;yes;Sciurus_8061BF3_TISSUE_13/10/23;no;NA;NA;17;cloudy_windy;SD.JE.RP;NA;1.5;NA;flees;266;253
18.10.2023;Autumn;5;8:01:00 AM;8:10:00 AM;Lilienthal;B_Lilie_07;8061A4C;Clara;Sciurus_B_Lilie_07_W09;recapture;f;NA;adult;NA;NA;NA;NA;3;159;593.7;434.7;very good;very good;NA;NA;NA;no;NA;NA;no;no;no;NA;no;NA;no;NA;no;NA;no;NA;no;NA;no;NA;no;NA;no;NA;no;NA;NA;0;sunny;SD.JE.RP.John(Fotograph);NA;0;NA;NA;;254
18.10.2023;Autumn;5;8:30:00 AM;8:33:00 AM;Lilienthal;B_Lilie_03;8047DDD;Chelipsi;Sciurus_B_Lilie_03_W12;recapture;f;NA;adult;NA;NA;NA;NA;5;146.8;576;429.2;very good;very good;NA;NA;NA;no;NA;NA;no;no;no;NA;no;NA;no;NA;no;NA;no;NA;no;NA;no;NA;no;NA;no;NA;no;NA;NA;0;sunny;SD.JE.RP.John(Fotograph);NA;0;NA;NA;;255
18.10.2023;Autumn;5;9:19:00 AM;9:23:00 AM;Lilienthal;B_Lilie_04;8062525;Amelia;Sciurus_B_Lilie_04_W01;recapture;f;NA;adult;NA;NA;NA;NA;5;146.8;544.9;398.1;very good;very good;NA;NA;NA;no;NA;NA;no;no;no;NA;no;NA;no;NA;no;NA;no;NA;no;NA;no;NA;no;NA;no;NA;no;NA;NA;1;sunny;SD.JE.RP.John(Fotograph);NA;0;NA;NA;;256
18.10.2023;Autumn;5;9:33:00 AM;9:37:00 AM;Lilienthal;B_Lilie_09;805BE16;Galadriel;Sciurus_B_Lilie_03_XXX;recapture;f;NA;adult;NA;NA;NA;NA;5;146.8;583.3;436.5;very good;very good;NA;NA;NA;no;NA;NA;no;no;no;NA;no;NA;no;NA;no;NA;no;NA;no;NA;no;NA;no;NA;no;NA;no;NA;NA;1;sunny;SD.JE.RP.John(Fotograph);NA;0.5;NA;Name was Raphi (ID 8047EC4) at the beginning, but was changed to Galadriel after the genetic analyses;;257
18.10.2023;Autumn;5;10:35:00 AM;10:53:00 AM;Lilienthal;B_Lilie_04;8049CF8;Johanna;Sciurus_B_Lilie_04_XXX;capture;f;NA;adult;249;175;55.7;NA;5;146.8;547.3;400.5;very good;very good;NA;NA;NA;no;NA;NA;yes;yes;no;NA;no;NA;yes;Sciurus_8049CF8_AFTER_18/10/23;no;NA;no;NA;yes;Sciurus_8049CF8_FUR_18/10/23;no;NA;yes;Sciurus_8049CF8_ORAL_18/10/23;yes;Sciurus_8049CF8_TISSUE_18/10/23;no;NA;NA;3;sunny;SD.JE.RP.John(Fotograph);NA;0.5;NA;Ears were very scarred, old injury to eye;268;258
18.10.2023;Autumn;5;11:05:00 AM;11:23:00 AM;Lilienthal;B_Lilie_08;8062500;Karla;Sciurus_B_Lilie_08_XXX;capture;f;NA;adult;261;185;56.6;NA;3;159;606;447;very good;very good;NA;NA;NA;no;NA;NA;yes;yes;yes;6;no;NA;yes;Sciurus_8062500_AFTER_18/10/23;no;NA;no;NA;yes;Sciurus_8062500_FUR_18/10/23;no;NA;yes;Sciurus_8062500_ORAL_18/10/23;yes;Sciurus_8062500_TISSUE_18/10/23;no;NA;NA;7;sunny;SD.JE.RP.John(Fotograph);NA;1;NA;crusty ears;267;259
18.10.2023;Autumn;5;11:55:00 AM;11:59:00 AM;Lilienthal;B_Lilie_03;8049B46;Bones;Sciurus_B_Lilie_09_XXX;recapture;m;NA;adult;NA;NA;NA;NA;3;159;582.4;423.4;very good;very good;NA;NA;NA;no;NA;NA;no;no;no;NA;no;NA;no;NA;no;NA;no;NA;no;NA;no;NA;no;NA;no;NA;no;NA;NA;8;sunny;SD.JE.RP.John(Fotograph);NA;0.5;NA;scarred ear;;260
19.10.2023;Autumn;5;8:24:00 AM;8:30:00 AM;Treptower_Park;B_Trep_05;805FC14;Klausi;Sciurus_B_Trep_05_XXX;recapture;m;NA;adult;NA;NA;NA;NA;3;159;511.4;352.4;very good;very good;NA;NA;NA;no;NA;NA;no;no;no;NA;no;NA;no;NA;no;NA;no;NA;no;NA;no;NA;no;NA;no;NA;no;NA;NA;6;rainy_cloudy;EH.SD.RP;NA;0;NA;NA;;261
19.10.2023;Autumn;5;9:29:00 AM;9:42:00 AM;Treptower_Park;B_Trep_03;8049F6E;Chip;Sciurus_B_Trep_03_XXX;capture;m;NA;adult;211;181;55.7;NA;3;159;543;384;very good;very good;NA;NA;NA;no;NA;NA;no;no;no;NA;no;NA;yes;Sciurus_8049F6E_AFTER_19/10/23;no;NA;no;NA;yes;Sciurus_8049F6E_FUR_19/10/23;no;NA;yes;Sciurus_8049F6E_ORAL_19/10/23;yes;Sciurus_8049F6E_TISSUE_19/10/23;no;NA;NA;6;rainy_cloudy;SD.EH.CL.RP;NA;0;NA;NA;251;262
19.10.2023;Autumn;5;9:51:00 AM;10:06:00 AM;Treptower_Park;B_Trep_08;8061F66;Angy;Sciurus_B_Trep_08_XXX;recapture;f;NA;adult;228;174;53.5;NA;3;159;534.5;375.5;very good;very good;NA;NA;NA;no;NA;NA;no;no;no;NA;no;NA;yes;Sciurus_80623A4_AFTER_19/10/23;no;NA;no;NA;yes;Sciurus_80623A4_FUR_19/10/23;no;NA;no;NA;no;NA;no;NA;NA;7;cloudy;SD.CL.EH.RP;NA;2;NA;"Tick ??removed, released due to very calm behavior, was very biting; Name was Chap (ID 80623A4) at the beginning, but was changed to Angy after the genetic analyses";;263
19.10.2023;Autumn;5;10:17:00 AM;10:20:00 AM;Treptower_Park;B_Trep_14;7F24FC4;Hummus;Sciurus_B_Trep_14_W21;recapture;f;NA;adult;NA;NA;NA;NA;3;159;588.8;429.8;very good;very good;NA;NA;NA;no;NA;NA;no;no;no;NA;no;NA;no;NA;no;NA;no;NA;no;NA;no;NA;no;NA;no;NA;no;NA;NA;6;cloudy;SD.CL.EH.RP;NA;0;NA;NA;;264
19.10.2023;Autumn;5;10:35:00 AM;10:40:00 AM;Treptower_Park;B_Trep_05;8041A5D;Scar;Sciurus_B_Trep_11_M12;recapture;m;NA;adult;NA;NA;NA;NA;3;159;606.3;447.3;very good;very good;NA;NA;NA;no;NA;NA;no;no;no;NA;no;NA;no;NA;no;NA;no;NA;no;NA;no;NA;yes;Sciurus_8041A5D_ORAL_19/10/23;no;NA;no;NA;NA;6;cloudy;SD.CL.EH.RP;NA;0;NA;NA;;265
19.10.2023;Autumn;5;10:51:00 AM;10:55:00 AM;Treptower_Park;B_Trep_09;8061BA3;Finn;Sciurus_B_Trep_16_XXX;recapture;m;NA;adult;NA;NA;NA;NA;3;159;598.8;439.8;very good;very good;NA;NA;NA;no;NA;NA;no;no;no;NA;no;NA;no;NA;no;NA;no;NA;no;NA;no;NA;yes;Sciurus_8061BA3_ORAL_19/10/23;no;NA;no;NA;NA;6;cloudy;SD.CL.EH.RP;NA;0.5;NA;NA;;266
19.10.2023;Autumn;5;11:04:00 AM;11:11:00 AM;Treptower_Park;B_Trep_09;806185F;Sven;Scirius_B_Trep_09_M18;recapture;m;NA;adult;NA;NA;NA;NA;3;159;526.5;367.5;very good;very good;NA;NA;NA;no;NA;NA;no;no;no;NA;no;NA ;yes;Sciurus_806185F_AFTER_19/10/23;no;NA;no;NA;yes;Sciurus_806185F_FUR_19/10/23;no;NA;yes;Sciurus_806185F_ORAL_19/10/23;no;NA;no;NA;NA;6;cloudy;EH.SD.RP;NA;1;NA;NA;;267
19.10.2023;Autumn;5;11:27:00 AM;11:42:00 AM;Treptower_Park;B_Trep_06;8061D18;Chandler;Sciurus_B_Trep_15_M14;recapture;m;NA;adult;NA;NA;NA;NA;3;159;618.4;459.4;very good;very good;NA;NA;NA;no;NA;NA;no;no;no;NA;no;NA;yes;Sciurus_8061D18_AFTER_19/10/23;no;NA;no;NA;yes;Sciurus_8061D18_FUR_19/10/23;no;NA;yes;Sciurus_8061D18_ORAL_19/10/23;no;NA;no;NA;NA;6;cloudy;SD.CL.RP;NA;1.5;NA;NA;;268
25.10.2023;Autumn;5;7:58:00 AM;8:04:00 AM;Lilienthal;B_Lilie_06;8047CFF;Cercei;Scirius_B_Lilie_06_W13;recapture;f;NA;adult;NA;NA;NA;NA;5;146.8;584.6;437.8;very good;very good;NA;NA;NA;no;NA;NA;no;no;no;NA;no;NA;no;NA;no;NA;no;NA;no;NA;no;NA;no;NA;no;NA;no;NA;NA;10;sunny;SD.RP.JJ;NA;0;NA;NA;;269
25.10.2023;Autumn;5;8:41:00 AM;8:44:00 AM;Lilienthal;B_Lilie_06;8061617;Hailey;Sciurus_B_Lilie_06_W10;recapture;f;NA;adult;NA;NA;NA;NA;3;159;605.3;446.3;very good;very good;NA;NA;NA;no;NA;NA;no;no;no;NA;no;NA;no;NA;no;NA;no;NA;no;NA;no;NA;no;NA;no;NA;no;NA;NA;10;sunny;SD.RP.JE.JJ;NA;0;NA;NA;;270
25.10.2023;Autumn;5;8:54:00 AM;8:58:00 AM;Lilienthal;B_Lilie_07;8061D1E;Rupert;Sciurus_B_Lilie_10_M01;recapture;m;NA;adult;NA;NA;NA;NA;3;159;580.7;421.7;very good;very good;NA;NA;NA;no;NA;NA;no;no;no;NA;no;NA;no;NA;no;NA;no;NA;no;NA;no;NA;no;NA;no;NA;no;NA;NA;10;sunny;SD.RP.JE.JJ;NA;0;NA;NA;;271
25.10.2023;Autumn;5;9:14:00 AM;9:17:00 AM;Lilienthal;B_Lilie_08;8062500;Karla;Sciurus_B_Lilie_08_XXX;recapture;f;NA;adult;NA;NA;NA;NA;3;159;613.9;454.9;very good;very good;NA;NA;NA;no;NA;NA;no;no;no;NA;no;NA;no;NA;no;NA;no;NA;no;NA;no;NA;no;NA;no;NA;no;NA;NA;10;sunny;SD.RP.JE.JJ;NA;0;NA;NA;;272
25.10.2023;Autumn;5;9:56:00 AM;10:02:00 AM;Lilienthal;B_Lilie_05;8061617;Hailey;Sciurus_B_Lilie_06_W10;recapture;f;NA;adult;NA;NA;NA;NA;3;159;617.7;458.7;very good;very good;NA;NA;NA;no;NA;NA;no;no;no;NA;no;NA;no;NA;no;NA;no;NA;no;NA;no;NA;no;NA;no;NA;no;NA;NA;10;sunny;SD.RP.JE.JJ;NA;0;NA;Caught 2 times in a row first time 8:41 and second time 9:56 and by the weighing the weight differed by 12 grams which was larger;;273
25.10.2023;Autumn;5;11:16:00 AM;11:18:00 AM;Lilienthal;B_Lilie_09;8047DDD;Chelipsi;Sciurus_B_Lilie_03_W12;recapture;f;NA;adult;NA;NA;NA;NA;3;159;596;437;very good;very good;NA;NA;NA;no;NA;NA;no;no;no;NA;no;NA;no;NA;no;NA;no;NA;no;NA;no;NA;no;NA;no;NA;no;NA;NA;11;sunny;SD.RP.JE.JJ;NA;0;NA;NA;;274
30.10.2023;Autumn;5;8:50:00 AM;8:53:00 AM;Treptower_Park;B_Trep_08;8061D18;Chandler;Sciurus_B_Trep_15_M14;recapture;m;NA;adult;NA;NA;NA;NA;3;159;618.3;459.3;very good;very good;NA;NA;NA;no;NA;NA;no;no;no;NA;no;NA;no;NA;no;NA;no;NA;no;NA;no;NA;no;NA;no;NA;no;NA;NA;12;cloudy;SD.JE.RP;NA;0.5;NA;NA;;275
30.10.2023;Autumn;5;9:08:00 AM;9:13:00 AM;Treptower_Park;B_Trep_09;7F24CFB;Hermine;Sciurus_B_Trep_09_W24;recapture;f;NA;adult;NA;NA;NA;NA;3;159;536.7;377.7;very good;very good;NA;NA;NA;no;NA;NA;no;no;no;NA;no;NA;no;NA;no;NA;no;NA;no;NA;no;NA;no;NA;no;NA;no;NA;NA;12;cloudy;SD.JE.RP;NA;1;NA;Ticks were removed in Sinah;;276
30.10.2023;Autumn;5;10:00:00 AM;10:06:00 AM;Treptower_Park;B_Trep_14;7F24FC4;Hummus;Sciurus_B_Trep_14_W21;recapture;f;NA;adult;NA;NA;NA;NA;3;159;580.9;421.9;very good;very good;NA;NA;NA;no;NA;NA;no;no;no;NA;no;NA;no;NA;no;NA;no;NA;no;NA;no;NA;no;NA;no;NA;no;NA;NA;14;cloudy;SD.JE.RP;NA;0.5;NA;NA;;277
30.10.2023;Autumn;5;10:51:00 AM;10:53:00 AM;Treptower_Park;B_Trep_03;8049F6E;Chip;Sciurus_B_Trep_03_XXX;recapture;m;NA;adult;NA;NA;NA;NA;3;159;544.7;385.7;very good;very good;NA;NA;NA;no;NA;NA;no;no;no;NA;no;NA;no;NA;no;NA;no;NA;no;NA;no;NA;no;NA;no;NA;no;NA;NA;14;cloudy;SD.JE.RP;NA;0.5;NA;NA;;278
30.10.2023;Autumn;5;11:02:00 AM;11:08:00 AM;Treptower_Park;B_Trep_06;8047A08;Conny;Sciurus_B_Trep_06_XXX;recapture;f;NA;adult;NA;NA;NA;NA;3;159;570.5;411.5;very good;very good;NA;NA;NA;no;NA;NA;no;no;no;NA;no;NA;no;NA;no;NA;no;NA;no;NA;no;NA;yes;Sciurus_8047A08_ORAL_30/10/23;no;NA;no;NA;NA;14;cloudy;SD.JE.RP;NA;1;NA;NA;;279
31.10.2023;Autumn;5;7:48:00 AM;7:56:00 AM;Treptower_Park;B_Trep_16;8061DA8;Haselnuss;Sciurus_B_Trep_07_M17;recapture;m;NA;adult;NA;NA;NA;NA;3;159;555.2;396.2;very good;very good;NA;NA;NA;no;NA;NA;no;no;no;NA;no;NA;no;NA;no;NA;no;NA;no;NA;no;NA;yes;Sciurus_8061DA8_ORAL_31/10/23;no;NA;no;NA;NA;13;rainy_cloudy;SD.RP.SKS;NA;0;NA;NA;;280
31.10.2023;Autumn;5;8:25:00 AM;8:30:00 AM;Treptower_Park;B_Trep_06;7F2528F;Lou;Sciurus_B_Trep_06_XXX;capture;m;NA;adult;NA;NA;NA;NA;3;159;516.1;357.1;very good;very good;NA;NA;NA;no;NA;NA;yes;yes;yes;3;no;NA;no;NA;no;NA;no;NA;yes;Sciurus_7F2528F_FUR_31/10/23;no;NA;no;NA;yes;Sciurus_7F2528F_TISSUE_31/10/23;no;NA;NA;12;rainy_cloudy;SD.RP.SKS;NA;0.5;NA;Only chipped and took tissue, due to the many squirrels in the other traps and the heavy rain, so smear also got wet and the bag too, the empty bag had a wet weight of 213.1 grams;270;281
31.10.2023;Autumn;5;8:42:00 AM;8:47:00 AM;Treptower_Park;B_Trep_08;8061F66;Angy;Sciurus_B_Trep_08_XXX;recapture;f;NA;adult;NA;NA;NA;NA;3;159;563.5;404.5;very good;very good;NA;NA;NA;no;NA;NA;no;no;no;NA;no;NA;no;NA;no;NA;no;NA;yes;Sciurus_80623A4_FUR_31/10/23;no;NA;no;NA;yes;Sciurus_80623A4_TISSUE_31/10/23;no;NA;NA;12;rainy_cloudy;SD.RP.SKS;NA;0;NA;"already had a hole in his ear, recapture, this is true first catch 19/10/23 but there was no tissue sample, Bag was wet and had an empty weight of 218.2 grams; Name was Chap (ID 80623A4) at the beginning, but was changed to Angy after the genetic analyses";271;282
31.10.2023;Autumn;5;9:00:00 AM;9:08:00 AM;Treptower_Park;B_Trep_14;8043A46;Boyle;Sciurus_B_Trep_03_M09;recapture;m;NA;adult;NA;NA;NA;NA;3;213.1;610.5;397.4;very good;very good;NA;NA;NA;no;NA;NA;no;no;no;NA;no;NA;yes;Sciurus_8043A46_AFTER_31/10/23;no;NA;no;NA;yes;Sciurus_8043A46_FUR_31/10/23;no;NA;yes;Sciurus_8043A46_ORAL_31/10/23;no;NA;no;NA;NA;12;cloudy;SD.RP.SKS;NA;0;NA;Bag was wet and had an empty weight of 213.1 grams;;283
31.10.2023;Autumn;5;9:25:00 AM;9:27:00 AM;Treptower_Park;B_Trep_09;7F24CFB;Hermine;Sciurus_B_Trep_09_W24;recapture;f;NA;adult;NA;NA;NA;NA;3;218.2;588.4;370.2;very good;very good;NA;NA;NA;no;NA;NA;no;no;no;NA;no;NA;no;NA;no;NA;no;NA;no;NA;no;NA;no;NA;no;NA;no;NA;NA;12;cloudy;SD.RP.SKS;NA;0;NA;Bag was wet and had an empty weight of 218.2 grams;;284
31.10.2023;Autumn;5;9:38:00 AM;9:41:00 AM;Treptower_Park;B_Trep_05;805FC14;Klausi;Sciurus_B_Trep_05_XXX;recapture;m;NA;adult;NA;NA;NA;NA;3;218.2;576.8;358.6;very good;very good;NA;NA;NA;no;NA;NA;no;no;no;NA;no;NA;no;NA;no;NA;no;NA;no;NA;no;NA;no;NA;no;NA;no;NA;NA;12;cloudy;SD.RP.SKS;NA;0;NA;Bag was wet and had an empty weight of 218.2 grams;;285
31.10.2023;Autumn;5;9:51:00 AM;9:57:00 AM;Treptower_Park;B_Trep_11;8041A5D;Scar;Sciurus_B_Trep_11_M12;recapture;m;NA;adult;NA;NA;NA;NA;3;159;652.4;493.4;very good;very good;NA;NA;NA;no;NA;NA;no;no;no;NA;no;NA;no;NA;no;NA;no;NA;no;NA;no;NA;yes;Sciurus_8041A5D_ORAL_31/10/23;no;NA;no;NA;NA;12;cloudy;SD.RP.SKS;NA;0;NA;NA;;286
31.10.2023;Autumn;5;10:27:00 AM;10:40:00 AM;Treptower_Park;B_Trep_08;8061C1E;Tilo;Sciurus_B_Trep_08_XXX;capture;m;NA;adult;240;173;56.5;NA;3;159;593.7;434.7;very good;very good;NA;NA;NA;no;NA;NA;no;no;no;NA;no;NA;yes;Sciurus_8061C1E_AFTER_31/10/23;no;NA;no;NA;yes;Sciurus_8061C1E_FUR_31/10/23;no;NA;yes;Sciurus_8061C1E_ORAL_31/10/23;yes;Sciurus_8061C1E_TISSUE_31/10/23;no;NA;NA;12;cloudy_windy;SD.RP.SKS;NA;1;NA;scar in the ear;276;287
31.10.2023;Autumn;5;11:13:00 AM;11:17:00 AM;Treptower_Park;B_Trep_16;804272A;Lola;Sciurus_B_Trep_16_W10;recapture;f;NA;adult;NA;NA;NA;NA;5;146.8;561.1;414.3;very good;very good;NA;NA;NA;no;NA;NA;no;no;no;NA;no;NA;no;NA;no;NA;no;NA;no;NA;no;NA;no;NA;no;NA;no;NA;NA;12;cloudy;SD.RP.SKS;NA;0.5;NA;NA;;288
08.04.2024;Spring;6;8:20:00 AM;8:31:00 AM;Treptower_Park;B_Trep_16;8061BA3;Finn;NA;recapture;m;NA;adult;221;179;61.6;NA;3;159;574.6;415.6;very good;very good;NA;NA;NA;no;NA;NA;no;no;no;NA;yes;Sciurus_8061BA3_FAECES_08/04/24;yes;Sciurus_8061BA3_AFTER_08/04/24;no;NA;no;NA;yes;Sciurus_8061BA3_FUR_08/04/24;no;NA;yes;Sciurus_8061BA3_ORAL_08/04/24;no;NA;no;NA;NA;16;dry_cloudy;SD.CL.VK.CLAS;NA;0.5;NA;fleas;;289
08.04.2024;Spring;6;9:06:00 AM;9:13:00 AM;Treptower_Park;B_Trep_15;806170D;Valentine;NA;recapture;m;NA;adult;NA;NA;NA;NA;5;146.8;570.1;423.3;very good;very good;NA;NA;NA;no;NA;NA;no;no;no;NA;no;NA;yes;Sciurus_806170D_AFTER_08/04/24;no;NA;no;NA;yes;Sciurus_806170D_FUR_08/04/24;no;NA;yes;Sciurus_806170D_ORAL_08/04/24;no;NA;no;NA;NA;16;dry_cloudy;SD.CL.VK.CLAS;NA;0.5;NA;NA;;290
08.04.2024;Spring;6;9:29:00 AM;9:37:00 AM;Treptower_Park;B_Trep_08;8061D18;Chandler;NA;recapture;m;NA;adult;NA;NA;NA;NA;5;146.8;607.8;461;good;very good;NA;NA;NA;no;NA;NA;no;no;no;NA;yes;Sciurus_8061D18_FAECES_08/04/24;yes;Sciurus_8061D18_AFTER_08/04/24;no;NA;no;NA;yes;Sciurus_8061D18_FUR_08/04/24;no;NA;yes;Sciurus_8061D18_ORAL_08/04/24;no;NA;no;NA;NA;16;dry_sunny;SD.CL.VK.CLAS;NA;1.5;NA;older large and new small wound on the snout, was very wild in the trap;;291
08.04.2024;Spring;6;9:57:00 AM;10:05:00 AM;Treptower_Park;B_Trep_05;805FC14;Klausi;NA;recapture;m;NA;adult;NA;NA;NA;NA;3;159;522.3;363.3;very good;very good;NA;NA;NA;no;NA;NA;no;no;no;NA;no;NA;yes;Sciurus_805FC14_AFTER_08/04/24;no;NA;no;NA;yes;Sciurus_805FC14_FUR_08/04/24;no;NA;yes;Sciurus_805FC14_ORAL_08/04/24;no;NA;no;NA;NA;18;dry_cloudy;SD.CL.VK.CLAS;NA;0;NA;the squirrel bit while handling, had ticks;;292
08.04.2024;Spring;6;10:16:00 AM;10:25:00 AM;Treptower_Park;B_Trep_09;806185F;Sven;NA;recapture;m;NA;adult;NA;NA;NA;NA;3;159;534;375;very good;very good;NA;NA;NA;no;NA;NA;no;no;no;NA;yes;Sciurus_806185F_FAECES_08/04/24;yes;Sciurus_806185F_AFTER_08/04/24;no;NA;no;NA;yes;Sciurus_806185F_FUR_08/04/24;no;NA;yes;Sciurus_806185F_ORAL_08/04/24;no;NA;no;NA;NA;18;dry_cloudy;SD.CL.VK.CLAS;NA;1;NA;abrasion near the tail;;293
08.04.2024;Spring;6;10:42:00 AM;10:47:00 AM;Treptower_Park;B_Trep_14;7F24FC4;Hummus;NA;recapture;f;lactating;adult;NA;NA;NA;NA;3;159;636;477;very good;very good;NA;NA;NA;no;NA;NA;no;no;no;NA;yes;Sciurus_7F24FC4_FAECES_08/04/24;yes;Sciurus_7F24FC4_AFTER_08/04/24;no;NA;no;NA;yes;Sciurus_7F24FC4_FUR_08/04/24;no;NA;yes;Sciurus_7F24FC4_ORAL_08/04/24;no;NA;no;NA;NA;20;dry_sunny;SD.CL.VK.CLAS;NA;0;NA;NA;;294
09.04.2024;Spring;6;8:30:00 AM;8:37:00 AM;Rahnsdorf;B_Rahn_08;7F24F99;Juno;NA;recapture;f;lactating, pregnant;adult;230;187;57.7;NA;5;146.8;541;394.2;very good;very good;NA;NA;NA;no;NA;NA;no;no;no;NA;yes;Sciurus_7F24F99_FAECES_09/04/24;yes;Sciurus_7F24F99_AFTER_09/04/24;no;NA;no;NA;yes;Sciurus_7F24F99_FUR_09/04/24;no;NA;yes;Sciurus_7F24F99_ORAL_09/04/24;no;NA;no;NA;NA;17;dry_cloudy;SD.CL.VK.CLAS;NA;0.5;NA;was detected as male before but is clearly a female, was very verbal after release, renamed form Johnny to Juno;;295
12.04.2024;Spring;6;8:19:00 AM;8:26:00 AM;Lilienthal;B_Lilie_03;8047DDD;Chelipsi;NA;recapture;f;pregnant;adult;219;171;66.2;NA;5;146.8;597.7;450.9;very good;very good;NA;NA;NA;no;NA;NA;no;no;no;NA;yes;Sciurus_8047DDD_FAECES_12/04/24;yes;Sciurus_8047DDD_AFTER_12/04/24;no;NA;no;NA;yes;Sciurus_8047DDD_FUR_12/04/24;no;NA;yes;Sciurus_8047DDD_ORAL_12/04/24;no;NA;no;NA;NA;13;dry_cloudy;SD.CL.VK.CLAS;NA;1;NA;very wild in the trap at the beginning, then very calm, screamed loudly before release & ran up a tree;;296
12.04.2024;Spring;6;8:46:00 AM;8:54:00 AM;Lilienthal;B_Lilie_08;804C8B8;Alio;NA;recapture;m;NA;adult;215;156;NA;NA;3;159;535.6;376.6;good;very good;NA;NA;NA;no;NA;NA;no;no;no;NA;no;NA;yes;Sciurus_804C8B8_AFTER_12/04/24;no;NA;no;NA;yes;Sciurus_804C8B8_FUR_12/04/24;no;NA;yes;Sciurus_804C8B8_ORAL_12/04/24;no;NA;no;NA;NA;14;dry_cloudy;SD.CL.VK.CLAS.John(Fotograph);NA;0.5;NA;tail was broken twice, not much fur on the tail, screamed loudly when released;;297
12.04.2024;Spring;6;9:06:00 AM;9:17:00 AM;Lilienthal;B_Lilie_04;815F8B4;Eduardo;NA;capture;m;NA;adult;232;154;59.7;NA;3;159;540.6;381.6;very good;very good;NA;NA;NA;no;NA;NA;no;no;no;NA;no;NA;yes;Sciurus_815F8B4_AFTER_12/04/24;no;NA;no;NA;yes;Sciurus_815F8B4_FUR_12/04/24;no;NA;yes;Sciurus_815F8B4_ORAL_12/04/24;yes;Sciurus_815F8B4_TISSUE_12/04/24;no;NA;NA;14;dry_cloudy;SD.CL.VK.CLAS.John(Fotograph);NA;0;NA;very calm while being in trap and handling, little abrasion on snout, ran away quickly;298;298
12.04.2024;Spring;6;9:32:00 AM;9:40:00 AM;Lilienthal;B_Lilie_06;8062500;Karla;NA;recapture;f;NA;adult;NA;NA;NA;NA;3;159;599.3;440.3;very good;very good;NA;NA;NA;no;NA;NA;no;no;no;NA;yes;Sciurus_8062500_FAECES_12/04/24;yes;Sciurus_8062500_AFTER_12/04/24;no;NA;no;NA;yes;Sciurus_8062500_FUR_12/04/24;no;NA;yes;Sciurus_8062500_ORAL_12/04/24;no;NA;no;NA;NA;14;dry_cloudy;SD.CL.VK.CLAS.John(Fotograph);NA;0.5;NA;complained after handling, went straight to a tree, calm in the trap, renamed because false gender, clearly female;;299
12.04.2024;Spring;6;9:52:00 AM;10:04:00 AM;Lilienthal;B_Lilie_10;804804E;Renate;NA;recapture;f;NA;adult;240;182;50.5;NA;3;159;560.5;401.5;very good;very good;NA;NA;NA;no;NA;NA;no;no;no;NA;no;NA;yes;Sciurus_804804E_AFTER_12/04/24;no;NA;no;NA;yes;Sciurus_804804E_FUR_12/04/24;no;NA;yes;Sciurus_804804E_ORAL_12/04/24;no;NA;no;NA;NA;13;dry_cloudy;SD.CL.VK.CLAS.John(Fotograph);NA;1;NA;didn´t want to go into the bag and gave a little bite, calm while handling, ran away after release;;300
12.04.2024;Spring;6;10:16:00 AM;10:21:00 AM;Lilienthal;B_Lilie_07;8061A4C;Clara;NA;recapture;f;lactating;adult;NA;NA;NA;NA;3;159;622;463;very good;very good;NA;NA;NA;no;NA;NA;no;no;no;NA;no;NA;yes;Sciurus_8061A4C_AFTER_12/04/24;no;NA;no;NA;yes;Sciurus_8061A4C_FUR_12/04/24;no;NA;yes;Sciurus_8061A4C_ORAL_12/04/24;no;NA;no;NA;NA;15;dry_cloudy;SD.VK.CLAS.John(Fotograph);NA;0.5;NA;very calm in the bag, ran onto a tree after release without complaining ;;301
12.04.2024;Spring;6;10:32:00 AM;10:36:00 AM;Lilienthal;B_Lilie_10;8049B46;Bones;NA;recapture;m;NA;adult;NA;NA;NA;NA;3;159;554.1;395.1;very good;very good;NA;NA;NA;no;NA;NA;no;no;no;NA;yes;Sciurus_8049B46_FAECES_12/04/24;yes;Sciurus_8049B46_AFTER_12/04/24;no;NA;no;NA;yes;Sciurus_8049B46_FUR_12/04/24;no;NA;yes;Sciurus_8049B46_ORAL_12/04/24;no;NA;no;NA;NA;14;dry_cloudy;SD.CL.VK.CLAS;NA;0;NA;very calm, ran away without complaining after release;;302
12.04.2024;Spring;6;10:43:00 AM;10:50:00 AM;Lilienthal;B_Lilie_08;805BE16;Galadriel;NA;recapture;f;pregnant;adult;NA;NA;NA;NA;3;159;688.2;529.2;very good;very good;NA;NA;NA;no;NA;NA;no;no;no;NA;yes;Sciurus_8047EC4_FAECES_12/04/24;yes;Sciurus_8047EC4_AFTER_12/04/24;no;NA;no;NA;yes;Sciurus_8047EC4_FUR_12/04/24;no;NA;yes;Sciurus_8047EC4_ORAL_12/04/24;no;NA;no;NA;NA;14;dry_cloudy;SD.CL.VK.CLAS;NA;0.5;NA;"ran away without complaining; Name was Raphi (ID 8047EC4) at the beginning, but was changed to Galadriel after the genetic analyses";;303
12.04.2024;Spring;6;11:02:00 AM;NA;Lilienthal;B_Lilie_04;NA;NA;NA;NA;NA;NA;NA;NA;NA;NA;NA;NA;NA;NA;NA;NA;NA;NA;NA;NA;no;NA;NA;no;no;no;NA;no;NA;no;NA;no;NA;no;NA;no;NA;no;NA;no;NA;no;NA;no;NA;NA;16;dry_cloudy;SD.CL.VK.CLAS;NA;NA;NA;was released from the trap, because it was very wild and hurt itself on the head, wild and hissing;;304
12.04.2024;Spring;6;11:45:00 AM;11:53:00 AM;Lilienthal;B_Lilie_06;80618A8;Gandalf;NA;recapture;m;NA;adult;NA;NA;NA;NA;3;159;578.6;419.6;very good;very good;NA;NA;NA;no;NA;NA;no;no;no;NA;no;NA;yes;Sciurus_80618A8_AFTER_12/04/24;no;NA;no;NA;yes;Sciurus_80618A8_FUR_12/04/24;no;NA;yes;Sciurus_80618A8_ORAL_12/04/24;no;NA;no;NA;NA;16;dry_cloudy;SD.CL.VK.CLAS;NA;0;NA;calm, ran away without complaining;;305
16.04.2024;Spring;6;8:40:00 AM;8:48:00 AM;Lilienthal;B_Lilie_08;8061A9D;Rebell;NA;capture;m;NA;adult;228;155;59.9;NA;3;159;520.9;361.9;good;good;NA;NA;NA;no;NA;NA;no;no;no;NA;no;NA;yes;Sciurus_8061A9D_AFTER_16/04/24;no;NA;no;NA;yes;Sciurus_8061A9D_FUR_16/04/24;no;NA;yes;Sciurus_8061A9D_ORAL_16/04/24;yes;Sciurus_8061A9D_TISSUE_16/04/24;no;NA;NA;4;rainy_cloudy_windy;SD.SKS.VK.CLAS.MK;NA;0.5;NA;swollen testicals, wound on the head (fur and skin gone) from the trap, probably recapture from protocol 294, missing fur on tail, seems lean, ran away without complaining;306;306
16.04.2024;Spring;6;8:57:00 AM;9:02:00 AM;Lilienthal;B_Lilie_03;8049B46;Bones;NA;recapture;m;NA;adult;NA;NA;NA;NA;3;159;579.6;420.6;very good;very good;NA;NA;NA;no;NA;NA;no;no;no;NA;no;NA;no;NA;no;NA;no;NA;no;NA;no;NA;no;NA;no;NA;no;NA;NA;6;rainy_cloudy_windy;SD.SKS.VK.CLAS.MK;NA;0;NA;ran away without complaining;;307
16.04.2024;Spring;6;9:13:00 AM;9:27:00 AM;Lilienthal;B_Lilie_01;806230F;Drops;NA;recapture;m;NA;adult;224;181;60.4;NA;3;186.1;607.9;421.8;very good;very good;NA;NA;NA;no;NA;NA;no;no;no;NA;no;NA;yes;Sciurus_806230F_AFTER_16/04/24;no;NA;no;NA;yes;Sciurus_806230F_FUR_16/04/24;no;NA;yes;Sciurus_806230F_ORAL_16/04/24;yes;Sciurus_806230F_TISSUE_16/04/24;no;NA;NA;8;rainy_cloudy;SD.SKS.VK.CLAS.MK;NA;0.5;NA;fleas, was captured once but let go before doing samples, complained while handling, ran away fast and complained after release;308;308
16.04.2024;Spring;6;9:40:00 AM;9:46:00 AM;Lilienthal;B_Lilie_07;80616A0;Marcus;NA;recapture;m;NA;adult;249;180;NA;NA;3;186.1;579.9;393.8;very good;very good;NA;NA;NA;no;NA;NA;no;no;no;NA;no;NA;yes;Sciurus_80616A0_AFTER_16/04/24;no;NA;no;NA;yes;Sciurus_80616A0_FUR_16/04/24;no;NA;yes;Sciurus_80616A0_ORAL_16/04/24;no;NA;no;NA;NA;6;rainy_cloudy;SD.SKS.VK.CLAS;NA;0.5;NA;bag was wet but not weighted (bag weight of protocol 298), very calm in trap and handling, complained a little bit while oral sampling, ran away quickly onto a tree;;309
16.04.2024;Spring;6;10:47:00 AM;10:49:00 AM;Lilienthal;B_Lilie_08;8062500;Karla;NA;recapture;f;NA;adult;NA;NA;NA;NA;3;194.4;647.2;452.8;very good;very good;NA;NA;NA;no;NA;NA;no;no;no;NA;no;NA;no;NA;no;NA;no;NA;no;NA;no;NA;no;NA;no;NA;no;NA;NA;7;rainy_cloudy;SD.SKS.CLAS;NA;0;NA;very calm, ran away quickly without complaining after release;;310
16.04.2024;Spring;6;11:07:00 AM;11:20:00 AM;Lilienthal;B_Lilie_07;8047F77;Helge;NA;capture;m;NA;adult;248;164;60;NA;3;195.8;562.9;367.1;very good;very good;NA;NA;NA;no;NA;NA;no;no;no;NA;yes;Sciurus_8047F77_FAECES_16/04/24;yes;Sciurus_8047F77_AFTER_16/04/24;no;NA;no;NA;yes;Sciurus_8047F77_FUR_16/04/24;no;NA;yes;Sciurus_8047F77_ORAL_16/04/24;yes;Sciurus_8047F77_TISSUE_16/04/24;no;NA;NA;6;dry_cloudy;SD.SKS.VK.CLAS;NA;0.5;NA;older wound on snout/nose, nervous in the trap, calm while handling, ran away after release while complaining, onto a tree;311;311
16.04.2024;Spring;6;11:32:00 AM;11:35:00 AM;Lilienthal;B_Lilie_10;80616A0;Marcus;NA;recapture;m;NA;adult;NA;NA;58.1;NA;3;201.7;605;403.3;very good;very good;NA;NA;NA;no;NA;NA;no;no;no;NA;no;NA;no;NA;no;NA;no;NA;no;NA;no;NA;no;NA;no;NA;no;NA;NA;7;rainy_cloudy;SD.SKS.VK.CLAS;NA;0;NA;was very calm, ran away without complaining, only kept him to train handling;;312
23.04.2024;Spring;6;8:56:00 AM;9:01:00 AM;Lilienthal;B_Lilie_08;8049B46;Bones;NA;recapture;m;NA;adult;NA;NA;NA;NA;3;160.5;571.4;410.9;very good;very good;NA;NA;NA;no;NA;NA;no;no;no;NA;no;NA;no;NA;no;NA;no;NA;no;NA;no;NA;no;NA;no;NA;no;NA;NA;3;dry_sunny;SD.SKS.VK.CLAS;NA;0;NA;ran away without complaining on the floor;;313
23.04.2024;Spring;6;9:57:00 AM;10:13:00 AM;Lilienthal;B_Lilie_04;815E575;Poebel;NA;recapture;m;NA;adult;NA;NA;NA;NA;3;160;517;357;very good;good;NA;NA;NA;no;NA;NA;no;no;no;NA;no;NA;no;NA;no;NA;no;NA;no;NA;no;NA;no;NA;yes;Sciurus_815E575_TISSUE_23/04/24;no;NA;NA;4;dry_sunny;SD.SKS.VK.CLAS;NA;1;NA;had an ear hole punch, maybe Rebell but lost the Chip, tick on ear, little scabbed wound near nose healed very good, ran away without complaining, check with genetic sample!;314;314
23.04.2024;Spring;6;10:23:00 AM;10:32:00 AM;Lilienthal;B_Lilie_01;806230F;Drops;NA;recapture;m;NA;adult;NA;NA;NA;NA;3;160;592.1;432.1;very good;very good;NA;NA;NA;no;NA;NA;no;no;no;NA;yes;Sciurus_806230F_FAECES_23/04/24;no;NA;no;NA;no;NA;no;NA;no;NA;no;NA;no;NA;no;NA;NA;5;dry_sunny;SD.SKS.VK.CLAS;NA;1;NA;squeaked in the bag, ran away into a bush;;315
23.04.2024;Spring;6;11:43:00 AM;11:46:00 AM;Lilienthal;B_Lilie_01;8062500;Karla;NA;recapture;f;NA;adult;NA;NA;NA;NA;3;160;632.3;472.3;very good;very good;NA;NA;NA;no;NA;NA;no;no;no;NA;yes;Sciurus_8062500_FAECES_23/04/24;no;NA;no;NA;no;NA;no;NA;no;NA;no;NA;no;NA;no;NA;NA;7;dry_sunny;SD.SKS.VK.CLAS;NA;0;NA;very calm, ran away without complaining after release;;316
24.04.2024;Spring;6;8:33:00 AM;8:36:00 AM;Treptower_Park;B_Trep_06;806170D;Valentine;NA;recapture;m;NA;adult;NA;NA;NA;NA;3;160;597.7;437.7;very good;very good;NA;NA;NA;no;NA;NA;no;no;no;NA;no;NA;no;NA;no;NA;no;NA;no;NA;no;NA;no;NA;no;NA;no;NA;NA;5;dry_cloudy;SD.CL.MWM.VK.CLAS;NA;0;NA;very calm, ran away without complaining after release;;317
24.04.2024;Spring;6;9:26:00 AM;9:33:00 AM;Treptower_Park;B_Trep_08;8061F66;Angy;NA;recapture;f;lactating;adult;NA;NA;NA;NA;3;160.5;567.9;407.4;very good;very good;NA;NA;NA;no;NA;NA;no;no;no;NA;yes;Sciurus_80623A4_FAECES_24/04/24;yes;Sciurus_80623A4_AFTER_24/04/24;no;NA;no;NA;yes;Sciurus_80623A4_FUR_24/04/24;no;NA;yes;Sciurus_80623A4_ORAL_24/04/24;no;NA;no;NA;NA;7;dry_cloudy;SD.CL.MWM.VK.CLAS;NA;0.5;NA;"ran away without complaining after release, didnt want to go into the bag; Name was Chap (ID 80623A4) at the beginning, but was changed to Angy after the genetic analyses";;318
24.04.2024;Spring;6;9:43:00 AM;9:50:00 AM;Treptower_Park;B_Trep_03;7F24FC4;Hummus;NA;recapture;f;lactating;adult;NA;NA;NA;NA;3;160.5;621.3;460.8;very good;very good;NA;NA;NA;no;NA;NA;no;no;no;NA;yes;Sciurus_ 7F24FC4_FAECES_24/04/24;no;NA;no;NA;no;NA;no;NA;no;NA;no;NA;no;NA;no;NA;NA;7;dry_cloudy;SD.CL.MWM.VK.CLAS;NA;0;NA;complained a little, ran directly onto a tree after release;;319
24.04.2024;Spring;6;10:02:00 AM;10:08:00 AM;Treptower_Park;B_Trep_11;805FC14;Klausi;NA;recapture;m;NA;adult;NA;NA;NA;NA;3;164.4;527.9;363.5;very good;very good;NA;NA;NA;no;NA;NA;no;no;no;NA;no;NA;no;NA;no;NA;no;NA;no;NA;no;NA;no;NA;no;NA;no;NA;NA;8;dry_cloudy;SD.CL.MWM.VK.CLAS;NA;0.5;NA;calm in trap, complained in the bag, ran away onto a tree;;320
24.04.2024;Spring;6;10:23:00 AM;10:35:00 AM;Treptower_Park;B_Trep_16;8061DA8;Haselnuss;NA;recapture;m;NA;adult;235;154;55.8;NA;3;159.8;556.6;396.8;very good;very good;NA;NA;NA;no;NA;NA;no;no;no;NA;yes ;Sciurus_8061DA8_FAECES_24/04/24;yes;Sciurus_8061DA8_AFTER_24/04/24;no;NA;no;NA;yes;Sciurus_8061DA8_FUR_24/04/24;no;NA;yes;Sciurus_8061DA8_ORAL_24/04/24;no;NA;no;NA;NA;8;dry_cloudy;SD.CL.MWM.VK.CLAS;NA;0.5;NA;complained in the bag, but didnt complain after release;;321
24.04.2024;Spring;6;11:18:00 AM;11:28:00 AM;Treptower_Park;B_Trep_04;8043D9A;Estelle;NA;recapture;m;NA;adult;247;181;NA;NA;3;160.6;550.9;390.3;very good;very good;NA;NA;NA;no;NA;NA;no;no;no;NA;no;NA;yes;Sciurus_8043D9A_AFTER_24/04/24;no;NA;no;NA;yes;Sciurus_8043D9A_FUR_24/04/24;no;NA;yes;Sciurus_8043D9A_ORAL_24/04/24;no;NA;no;NA;NA;9;dry_cloudy;SD.CL.MWM.VK.CLAS;NA;2.5;NA;bites, ran away into the bush without complaining after release;;322
26.04.2024;Spring;6;8:10:00 AM;8:28:00 AM;Treptower_Park;B_Trep_11;8061D65;Uwe;NA;capture;m;NA;adult;261;172;56.6;NA;3;160.2;579;418.8;very good;very good;NA;NA;NA;no;NA;NA;yes;no;no;NA;yes;Sciurus_8061D65_FAECES_26/04/24;yes;Sciurus_8061D65_AFTER_26/04/24;no;NA;no;NA;yes;Sciurus_8061D65_FUR_26/04/24;no;NA;yes;Sciurus_8061D65_ORAL_26/04/24;yes;Sciurus_8061D65_TISSUE_26/04/24;no;NA;NA;6;dry_sunny;SD.SKS.MWM.VK.CLAS;NA;1;NA;complained while handling, old almost healed wound on snout, some fur missing, ran away without complainimg onto a tree;323;323
26.04.2024;Spring;6;9:00:00 AM;9:07:00 AM;Treptower_Park;B_Trep_14;8043A46;Boyle;NA;recapture;m;NA;adult;234;169;57.8;NA;3;160;537;377;very good;very good;NA;NA;NA;no;NA;NA;no;no;no;NA;no;NA;yes;Sciurus_8043A46_AFTER_26/04/24;no;NA;no;NA;yes;Sciurus_8043A46_FUR_26/04/24;no;NA;yes;Sciurus_8043A46_ORAL_26/04/24;no;NA;no;NA;NA;8;dry_sunny;SD.SKS.MWM.VK.CLAS;NA;0;NA;calm, ran away without complaining;;324
26.04.2024;Spring;6;9:34:00 AM;9:36:00 AM;Treptower_Park;B_Trep_05;805FC14;Klausi;NA;recapture;m;NA;adult;NA;NA;NA;NA;3;160.6;535.5;374.9;very good;very good;NA;NA;NA;no;NA;NA;no;no;no;NA;no;NA;no;NA;no;NA;no;NA;no;NA;no;NA;no;NA;no;NA;no;NA;NA;9;dry_sunny;SD.SKS.MWM.VK.CLAS;NA;0;NA;ran away onto a tree without complaining;;325
26.04.2024;Spring;6;9:43:00 AM;9:45:00 AM;Treptower_Park;B_Trep_16;8061BA3;Finn;NA;recapture;m;NA;adult;NA;NA;NA;NA;3;160.3;594.3;434;very good;very good;NA;NA;NA;no;NA;NA;no;no;no;NA;no;NA;no;NA;no;NA;no;NA;no;NA;no;NA;no;NA;no;NA;no;NA;NA;9;dry_sunny;SD.SKS.VK.CLAS;NA;0;NA;didnt complain;;326
26.04.2024;Spring;6;9:56:00 AM;10:10:00 AM;Treptower_Park;B_Trep_09;8049A81;Theodore;NA;capture;m;NA;adult;264;164;59.9;NA;3;160.1;543.7;383.6;very good;very good;NA;NA;NA;no;NA;NA;yes;yes;yes;1.2;no;NA;yes;Sciurus_8174BE7_AFTER_26/04/24;no;NA;no;NA;yes;Sciurus_8174BE7_FUR_26/04/24;no;NA;yes;Sciurus_8174BE7_ORAL_26/04/24;yes;Sciurus_8174BE7_TISSUE_26/04/24;no;NA;NA;10;dry_sunny;SD.SKS.MWM.VK.CLAS;NA;0.5;NA;"peed into the bag, fidgety, ran away onto a tree without complaining, observed us from above; Name was Samson (ID 8174BE7) at the beginning, but was changed to Theodore after the genetic analyses";327;327
26.04.2024;Spring;6;10:23:00 AM;10:26:00 AM;Treptower_Park;B_Trep_15;806170D;Valentine;NA;recapture;m;NA;adult;NA;NA;NA;NA;3;161.2;581.1;419.9;very good;very good;NA;NA;NA;no;NA;NA;no;no;no;NA;no;NA;no;NA;no;NA;no;NA;no;NA;no;NA;no;NA;no;NA;no;NA;NA;10;dry_sunny;SD.SKS.MWM.VK.CLAS;NA;0.5;NA;ran away onto a tree without complaining;;328
26.04.2024;Spring;6;10:37:00 AM;10:42:00 AM;Treptower_Park;B_Trep_06;8061D18;Chandler;NA;recapture;m;NA;adult;NA;NA;NA;NA;3;160.4;614.8;454.4;good;very good;NA;NA;NA;no;NA;NA;no;no;no;NA;no;NA;no;NA;no;NA;no;NA;no;NA;no;NA;no;NA;no;NA;no;NA;NA;10;dry_sunny;SD.SKS.MWM.VK.CLAS;NA;1;NA;new wound on snout, probably a bite, very fearful;;329
26.04.2024;Spring;6;10:54:00 AM;11:01:00 AM;Treptower_Park;B_Trep_08;7F2528F;Lou;NA;recapture;m;NA;adult;234;156;55.8;NA;3;160;482.9;322.9;very good;very good;NA;NA;NA;no;NA;NA;no;no;no;NA;yes;Sciurus_7F2528F_FAECES_26/04/24;yes;Sciurus_7F2528F_AFTER_26/04/24;no;NA;no;NA;yes;Sciurus_7F2528F_FUR_26/04/24;no;NA;no;NA;no;NA;no;NA;NA;10;dry_sunny;SD.SKS.MWM.VK.CLAS;NA;1;NA;fleas, fled while oral, ran away complaining, old wound on the snout;;330
26.04.2024;Spring;6;11:21:00 AM;11:23:00 AM;Treptower_Park;B_Trep_14;7F24FC4;Hummus;NA;recapture;f;NA;adult;NA;NA;NA;NA;3;160;607.5;447.5;very good;very good;NA;NA;NA;no;NA;NA;no;no;no;NA;yes;Sciurus_7F24FC4_FAECES_26/04/24;no;NA;no;NA;no;NA;no;NA;no;NA;no;NA;no;NA;no;NA;NA;11;dry_sunny;SD.SKS.MWM.VK.CLAS;NA;0;NA;calm, ate nuts in trap, ran away onto the next tree without complaining;;331
26.04.2024;Spring;6;11:55:00 AM;12:02:00 AM;Treptower_Park;B_Trep_05;808EE65;Leslie;NA;recapture;f;NA;adult;NA;NA;NA;NA;3;160;590.7;430.7;very good;very good;NA;NA;NA;no;NA;NA;no;no;no;NA;yes;Sciurus_808EE65_FAECES_26/04/24;yes;Sciurus_808EE65_AFTER_26/04/24;no;NA;no;NA;yes;Sciurus_808EE65_FUR_26/04/24;no;NA;yes;Sciurus_808EE65_ORAL_26/04/24;no;NA;no;NA;NA;NA;dry_sunny;SD.SKS.MWM.VK.CLAS;NA;2;NA;very wild, ran into the bush without complaining;;332
29.04.2024;Spring;6;10:54:00 AM;11:00:00 AM;Rahnsdorf;B_Rahn_08;7F24F99;Juno;NA;recapture;f;tits visible;adult;NA;NA;NA;NA;3;160;600.2;440.2;very good;very good;NA;NA;NA;no;NA;NA;no;no;no;NA;no;NA;no;NA;no;NA;no;NA;no;NA;no;NA;no;NA;no;NA;no;NA;NA;16;dry_cloudy_sunny;SD.CLAS.MK;NA;0;NA;ran away onto a tree without complaining, but startet squeaking on the tree;;333
29.04.2024;Spring;6;11:47:00 AM;12:00:00 AM;Rahnsdorf;B_Rahn_05;817DA96;Loki;NA;capture;m;NA;adult;261;164;56.5;NA;3;160;528;368;very good;very good;NA;NA;NA;no;NA;NA;no;no;no;NA;yes;Sciurus_817DA96_FAECES_29/04/24;yes;Sciurus_817DA96_AFTER_29/04/24;no;NA;no;NA;yes;Sciurus_817DA96_FUR_29/04/24;no;NA;yes;Sciurus_817DA96_ORAL_29/04/24;yes;Sciurus_817DA96_TISSUE_29/04/24;no;NA;NA;18;dry_cloudy;SD.CLAS.MK;NA;0.5;NA;old wound on the snout (maybe bite), ran onto a tree while complaining;334;334
30.04.2024;Spring;6;8:25:00 AM;8:29:00 AM;Lilienthal;B_Lilie_04;804C8B8;Alio;NA;recapture;m;NA;adult;NA;NA;NA;NA;3;160;544.7;384.7;very good;very good;NA;NA;NA;no;NA;NA;no;no;no;NA;yes;Sciurus_804C8B8 _FAECES_30/04/24;no;NA;no;NA;no;NA;no;NA;no;NA;no;NA;no;NA;no;NA;NA;14;dry_sunny;SD.CL.CLAS;NA;0;NA;ran away without complaining, started complaining on tree, very calm in trap and bag;;335
30.04.2024;Spring;6;9:48:00 AM;9:52:00 AM;Lilienthal;B_Lilie_10;80616A0;Marcus;NA;recapture;m;NA;adult;NA;NA;NA;NA;3;160;558.2;398.2;very good;very good;NA;NA;NA;no;NA;NA;no;no;no;NA;yes;Sciurus_80616A0_FAECES_30/04/24;no;NA;no;NA;no;NA;no;NA;no;NA;no;NA;no;NA;no;NA;NA;17;dry_sunny;SD.CL.CLAS;NA;0;NA;ran away without complaining, weight fluctuated a lot on scale;;336
30.04.2024;Spring;6;10:28:00 AM;NA;Lilienthal;B_Lilie_04;8049B46;Bones;NA;recapture;m;NA;adult;NA;NA;NA;NA;3;160;561.4;401.4;very good;very good;NA;NA;NA;no;NA;NA;no;no;no;NA;no;NA;no;NA;no;NA;no;NA;no;NA;no;NA;no;NA;no;NA;no;NA;NA;21;dry_sunny;SD.CL.CLAS;NA;0;NA;ran away without complaining;;337
30.04.2024;Spring;6;10:37:00 AM;10:50:00 AM;Lilienthal;B_Lilie_03;815E84E;Ralf;NA;capture;m;NA;juvenile;222;167;55.1;NA;3;160;500.2;340.2;very good;very good;NA;NA;NA;no;NA;NA;yes;no;no;NA;no;NA;yes;Sciurus_815E84E_AFTER_30/04/24;no;NA;no;NA;yes;Sciurus_815E84E_FUR_30/04/24;no;NA;yes;Sciurus_815E84E_ORAL_30/04/24;yes;Sciurus_815E84E_TISSUE_30/04/24;no;NA;NA;21;dry_sunny;SD.CL.CLAS;NA;1;NA;wild in the trap, complained a little in the bag, ran away without complaining;338;338
30.04.2024;Spring;6;11:01:00 AM;11:06:00 AM;Lilienthal;B_Lilie_06;8062500;Karla;NA;recapture;f;NA;adult;NA;NA;NA;NA;3;160;630.6;470.6;very good;very good;NA;NA;NA;no;NA;NA;no;no;no;NA;yes;Sciurus_8062500_FAECES_30/04/24;no;NA;no;NA;no;NA;no;NA;no;NA;no;NA;no;NA;no;NA;NA;22;dry_sunny;SD.CL.CLAS;NA;0;NA;ran away onto a tree without complaining;;339
30.04.2024;Spring;6;11:18:00 AM;11:22:00 AM;Lilienthal;B_Lilie_08;806230F;Drops;NA;recapture;m;NA;adult;NA;NA;NA;NA;3;160;583.8;423.8;very good;very good;NA;NA;NA;no;NA;NA;no;no;no;NA;yes;Sciurus_806230F_FAECES_30/04/24;no;NA;no;NA;no;NA;no;NA;no;NA;no;NA;no;NA;no;NA;NA;23;dry_sunny;SD.CL.CLAS;NA;0.5;NA;ran away without complaining over the meadow;;340
02.05.2024;Spring;6;8:54:00 AM;9:10:00 AM;Treptower_Park;B_Trep_14;8174D3B;Alvin;NA;capture;m;NA;adult;237;174;58.5;NA;3;159;515.1;356.1;very good;very good;NA;NA;NA;no;NA;NA;yes;no;no;NA;no;NA;yes;Sciurus_8174D38_AFTER_02/05/24;no;NA;no;NA;yes;Sciurus_8174D38_FUR_02/05/24;no;NA;yes;Sciurus_8174D38_ORAL_02/05/24;yes;Sciurus_8174D38_TISSUE_02/05/24;no;NA;NA;18;dry_sunny;SD.SKS.CLAS.MWM.SB;NA;0.5;NA;took long to go into bag, took off without complaining, a little grayish fur, capturing after holiday (park was dirty);341;341
02.05.2024;Spring;6;9:23:00 AM;9:27:00 AM;Treptower_Park;B_Trep_06;806170D;Valentine;NA;recapture;m;NA;adult;NA;NA;NA;NA;5;144.5;574.3;429.8;very good;very good;NA;NA;NA;no;NA;NA;no;no;no;NA;no;NA;no;NA;no;NA;no;NA;no;NA;no;NA;no;NA;no;NA;no;NA;NA;18;dry_sunny;SD.SKS.CLAS.MWM.SB;NA;0;NA;ran away without complaining, capturing after holiday so park was dirty;;342
02.05.2024;Spring;6;9:37:00 AM;9:42:00 AM;Treptower_Park;B_Trep_08;8061D18;Chandler;NA;recapture;m;NA;adult;NA;NA;NA;NA;5;144.6;578.2;433.6;very good;very good;NA;NA;NA;no;NA;NA;no;no;no;NA;no;NA;no;NA;no;NA;no;NA;no;NA;no;NA;no;NA;no;NA;no;NA;NA;21;dry_sunny;SD.SKS.CLAS.MWM.SB;NA;1;NA;complained in the trap, ran onto a tree while complaining,  capturing after holiday so park was dirty;;343
02.05.2024;Spring;6;10:48:00 AM;10:56:00 AM;Treptower_Park;B_Trep_09;7F24CFB;Hermine;NA;recapture;f;tits visible;adult;248;170;NA;NA;5;144.6;534;389.4;very good;very good;NA;NA;NA;no;NA;NA;no;no;no;NA;yes;Sciurus_7F24CFB_FAECES_02/05/24;yes;Sciurus_7F24CFB_AFTER_02/05/24;no;NA;no;NA;yes;Sciurus_7F24CFB_FUR_02/05/24;no;NA;yes;Sciurus_7F24CFB_ORAL_02/05/24;no;NA;no;NA;NA;22;dry_sunny;SD.SKS.CLAS.SB;NA;0.5;NA;ran away without complaining, capturing after holiday so park was dirty;;344
07.05.2024;Spring;6;8:04:00 AM;8:08:00 AM;Lilienthal;B_Lilie_07;80618A8;Gandalf;NA;recapture;m;NA;adult;NA;NA;NA;NA;3;160;600.3;440.3;very good;very good;NA;NA;NA;no;NA;NA;no;no;no;NA;no;NA;no;NA;no;NA;no;NA;no;NA;no;NA;no;NA;no;NA;no;NA;NA;10;dry_cloudy;SD.CLAS.VK.MP;NA;0;NA;ran away onto a tree and complained a bit;;345
07.05.2024;Spring;6;9:05:00 AM;9:16:00 AM;Lilienthal;B_Lilie_10;8047B1A;Erwin;NA;capture;m;NA;adult;220;183;55.8;NA;3;159.7;550.9;391.2;very good;very good;NA;NA;NA;no;NA;NA;no;no;no;NA;yes;Sciurus_8047B1A_FAECES_07/05/24;yes;Sciurus_8047B1A_AFTER_07/05/24;no;NA;no;NA;yes;Sciurus_8047B1A_FUR_07/05/24;no;NA;yes;Sciurus_8047B1A_ORAL_07/05/24;yes;Sciurus_8047B1A_TISSUE_07/05/24;yes;NA;NA;11;dry_cloudy;SD.CLAS.VK.MP;NA;1.5;NA;fleas, wild in trap, ran into bag, complained in trap and while handling, ran onto a tree without complaining;346;346
07.05.2024;Spring;6;9:29:00 AM;9:33:00 AM;Lilienthal;B_Lilie_06;80618A8;Gandalf;NA;recapture;m;NA;adult;NA;NA;NA;NA;3;160;601.8;441.8;very good;very good;NA;NA;NA;no;NA;NA;no;no;no;NA;no;NA;no;NA;no;NA;no;NA;no;NA;no;NA;no;NA;no;NA;no;NA;NA;11;dry_cloudy_windy;SD.CLAS.VK.MP;NA;0;NA;was captured the second time that day, ran away onto a tree while complaining;;347
07.05.2024;Spring;6;9:59:00 AM;10:12:00 AM;Lilienthal;B_Lilie_03;817F7DF;Alma;NA;capture;f;NA;adult;245;163;53.3;NA;3;160;527.5;367.5;very good;very good;NA;NA;NA;no;NA;NA;no;no;no;NA;no;NA;yes;Sciurus_817F7DF_AFTER_07/05/24;no;NA;no;NA;yes;Sciurus_817F7DF_FUR_07/05/24;no;NA;yes;Sciurus_817F7DF_ORAL_07/05/24;yes;Sciurus_817F7DF_TISSUE_07/05/24;no;NA;NA;12;dry_cloudy_windy;SD.CLAS.VK.MP;NA;1;NA;tits not visible, ate nuts in the trap, ran directly onto he next tree while complaining;348;348
07.05.2024;Spring;6;11:03:00 AM;11:08:00 AM;Lilienthal;B_Lilie_10;80616A0;Marcus;NA;recapture;m;NA;adult;NA;NA;NA;NA;3;160;547.4;387.4;very good;very good;NA;NA;NA;no;NA;NA;no;no;no;NA;no;NA;no;NA;no;NA;no;NA;no;NA;no;NA;no;NA;no;NA;no;NA;NA;12;dry_cloudy;SD.CLAS.VK.MP;NA;0;NA;ran over the meadow without complaining;;349
07.05.2024;Spring;6;11:15:00 AM;11:19:00 AM;Lilienthal;B_Lilie_01;80618A8;Gandalf;NA;recapture;m;NA;adult;NA;NA;NA;NA;3;160;610.6;450.6;very good;very good;NA;NA;NA;no;NA;NA;no;no;no;NA;no;NA;no;NA;no;NA;no;NA;no;NA;no;NA;no;NA;no;NA;no;NA;NA;12;dry_cloudy;SD.CLAS.VK.MP;NA;0;NA;captured the third time that day, very calm, ran away slowly;;350
08.05.2024;Spring;6;8:13:00 AM;8:25:00 AM;Rahnsdorf;B_Rahn_08;80624BF;Lian;NA;recapture;m;NA;adult;231;183;60.1;NA;3;160;566.9;406.9;very good;very good;NA;NA;NA;no;NA;NA;yes;yes;yes;0.9;yes;Sciurus_80624BF_FAECES_08/05/24;yes;Sciurus_80624BF_AFTER_08/05/24;no;NA;no;NA;yes;Sciurus_80624BF_FUR_08/05/24;no;NA;yes;Sciurus_80624BF_ORAL_08/05/24;yes;Sciurus_80624BF_TISSUE_08/05/24;no;NA;NA;10;dry_sunny;SD.CL.VK.MP;NA;0;NA;caught before but we didnt take any samples before, after release: went directy on a tree without sound/complaining;351;351
08.05.2024;Spring;6;9:22:00 AM;9:27:00 AM;Rahnsdorf;B_Rahn_11;8047E1E;Lori;NA;recapture;f;lactating;adult;NA;NA;NA;NA;3;NA;NA;NA;very good;very good;NA;NA;NA;no;NA;NA;no;no;no;NA;yes;Sciurus_8047E1E _FAECES_08/05/24;yes;Sciurus_8047E1E _AFTER_08/05/24;no;NA;no;NA;yes;Sciurus_8047E1E _FUR_08/05/24;no;NA;no;NA;no;NA;no;NA;NA;10;dry_sunny;SD.CL.VK.MP;NA;1;NA;ran away before release, not all samples taken, onto a tree and started complaining there;;352
08.05.2024;Spring;6;10:42:00 AM;10:49:00 AM;Rahnsdorf;B_Rahn_08;817DA96;Loki;NA;recapture;m;NA;adult;255;184;59.3;NA;5;144.6;516.9;372.3;very good;very good;NA;NA;NA;no;NA;NA;no;no;no;NA;yes;Sciurus_817DA96_FAECES_08/05/24;no;NA;no;NA;no;NA;no;NA;no;NA;no;NA;no;NA;no;NA;NA;16;dry_sunny;SD.CL.VK.MP;NA;1;NA;Micaela took measurements, ran away before release, ran away onto a tree and started complaining there, wild in trap, calm while handling, right leg stiff;;353
08.05.2024;Spring;6;11:23:00 AM;11:28:00 AM;Rahnsdorf;B_Rahn_09;80624BF;Lian;NA;recapture;m;NA;adult;NA;NA;NA;NA;3;158.8;568.3;409.5;very good;very good;NA;NA;NA;no;NA;NA;no;no;no;NA;no;NA;no;NA;no;NA;no;NA;no;NA;no;NA;no;NA;no;NA;no;NA;NA;16;dry_sunny;SD.MP;NA;0.5;NA;second time capturing it on that day, after release: ran away into the forest without complaining;;354
15.05.2024;Spring;6;8:29:00 AM;8:38:00 AM;Rahnsdorf;B_Rahn_02;80614A3;Lilly;NA;recapture;f;lactating;adult;NA;NA;NA;NA;3;160;621.5;461.5;very good;very good;NA;NA;NA;no;NA;NA;no;no;no;NA;yes;Sciurus_80614A3_FAECES_15/05/24;yes;Sciurus_80614A3_AFTER_15/05/24;no;NA;no;NA;yes;Sciurus_80614A3_FUR_15/05/24;no;NA;yes;Sciurus_80614A3_ORAL_15/05/24;no;NA;no;NA;NA;16;dry_sunny_windy;SD.VK.CLAS;NA;0.5;NA;wound, release: ran away on the ground without complaining, then on a tree;;355
15.05.2024;Spring;6;9:04:00 AM;9:04:00 AM;Rahnsdorf;B_Rahn_13;NA;NA;NA;NA;NA;NA;NA;NA;NA;NA;NA;NA;NA;NA;NA;NA;NA;NA;NA;NA;no;NA;NA;no;no;no;NA;no;NA;no;NA;no;NA;no;NA;no;NA;no;NA;no;NA;no;NA;no;NA;NA;17;dry_sunny_windy;SD.VK.CLAS;NA;NA;NA;bag was open so it ran away, ran away without complaining;;356
15.05.2024;Spring;6;9:30:00 AM;9:39:00 AM;Rahnsdorf;B_Rahn_07;8061663;Jasmin;NA;recapture;f;lactating;adult;231;163;52;NA;5;144.6;558.5;413.9;very good;very good;NA;NA;NA;no;NA;NA;no;no;no;NA;yes;Sciurus_8061663_FAECES_15/05/24;yes;Sciurus_8061663_AFTER_15/05/24;no;NA;no;NA;yes;Sciurus_8061663_FUR_15/05/24;no;NA;yes;Sciurus_8061663_ORAL_15/05/24;no;NA;no;NA;NA;19;dry_sunny_windy;SD.VK.CLAS;NA;0;NA;fleas, very calm, release: ran away on the forest floor without complaining;;357
15.05.2024;Spring;6;10:44:00 AM;10:58:00 AM;Rahnsdorf;B_Rahn_11;8047E1E;Lori;NA;recapture;f;lactating;adult;249;185;59.9;NA;5;144.6;593.9;449.3;very good;very good;NA;NA;NA;no;NA;NA;no;no;no;NA;yes;Sciurus_8047E1E_FAECES_15/05/24;no;NA;no;NA;no;NA;no;NA;no;NA;yes;Sciurus_8047E1E_ORAL_15/05/24;no;NA;no;NA;NA;21;dry_sunny_windy;SD.VK.CLAS;NA;2;NA;moved a lot like the last time, release: ran away on the forest floor without complaining;;358
16.05.2024;Spring;6;8:21:00 AM;8:27:00 AM;Treptower_Park;B_Trep_11;805FC14;Klausi;NA;recapture;m;NA;adult;NA;NA;NA;NA;3;156.5;525.3;368.8;very good;very good;NA;NA;NA;no;NA;NA;no;no;no;NA;no;NA;no;NA;no;NA;no;NA;no;NA;no;NA;no;NA;no;NA;no;NA;NA;17;dry_sunny;SD.VK.CLAS.John(Fotograph);NA;0;NA;despite taking it out and holding it very calm and has bitten person that held him in the end, release: ran away without complaining;;359
16.05.2024;Spring;6;8:36:00 AM;8:41:00 AM;Treptower_Park;B_Trep_05;8061D65;Uwe;NA;recapture;m;NA;adult;NA;NA;NA;NA;3;NA;NA;NA;very good;very good;NA;NA;NA;no;NA;NA;no;no;no;NA;yes;Sciurus_8061D65_FAECES_16/05/24;no;NA;no;NA;no;NA;no;NA;no;NA;no;NA;no;NA;no;NA;NA;16;dry_sunny;SD.VK.CLAS.John(Fotograph);NA;0.5;NA;release: ran away without complaining;;360
16.05.2024;Spring;6;9:04:00 AM;9:08:00 AM;Treptower_Park;B_Trep_09;806185F;Sven;NA;recapture;m;NA;adult;NA;NA;NA;NA;3;156.5;519.4;362.9;very good;very good;NA;NA;NA;no;NA;NA;no;no;no;NA;no;NA;no;NA;no;NA;no;NA;no;NA;no;NA;no;NA;no;NA;no;NA;NA;18;dry_sunny;SD.VK.CLAS.John(Fotograph);NA;0;NA;very calm, release: ran away into a bush without complaining;;361
16.05.2024;Spring;6;10:35:00 AM;10:55:00 AM;Treptower_Park;B_Trep_09;804950E;Rita;NA;capture;f;lactating;adult;250;204;56.9;NA;3;156.5;592;435.5;very good;very good;NA;NA;NA;no;NA;NA;yes;yes;yes;0.3;yes;Sciurus_804950E_FAECES_16/05/24;yes;Sciurus_804950E_AFTER_16/05/24;no;NA;no;NA;yes;Sciurus_804950E_FUR_16/05/24;no;NA;yes;Sciurus_804950E_ORAL_16/05/24;yes;Sciurus_804950E_TISSUE_16/05/24;no;NA;NA;21;dry_sunny_windy;SD.VK.CLAS.John(Fotograph);NA;1;NA;because of wind weight may be inaccurate, release: ran away into a bush without complaining;362;362
28.08.2024;Autumn;7;7:47:00 AM;8:01:00 AM;Rahnsdorf;B_Rahn_02;80614A3;Lilly;NA;recapture;f;non;adult;234;177;58.3;NA;3;163;597.8;434.8;very good;very good;NA;NA;NA;no;NA;NA;no;no;no;NA;no;NA;yes;Sciurus_80614A3_AFTER_28/08/24;no;NA;no;NA;yes;Sciurus_80614A3_FUR_28/08/24;no;NA;yes;Sciurus_80614A3_ORAL_28/08/24;no;NA;no;NA;NA;18;sunny;SD.CL.IG.HA.TP.EM;NA;0.5;NA;NA;;363
28.08.2024;Autumn;7;8:28:00 AM;8:47:00 AM;Rahnsdorf;B_Rahn_03;8172614;Flora;NA;capture;f;lactating;adult;239;181;58.9;NA;5;147.9;610.8;462.9;very good;very good;NA;NA;NA;no;NA;NA;yes;yes;yes;12;no;NA;yes;Sciurus_8172614_AFTER_28/08/24;no;NA;no;NA;yes;Sciurus_8172614_FUR_28/08/24;no;NA;yes;Sciurus_8172614_ORAL_28/08/24;yes;Sciurus_8172614_TISSUE_28/08/24;no;NA;NA;18;sunny;SD.CL.EM.TP;NA;1.5;NA;fleas, 2 reddened swollen nipples, wounded at snout in cage while capturing;364;364
28.08.2024;Autumn;7;9:05:00 AM;9:20:00 AM;Rahnsdorf;B_Rahn_05;7F24F99;Juno;NA;recapture;f;lactating;adult;250;155;52.5;NA;5;147.9;590.5;442.6;very good;very good;NA;NA;NA;no;NA;NA;no;no;no;NA;yes;Sciurus_7F24F99_FAECES_28/08/24;yes;Sciurus_7F24F99_AFTER_28/08/24;no;NA;no;NA;yes;Sciurus_7F24F99_FUR_28/08/24;no;NA;yes;Sciurus_7F24F99_ORAL_28/08/24;no;NA;no;NA;NA;19;sunny;SD.CL.HA.IG.TP.EM;NA;0;NA;NA;;365
28.08.2024;Autumn;7;9:34:00 AM;9:52:00 AM;Rahnsdorf;B_Rahn_14;815E3B4;Lotti;NA;capture;f;NA;subadult;NA;155;NA;NA;3;163;513.3;350.3;very good;very good;NA;NA;NA;no;NA;NA;yes;yes;no;NA;yes;Sciurus_815E3B4_FAECES_28/08/24;yes;Sciurus_815E3B4_AFTER_28/08/24;no;NA;no;NA;yes;Sciurus_815E3B4_FUR_28/08/24;no;NA;yes;Sciurus_815E3B4_ORAL_28/08/24;yes;Sciurus_815E3B4_TISSUE_28/08/24;no;NA;NA;19;sunny;SD.CL.IG.HA.TP.EM;NA;0.5;NA;fleas, really quiet;366;366
28.08.2024;Autumn;7;11:24:00 AM;11:39:00 AM;Rahnsdorf;B_Rahn_08;7F24F99;Juno;NA;recapture;f;lactating;adult;NA;NA;NA;NA;3;163;595.3;432.3;very good;very good;NA;NA;NA;no;NA;NA;no;no;no;NA;yes;Sciurus_7F24F99_FAECES_28/08/24;no;NA;no;NA;no;NA;no;NA;no;NA;no;NA;no;NA;no;NA;NA;25;sunny;CL.SD.IG.HA.TP.EM;NA;0;NA;NA;;367
29.08.2024;Autumn;7;7:28:00 AM;7:38:00 AM;Treptower_Park;B_Trep_16;8061BA3;Finn;NA;recapture;m;NA;adult;243;171;NA;NA;2;NA;517.2;NA;very good;very good;NA;NA;NA;no;NA;NA;no;no;no;NA;yes;Sciurus_8061BA3_FAECES_29/08/24;yes;Sciurus_8061BA3_AFTER_29/08/24;no;NA;no;NA;yes;Sciurus_8061BA3_FUR_29/08/24;no;NA;yes;Sciurus_8061BA3_ORAL_29/08/24;no;NA;no;NA;NA;21;sunny;SD.CL.AB.HA ;NA;0.5;NA;NA;;368
29.08.2024;Autumn;7;7:57:00 AM;8:07:00 AM;Treptower_Park;B_Trep_14;8043A46;Boyle;NA;recapture;m;NA;adult;225;169;NA;NA;3;163;549;386;very good;very good;NA;NA;NA;no;NA;NA;no;no;no;NA;no;NA;yes;Sciurus_8043A46_AFTER_29/08/24;no;NA;no;NA;yes;Sciurus_8043A46_FUR_29/08/24;no;NA;yes;Sciurus_8043A46_ORAL_29/08/24;no;NA;no;NA;NA;22;sunny;SD.CL.IG.EM ;NA;0;NA;fleas, running on a tree;;369
29.08.2024;Autumn;7;8:18:00 AM;8:23:00 AM;Treptower_Park;B_Trep_08;7F2528F;Lou;NA;recapture;m;NA;adult;233;181;NA;NA;3;163;482.7;319.7;very good;very good;NA;NA;NA;no;NA;NA;no;no;no;NA;no;NA;yes;Sciurus_7F2528F_AFTER_29/08/24;no;NA;no;NA;yes;Sciurus_7F2528F_FUR_29/08/24;no;NA;yes;Sciurus_7F2528F_ORAL_29/08/24;no;NA;no;NA;NA;22;sunny;SD.CL.EM.IG;NA;0;NA;directly on a tree afterwards, vocalizing after some time;;370
29.08.2024;Autumn;7;8:30:00 AM;8:50:00 AM;Treptower_Park;B_Trep_05;80428EA;Josie;NA;recapture;f;non;adult;231;162;NA;NA;3;163;582.6;419.6;very good;very good;NA;NA;NA;no;NA;NA;no;no;no;NA;no;NA;yes;Sciurus_80428EA_AFTER_29/08/24;no;NA;no;NA;yes;Sciurus_80428EA_FUR_29/08/24;no;NA;yes;Sciurus_80428EA_ORAL_29/08/24;no;NA;no;NA;NA;23;sunny;SD.CL.AB.HA ;NA;1;NA;running in the bush;;371
29.08.2024;Autumn;7;8:50:00 AM;9:08:00 AM;Treptower_Park;B_Trep_09;8049A81;Theodore;NA;recapture;m;NA;adult;NA;NA;NA;NA;5;147.9;527.8;379.9;very good;very good;NA;NA;NA;no;NA;NA;no;no;no;NA;no;NA;yes;Sciurus_8049A81_AFTER_29/08/24;no;NA;no;NA;yes;Sciurus_8049A81_FUR_29/08/24;no;NA;yes;Sciurus_8049A81_ORAL_29/08/24;yes;Sciurus_8049A81_TISSUE_29/08/24;no;NA;NA;24;sunny;SD.CL ;NA;0;NA;already had a hole in his ear - lost chip?, roadworks next door, was very loud, even before handling, quickly ran up a tree without complaining;372;372
29.08.2024;Autumn;7;9:52:00 AM;9:58:00 AM;Treptower_Park;B_Trep_11;805FC14;Klausi;NA;recapture;m;NA;adult;NA;NA;NA;NA;5;147.9;517.6;369.7;very good;very good;NA;NA;NA;no;NA;NA;no;no;no;NA;no;NA;yes;Sciurus_805FC14_AFTER_29/08/24;no;NA;no;NA;yes;Sciurus_805FC14_FUR_29/08/24;no;NA;yes;Sciurus_805FC14_ORAL_29/08/24;no;NA;no;NA;NA;26;sunny;SD.CL.AB.HA ;NA;0;NA;NA;;373
29.08.2024;Autumn;7;10:13:00 AM;10:23:00 AM;Treptower_Park;B_Trep_03;8174D3B;Alvin;NA;recapture;m;NA;adult;237;172;NA;NA;5;147.9;523.1;375.2;very good;very good;NA;NA;NA;no;NA;NA;no;no;no;NA;no;NA;yes;Sciurus_8174D3B_AFTER_29/08/24;no;NA;no;NA;yes;Sciurus_8174D3B_FUR_29/08/24;no;NA;yes;Sciurus_8174D3B_ORAL_29/08/24;no;NA;no;NA;NA;27;sunny;SD.CL.IG.EM ;NA;0.5;NA;runs away before going up a tree;;374
30.08.2024;Autumn;7;7:11:00 AM;7:18:00 AM;Treptower_Park;B_Trep_09;8061DA8;Haselnuss;NA;recapture;m;NA;adult;219;155;51.1;NA;5;147.9;509.3;361.4;very good;very good;NA;NA;NA;no;NA;NA;no;no;no;NA;no;NA;yes;Sciurus_8061DA8_AFTER_30/08/24;no;NA;no;NA;yes;Sciurus_8061DA8_FUR_30/08/24;no;NA;yes;Sciurus_8061DA8_ORAL_30/08/24;no;NA;no;NA;NA;21;sunny;SD.JE.IG.EM ;NA;0;NA;very quiet, after handling without vocalizing in the bush;;375
30.08.2024;Autumn;7;7:27:00 AM;7:43:00 AM;Treptower_Park;B_Trep_09;817F48A;Lilo ;NA;capture;f;non;subadult;235;180;54.1;NA;5;147.9;493.3;345.4;very good;very good;NA;NA;NA;no;NA;NA;no;no;no;NA;yes;Sciurus_817F48A_FAECES_30/08/24;yes;Sciurus_817F48A_AFTER_30/08/24;no;NA;no;NA;yes;Sciurus_817F48A_FUR_30/08/24;no;NA;yes;Sciurus_817F48A_ORAL_30/08/24;yes;Sciurus_817F48A_TISSUE_30/08/24;no;NA;NA;21;sunny;SD.JE.IG.EM ;NA;0;NA;fleas;376;376
30.08.2024;Autumn;7;7:57:00 AM;8:12:00 AM;Treptower_Park;B_Trep_03;817DF33;Chani ;NA;capture;f;NA;adult;254;180;52.4;NA;5;147.9;544.8;396.9;very good;very good;NA;NA;NA;no;NA;NA;yes;yes;yes;1;yes;Sciurus_817DF33_FAECES_30/08/24;yes;Sciurus_817DF33_AFTER_30/08/24;no;NA;no;NA;yes;Sciurus_817DF33_FUR_30/08/24;no;NA;yes;Sciurus_817DF33_ORAL_30/08/24;yes;Sciurus_817DF33_TISSUE_30/08/24;no;NA;NA;21;sunny;SD.JE.TP ;NA;1.5;NA;NA;377;377
30.08.2024;Autumn;7;8:31:00 AM;8:43:00 AM;Treptower_Park;B_Trep_04;8049BA9;Aurora;NA;capture;f;NA;adult;222;161;50.5;NA;5;147.9;517.8;369.9;NA;NA;NA;NA;NA;no;NA;NA;yes;yes;yes;27;no;NA;yes;Sciurus_8049BA9_AFTER_30/08/24;no;NA;no;NA;yes;Sciurus_8049BA9_FUR_30/08/24;no;NA;yes;Sciurus_8049BA9_ORAL_30/08/24;yes;Sciurus_8049BA9_TISSUE_30/08/24;no;NA;NA;22;sunny;SD.JE.EM.IG ;NA;0;NA;vocalizing on tree afterwards;378;378
30.08.2024;Autumn;7;8:55:00 AM;9:03:00 AM;Treptower_Park;B_Trep_05;8061D65;Uwe ;NA;recapture;m;NA;adult;254;151;57.3;NA;3;163;575.4;412.4;very good;very good;NA;NA;NA;no;NA;NA;no;no;no;NA;no;NA;yes;Sciurus_8061D65_AFTER_30/08/24;no;NA;no;NA;yes;Sciurus_8061D65_FUR_30/08/24;no;NA;yes;Sciurus_8061D65_ORAL_30/08/24;no;NA;no;NA;NA;24;sunny;SD.JE.IG.EM ;NA;1.5;NA;fleas, vocalizing throughout procedure ;;379
30.08.2024;Autumn;7;9:17:00 AM;9:28:00 AM;Treptower_Park;B_Trep_14;8174D3B;Alvin ;NA;recapture;m;NA;adult;NA;NA;NA;NA;3;163;535.7;372.7;very good;very good;NA;NA;NA;no;NA;NA;no;no;no;NA;no;NA;no;NA;no;NA;no;NA;no;NA;no;NA;no;NA;no;NA;no;NA;NA;25;sunny;SD.JE.TP ;NA;1;NA;bit Sinah in finger;;380
04.09.2024;Autumn;7;7:51:00 AM;8:02:00 AM;Rahnsdorf;B_Rahn_14;817DA96;Loki;NA;recapture;m;NA;adult;214;165;60.3;NA;5;147.9;519.3;371.4;very good;very good;NA;NA;NA;no;NA;NA;no;no;no;NA;no;NA;yes;Sciurus_817DA96_AFTER_04/09/24;no;NA;no;NA;yes;Sciurus_817DA96_FUR_04/09/24;no;NA;yes;Sciurus_817DA96_ORAL_04/09/24;no;NA;no;NA;NA;20;sunny;SD.CL.HA.TP.IG ;NA;1;NA;went on tree and vocalized after release;;381
04.09.2024;Autumn;7;9:11:00 AM;9:24:00 AM;Rahnsdorf;B_Rahn_11;8047E1E;Lori;NA;recapture;f;NA;adult;227;184;60.2;NA;3;163;623.8;460.8;very good;very good;NA;NA;NA;no;NA;NA;no;no;no;NA;yes;Sciurus_8047E1E_FAECES_04/09/24;yes;Sciurus_8047E1E_AFTER_04/09/24;no;NA;no;NA;yes;Sciurus_8047E1E_FUR_04/09/24;no;NA;yes;Sciurus_8047E1E_ORAL_04/09/24;no;NA;no;NA;NA;24;sunny_dry;SD.CL.HA ;NA;0.5;NA;fleas, she ran up the tree and vocalized, she has big boobies but no milk coming out;;382
05.09.2024;Autumn;7;7:27:00 AM;7:37:00 AM;Lilienthal;B_Lilie_06;8047CFF;Cercei;NA;recapture;f;lactating;adult;236;146;55.6;NA;5;147.9;580.7;432.8;very good;very good;NA;NA;NA;no;NA;NA;no;no;no;NA;no;NA;yes;Sciurus_8047CFF_AFTER_05/09/24;no;NA;no;NA;yes;Sciurus_8047CFF_FUR_05/09/24;no;NA;yes;Sciurus_8047CFF_ORAL_05/09/24;no;NA;no;NA;NA;20;sunny;SD.IG.JE.HA;NA;0;NA;big boobies, not sure if lactating, old wound on the nose, vocalizing after handling;;383
05.09.2024;Autumn;7;7:48:00 AM;7:55:00 AM;Lilienthal;B_Lilie_08;804C8B8;Alio;NA;recapture;m;NA;adult;212;159;57.6;NA;5;147.9;532.1;384.2;very good;very good;NA;NA;NA;no;NA;NA;no;no;no;NA;no;NA;yes;Sciurus_804C8B8_AFTER_05/09/24;no;NA;no;NA;yes;Sciurus_804C8B8_FUR_05/09/24;no;NA;yes;Sciurus_804C8B8_ORAL_05/09/24;no;NA;no;NA;NA;20;sunny;SD.IG.HA.JE;NA;0;NA;broken tail, small wound at after, after handling stayed on ground;;384
05.09.2024;Autumn;7;8:04:00 AM;8:13:00 AM;Lilienthal;B_Lilie_09;805BE16;Galadriel;NA;recapture;f;NA;adult;251;191;61.2;NA;NA;NA;585;NA;very good;very good;NA;NA;NA;no;NA;NA;no;no;no;NA;no;NA;yes;Sciurus_805BE16_AFTER_05/09/24;no;NA;no;NA;yes;Sciurus_805BE16_FUR_05/09/24;no;NA;yes;Sciurus_805BE16_ORAL_05/09/24;no;NA;no;NA;NA;21;sunny;SD.JE.TP.EM.IG.HA;NA;0.5;NA;ran into the bushes;;385
05.09.2024;Autumn;7;8:25:00 AM;8:31:00 AM;Lilienthal;B_Lilie_01;8062500;Karla;NA;recapture;f;non;adult;231;189;60.5;NA;NA;NA;586.8;NA;very good;very good;NA;NA;NA;no;NA;NA;no;no;no;NA;yes;Sciurus_8062500_FAECES_05/09/24;yes;Sciurus_8062500_AFTER_05/09/24;no;NA;no;NA;yes;Sciurus_8062500_FUR_05/09/24;no;NA;yes;Sciurus_8062500_ORAL_05/09/24;no;NA;no;NA;NA;21;sunny;SD.JE.HA.TP.EM.IG;NA;0;NA;bald spot above tail, fleas, probably lactating, prominent nips, no vocalization;;386
05.09.2024;Autumn;7;8:39:00 AM;8:49:00 AM;Lilienthal;B_Lilie_10;80618A8;Gandalf;NA;recapture;m;NA;adult;241;193;57.2;NA;3;163;576.4;413.4;very good;very good;NA;NA;NA;no;NA;NA;no;no;no;NA;no;NA;yes;Sciurus_80618A8_AFTER_05/09/24;no;NA;no;NA;yes;Sciurus_80618A8_FUR_05/09/24;no;NA;yes;Sciurus_80618A8_ORAL_05/09/24;no;NA;no;NA;NA;21;sunny;SD.JE.HA.IG;NA;1;NA;a lot of fleas, tried to bite, after handling onto tree/wall, short vocalization, ran away;;387
05.09.2024;Autumn;7;9:00:00 AM;9:17:00 AM;Lilienthal;B_Lilie_06;817EED1;Alina;NA;capture;f;NA;adult;208;180;58.4;NA;NA;NA;520.9;NA;very good;very good;NA;NA;NA;no;NA;NA;yes;yes;yes;21;no;NA;yes;Sciurus_817EED1_AFTER_05/09/24;no;NA;no;NA;yes;Sciurus_817EED1_FUR_05/09/24;no;NA;yes;Sciurus_817EED1_ORAL_05/09/24;yes;Sciurus_817EED1_TISSUE_05/09/24;no;NA;NA;23;sunny;SD.EM.JE.IG.HA;NA;0;NA;fleas, vocalizing after releasing, right up the tree, was really quiet during handling;388;388
05.09.2024;Autumn;7;10:35:00 AM;10:45:00 AM;Lilienthal;B_Lilie_11;80618A8;Gandalf;NA;recapture;m;NA;adult;NA;NA;61.5;NA;5;147.9;581.9;434;very good;very good;NA;NA;NA;no;NA;NA;no;no;no;NA;no;NA;no;NA;no;NA;no;NA;no;NA;no;NA;no;NA;no;NA;no;NA;NA;26;sunny;SD.TP.JE.HA.EM.IG;NA;0.5;NA;vocalized after release, went on three afterwards, fleas;;389
06.09.2024;Autumn;7;7:18:00 AM;7:20:00 AM;Treptower_Park;B_Trep_09;8061DA8;Haselnuss;NA;recapture;m;NA;adult;NA;NA;NA;NA ;5;NA;NA;NA;very good;very good;NA;NA;NA;NA;NA;NA;no;no;no;NA;no;NA;no;NA;no;NA;no;NA;no;NA;no;NA;no;NA;no;NA;no;NA;NA;20;sunny;SD.JE ;NA;0.5;NA;tried to bite, took some time to get into bag, went directly into shrubs after release;;390
06.09.2024;Autumn;7;7:36:00 AM;7:54:00 AM;Treptower_Park;B_Trep_05;8049A4F;Simon;NA;capture;m;NA;subadult;215;174;56;NA;5;147.9;503;355.1;very good;very good;NA;NA;NA;no;NA;NA;yes;yes;no;NA;no;NA;yes;Sciurus_8049A4F_AFTER_06/09/24;no;NA;no;NA;yes;Sciurus_8049A4F_FUR_06/09/24;no;NA;yes;Sciurus_8049A4F_ORAL_06/09/24;yes;Sciurus_8049A4F_TISSUE_06/09/24;no;NA;NA;20;sunny;SD.JE.HA ;NA;1;NA;struggled a lot before going inside, took a long time, vocalizing while handling, directly on tree after release, then on ground ;391;391
06.09.2024;Autumn;7;8:05:00 AM;8:13:00 AM;Treptower_Park;B_Trep_04;8049BA9;Aurora;NA;recapture;f;NA;adult;NA;NA;NA;NA;5;147.9;505.8;357.9;very good;very good;NA;NA;NA;no;NA;NA;no;no;no;NA;no;NA;no;NA;no;NA;no;NA;no;NA;no;NA;no;NA;no;NA;no;NA;NA;21;sunny;SD.JE.TP.HA.IG ;NA;0;NA;went into scrubs, no vocalizing, running around afterwards;;392
06.09.2024;Autumn;7;8:22:00 AM;8:32:00 AM;Treptower_Park;B_Trep_14;8043A46;Boyle;NA;recapture;m;NA;adult;241;176;63.3;NA;5;147.9;545.2;397.3;very good;very good;NA;NA;NA;no;NA;NA;no;no;no;NA;no;NA;no;NA;no;NA;no;NA;no;NA;no;NA;no;NA;no;NA;no;NA;NA;21;sunny;SD.JE.TP.IG ;NA;1;NA;straight up the tree, vocalizing;;393
06.09.2024;Autumn;7;9:22:00 AM;9:30:00 AM;Treptower_Park;B_Trep_14;8174D3B;Alvin;NA;recapture;m;NA;adult;NA;NA;60;NA;NA;NA;503.6;NA;very good;very good;NA;NA;NA;no;NA;NA;no;no;no;NA;no;NA;no;NA;no;NA;no;NA;no;NA;no;NA;no;NA;no;NA;no;NA;NA;22;sunny;SD.JE.TP.IG ;NA;1.5;NA;fleas, escaped when handling ended as IG tried to hold him outside of bag, ran away after, vocals, jumping power;;394
06.09.2024;Autumn;7;9:41:22 AM;9:50:00 AM;Treptower_Park;B_Trep_05;805FC14;Klausi;NA;recapture;m;NA;adult;207;175;55.7;NA;5;147.9;512.5;364.6;very good;very good;NA;NA;NA;no;NA;NA;no;no;no;NA;no;NA;no;NA;no;NA;no;NA;no;NA;no;NA;no;NA;no;NA;no;NA;NA;22;sunny;SD.JE.HA ;NA;0;NA;running on a tree, without vocalization;;395
06.09.2024;Autumn;7;10:03:00 AM;10:20:00 AM;Treptower_Park;B_Trep_08;815E53E;Paul;NA;capture;m;NA;adult;235;180;55.9;NA;5;147.9;443.3;295.4;very good;very good;NA;NA;NA;no;NA;NA;no;no;no;NA;no;NA;yes;Sciurus_815E53E_AFTER_06/09/24;no;NA;no;NA;yes;Sciurus_815E53E_FUR_06/09/24;no;NA;yes;Sciurus_815E53E_ORAL_06/09/24;yes;Sciurus_815E53E_TISSUE_06/09/24;no;NA;NA;24;sunny;SD.JE.TP.IG ;NA;0.5;NA;no testicles visible, vocalized when released, fleas ;396;396
06.09.2024;Autumn;7;10:35:00 AM;10:43:00 AM;Treptower_Park;B_Trep_11;8061D65;Uwe;NA;recapture;m;NA;adult;NA;NA;NA;NA;3;163;570.5;407.5;very good;very good;NA;NA;NA;no;NA;NA;no;no;no;NA;no;NA;no;NA;no;NA;no;NA;no;NA;no;NA;no;NA;no;NA;no;NA;NA;23;sunny;SD.JE.HA.IG ;NA;1;NA;a little vocalization, directly to the tree;;397
06.09.2024;Autumn;7;10:52:00 AM;11:00:00 AM;Treptower_Park;B_Trep_09;8049A81;Theodore;NA;recapture;m;NA;adult;NA;NA;NA;NA;3;163;533.6;370.6;very good;very good;NA;NA;NA;no;NA;NA;no;no;no;NA;no;NA;no;NA;no;NA;no;NA;no;NA;no;NA;no;NA;no;NA;no;NA;NA;24;sunny;SD.JE.IG ;NA;0;NA;NA;;398
06.09.2024;Autumn;7;11:12:00 AM;11:23:00 AM;Treptower_Park;B_Trep_03;7F24FC4;Hummus;NA;recapture;f;NA;adult;248;185;59.5;NA;NA;NA;626.1;NA;very good;very good;NA;NA;NA;no;NA;NA;no;no;no;NA;no;NA;yes;Sciurus_7F24FC4_AFTER_06/09/24;no;NA;no;NA;yes;Sciurus_7F24FC4_FUR_06/09/24;no;NA;yes;Sciurus_7F24FC4_ORAL_06/09/24;no;NA;no;NA;NA;25;sunny;SD.JE.TP.IG ;NA;0.5;NA;probably lactating, red nipples, on tree and vocalized after release/holding outside of bag;;399
06.09.2024;Autumn;7;11:43:00 AM;11:56:00 AM;Treptower_Park;B_Trep_08;815E3CB;Stitch;NA;capture;m;NA;adult;229;182;58.1;NA;NA;NA;546.8;NA;very good;very good;NA;NA;NA;no;NA;NA;yes;yes;yes;12;no;NA;yes;Sciurus_815E3CB_AFTER_06/09/24;no;NA;no;NA;yes;Sciurus_815E3CB_FUR_06/09/24;no;NA;yes;Sciurus_815E3CB_ORAL_06/09/24;yes;Sciurus_815E3CB_TISSUE_06/09/24;no;NA;NA;26;sunny;SD.JE.TP;NA;0.5;NA;fleas, vocalized while handling, fast heartbeat ;400;400
06.09.2024;Autumn;7;12:09:00 PM;12:21:00 PM;Treptower_Park;B_Trep_15;8047F12;Kathi;NA;capture;f;NA;subadult;211;175;57.7;NA;3;163;494.4;331.4;NA;NA;NA;NA;NA;no;NA;NA;no;yes;no;NA;no;NA;yes;Sciurus_8047F12_AFTER_06/09/24;no;NA;no;NA;yes;Sciurus_8047F12_FUR_06/09/24;no;NA;yes;Sciurus_8047F12_ORAL_06/09/24;yes;Sciurus_8047F12_TISSUE_06/09/24;no;NA;NA;27;sunny;SD.TP.JE.IG ;NA;0.5;NA;fleas, vocalized, went up trees afterwards;401;401
11.09.2024;Autumn;7;8:25:00 AM;8:35:00 AM;Rahnsdorf;B_Rahn_11;817DA96;Loki;NA;recapture;m;NA;adult;215;168;58;NA;5;147.9;510.9;363;very good;very good;NA;NA;NA;no;NA;NA;no;no;no;NA;no;NA;no;NA;no;NA;no;NA;no;NA;no;NA;no;NA;no;NA;no;NA;NA;16;rainy;SD.IG.HA.EM.TP;NA;0;NA;went up in the tree, not vocalizing;;402
11.09.2024;Autumn;7;9:06:00 AM;9:19:00 AM;Rahnsdorf;B_Rahn_03;8172614;Flora;NA;recapture;f;lactating;adult;230;195;56.6;NA;5;147.9;580.4;432.5;very good;very good;NA;NA;NA;no;NA;NA;no;no;no;NA;no;NA;yes;Sciurus_8172614_AFTER_11/09/24;no;NA;no;NA;no;NA;no;NA;no;NA;no;NA;no;NA;NA;16;cloudy;SD.IG.HA.EM.TP ;NA;0;NA;fleas a lot, lactating, wound on nose (maybe a bite);;403
11.09.2024;Autumn;7;9:30:00 AM;9:44:00 AM;Rahnsdorf;B_Rahn_09;7F24F99;Juno;NA;recapture;f;NA;adult;244;177;60.3;NA;NA;NA;578;NA;very good;very good;NA;NA;NA;no;NA;NA;no;no;no;NA;yes;Sciurus_7F24F99_FAECES_11/09/24;yes;Sciurus_7F24F99_AFTER_11/09/24;no;NA;no;NA;no;NA;no;NA;no;NA;no;NA;no;NA;NA;17;cloudy;SD.IG.HA.TP.EM;NA;0.5;NA;fleas, vocalized, went on tree;;404
12.09.2024;Autumn;7;7:12:00 AM;7:15:00 AM;Lilienthal;B_Lilie_11;817EED1;Alina;NA;recapture;f;NA;adult;NA;NA;NA;NA ;5;147.9;538.2;390.3;very good;very good;NA;NA;NA;NA;NA;NA;no;no;no;NA;no;NA;no;NA;no;NA;no;NA;no;NA;no;NA;no;NA;no;NA;no;NA;NA;10;sunny;SD.IG.HA ;NA;0;NA;vocalizing in and out the bag;;405
12.09.2024;Autumn;7;7:33:00 AM;7:48:00 AM;Lilienthal;B_Lilie_04;817FABF;Bert ;NA;capture;m;NA;adult;258;146;56.8;NA ;5;147.9;497.8;349.9;very good;very good;NA;NA;NA;NA;NA;NA;yes;yes;yes;6;no;NA;yes;Sciurus_817FABF_AFTER_12/09/24;no;NA;no;NA;yes;Sciurus_817FABF_FUR_12/09/24;no;NA;yes;Sciurus_817FABF_ORAL_12/09/24;yes;Sciurus_817FABF_TISSUE_12/09/24;no;NA;NA;11;cloudy_dry_sunny;SD.TP.HA.IG.EM;NA;0;NA;vocalized after bag;406;406
12.09.2024;Autumn;7;8:08:00 AM;8:14:00 AM;Lilienthal;B_Lilie_06;804C8B8;Alio;NA;recapture;m;NA;adult;216;NA;NA;NA ;5;147.9;529.5;381.6;very good;very good;NA;NA;NA;NA;NA;NA;no;no;no;NA;no;NA;no;NA;no;NA;no;NA;no;NA;no;NA;no;NA;no;NA;no;NA;NA;11;cloudy_dry_sunny;SD.HA.EM.IG.TP;NA;0;NA;very still while handling, no vocalizing, went on tree afterwards;;407
12.09.2024;Autumn;7;8:24:00 AM;8:34:00 AM;Lilienthal;B_Lilie_01;804804E;Renate;NA;recapture;f;NA;adult;245;171;53;NA ;5;147.9;527.5;379.6;very good;very good;NA;NA;NA;NA;NA;NA;no;no;no;NA;no;NA;yes;Sciurus_804804E_AFTER_12/09/24;no;NA;no;NA;yes;Sciurus_804804E_FUR_12/09/24;no;NA;yes;Sciurus_804804E_ORAL_12/09/24;no;NA;no;NA;NA;10;sunny_cloudy;SD.IG.EM.TP.HA;NA;2.5;NA;vocalizing in bag, fleas, outside of the bag quite, did not bite;;408
12.09.2024;Autumn;7;9:03:00 AM;9:12:00 AM;Lilienthal;B_Lilie_09;805BE16;Galadriel;NA;recapture;f;non;adult;225;173;59.6;NA ;5;147.9;591.8;443.9;very good;very good;NA;NA;NA;NA;NA;NA;no;no;no;NA;no;NA;yes;Sciurus_8047EC4_AFTER_12/09/24;no;NA;no;NA;yes;Sciurus_8047EC4_FUR_12/09/24;no;NA;yes;Sciurus_8047EC4_ORAL_12/09/24;no;NA;no;NA;NA;10;dry;SD.TP.IG.HA.EM ;NA;1.5;NA;"changed sex, wounds above tail, vocalized in the bag ; Name was Raphi (ID 8047EC4) at the beginning, but was changed to Galadriel after the genetic analyses";;409
12.09.2024;Autumn;7;9:23:00 AM;9:30:00 AM;Lilienthal;B_Lilie_05;8047CFF;Cercei;NA;recapture;f;NA;adult;227;NA;NA;NA ;5;147.9;572;424.1;very good;very good;NA;NA;NA;NA;NA;NA;no;no;no;NA;no;NA;no;NA;no;NA;no;NA;no;NA;no;NA;no;NA;no;NA;no;NA;NA;10;cloudy_dry_sunny;SD.IG.HA.EM.TP;NA;0;NA;stuck with claws in bag, vocalizing while running away;;410
12.09.2024;Autumn;7;9:45:00 AM;9:55:00 AM;Lilienthal;B_Lilie_04;808ED84;Olio ;NA;recapture;m;NA;adult;236;161;59.2;NA ;3;163;534.7;371.7;moderate;very good;NA;NA;NA;NA;NA;NA;no;no;no;NA;no;NA;yes;Sciurus_808ED84_AFTER_12/09/24;no;NA;no;NA;yes;Sciurus_808ED84_FUR_12/09/24;no;NA;yes;Sciurus_808ED84_ORAL_12/09/24;no;NA;no;NA;NA;10;dry;SD.IG.HA ;NA;1.5;NA;wounds above tail, fleas, old nose wound, brown/red oral swab, no vocalization;;411
12.09.2024;Autumn;7;10:25:00 AM;10:38:00 AM;Lilienthal;B_Lilie_02;81729F6;Aloy;NA;capture;f;NA;adult;227;175;56;NA ;NA;NA;505;NA;good;very good;NA;NA;NA;NA;NA;NA;no;no;no;NA;no;NA;yes;Sciurus_81729F6_AFTER_12/09/24;no;NA;no;NA;yes;Sciurus_81729F6_FUR_12/09/24;no;NA;yes;Sciurus_81729F6_ORAL_12/09/24;yes;Sciurus_81729F6_TISSUE_12/09/24;no;NA;NA;12;dry;SD.TP.EM.HA.IG;NA;0;NA;missing piece of ear, not much fur there too, very active in cage, banging head against it etc., fleas, little screek noise while release, went very fast on tree after release;412;412
12.09.2024;Autumn;7;10:48:00 AM;11:00:00 AM;Lilienthal;B_Lilie_04;8049F6A;Ernie;NA;capture;m;NA;adult;210;185;55.2;NA ;3;163;549.5;386.5;very good;very good;NA;NA;NA;NA;NA;NA;yes;yes;yes;12;no;NA;yes;Sciurus_8049F6A_AFTER_12/09/24;no;NA;no;NA;yes;Sciurus_8049F6A_FUR_12/09/24;no;NA;yes;Sciurus_8049F6A_ORAL_12/09/24;yes;Sciurus_8049F6A_TISSUE_12/09/24;no;NA;NA;12;dry_sunny;SD.TP.HA.EM ;NA;1;NA;vocalized, went on tree, bag was not properly opened for release so it struggled there, roughed-up ear;413;413
12.09.2024;Autumn;7;11:10:00 AM;11:15:00 AM;Lilienthal;B_Lilie_01;80618A8;Gandalf;NA;recapture;m;NA;adult;NA;NA;NA;NA ;5;147.9;581.6;433.7;very good;very good;NA;NA;NA;NA;NA;NA;no;no;no;NA;no;NA;no;NA;no;NA;no;NA;no;NA;no;NA;no;NA;no;NA;no;NA;NA;12;dry_sunny;SD.IG.EM.TP ;NA;0;NA;NA;;414
13.09.2024;Autumn;7;7:24:00 AM;7:32:00 AM;Treptower_Park;B_Trep_15;806170D;Valentine;NA;recapture;m;NA;adult;231;184;59.3;NA ;NA;NA;568.3;NA;very good;very good;NA;NA;NA;NA;NA;NA;no;no;no;NA;no;NA;yes;Sciurus_806170D_AFTER_13/09/24;no;NA;no;NA;yes;Sciurus_806170D_FUR_13/09/24;no;NA;yes;Sciurus_806170D_ORAL_13/09/24;no;NA;no;NA;NA;10;NA;SD.AB.IG ;NA;0;NA;Hund kam während Handling, kam aber nicht zum Eichhörnchen, no vocalizing, went into the bushes;;415
13.09.2024;Autumn;7;8:09:00 AM;8:11:00 AM;Treptower_Park;B_Trep_08;7F2528F;Lou;NA;recapture;m;NA;adult;NA;NA;NA;NA ;3;163;478.6;315.6;very good;very good;NA;NA;NA;NA;NA;NA;no;no;no;NA;no;NA;no;NA;no;NA;no;NA;no;NA;no;NA;no;NA;no;NA;no;NA;NA;10;cloudy_dry;SD.AG.IG ;NA;0;NA;NA;;416
13.09.2024;Autumn;7;8:24:00 AM;8:26:00 AM;Treptower_Park;B_Trep_03;817DF33;Chani ;NA;recapture;f;NA;adult;NA;NA;NA;NA ;5;147.9;556;408.1;very good;very good;NA;NA;NA;NA;NA;NA;no;no;no;NA;no;NA;no;NA;no;NA;no;NA;no;NA;no;NA;no;NA;no;NA;no;NA;NA;11;cloudy_dry;SD.AB.IG ;NA;0;NA;no vocalizing in and outside, went into the bushes;;417
13.09.2024;Autumn;7;8:35:00 AM;8:40:00 AM;Treptower_Park;B_Trep_14;8174D3B;Alvin;NA;recapture;m;NA;adult;NA;NA;NA;NA ;3;163;520.5;357.5;very good;very good;NA;NA;NA;NA;NA;NA;no;no;no;NA;yes;Sciurus_8174D3B_FAECES_13/09/24;no;NA;no;NA;no;NA;no;NA;no;NA;no;NA;no;NA;no;NA;NA;11;cloudy_dry;AB.SD.SK.IG ;NA;0.5;NA;went into bushes without vocalizing, moved in bag, without vocalization;;418
13.09.2024;Autumn;7;8:45:00 AM;8:49:00 AM;Treptower_Park;B_Trep_09;8061DA8;Haselnuss;NA;recapture;m;NA;adult;NA;NA;NA;NA ;3;163;NA;NA;very good;very good;NA;NA;NA;NA;NA;NA;no;no;no;NA;yes;Sciurus_8061DA8_FAECES_13/09/24;no;NA;no;NA;no;NA;no;NA;no;NA;no;NA;no;NA;no;NA;NA;10;cloudy_dry;SD.IG.HA.EM.AB ;NA;0;NA;vocalizing while taken out, shaking inside the bag;;419
13.09.2024;Autumn;7;8:53:00 AM;8:56:00 AM;Treptower_Park;B_Trep_04;8049BA9;Aurora;NA;recapture;f;NA;adult;NA;NA;NA;NA ;3;163;527.4;364.4;very good;very good;NA;NA;NA;NA;NA;NA;no;no;no;NA;no;NA;no;NA;no;NA;no;NA;no;NA;no;NA;no;NA;no;NA;no;NA;NA;11;cloudy_dry;SD.HA.EM.SK ;NA;0;NA;no vocalization in and outside, went into the bushes ;;420
13.09.2024;Autumn;7;9:05:00 AM;9:19:00 AM;Treptower_Park;B_Trep_05;8160B7A;Tiana;NA;capture;f;NA;adult;NA;179;NA;NA ;NA;NA;NA;NA;NA;NA;NA;NA;NA;NA;NA;NA;yes;yes;yes;27;no;NA;no;NA;no;NA;no;NA;yes;Sciurus_8160B7A_FUR_13/09/24;no;NA;yes;Sciurus_8160B7A_ORAL_13/09/24;yes;Sciurus_8160B7A_TISSUE_13/09/24;no;NA;NA;11;cloudy_dry;SD.SK.HA.EM ;NA;2.5;NA;vocalizing a lot in the bag, moved a lot in the bag, running on a tree, without vocalizing;421;421
13.09.2024;Autumn;7;9:34:00 AM;9:37:00 AM;Treptower_Park;B_Trep_16;8061BA3;Finn;NA;recapture;m;NA;adult;NA;NA;NA;NA ;5;147.9;570.8;422.9;very good;very good;NA;NA;NA;NA;NA;NA;no;no;no;NA;yes;Sciurus_8061BA3_FAECES_13/09/24;no;NA;no;NA;no;NA;no;NA;no;NA;no;NA;no;NA;no;NA;NA;12;cloudy;SD.SK.EM.IG.HA.AB ;NA;0.5;NA;vocalized (screamed) in trap and while taking him out ;;422
13.09.2024;Autumn;7;9:55:00 AM;10:10:00 AM;Treptower_Park;B_Trep_04;817E733;Cinderella;NA;capture;f;NA;adult;211;171;58;NA ;5;147.9;504;356.1;NA;NA;NA;NA;NA;NA;NA;NA;no;yes;yes;6;yes;Sciurus_817E733_FAECES_13/09/24;yes;Sciurus_817E733_AFTER_13/09/24;no;NA;no;NA;yes;Sciurus_817E733_FUR_13/09/24;no;NA;yes;Sciurus_817E733_ORAL_13/09/24;yes;Sciurus_817E733_TISSUE_13/09/24;no;NA;NA;12;cloudy;SD.SK.HA.EM ;NA;1;NA;vocalized a lot, maybe juvenile;423;423
13.09.2024;Autumn;7;10:24:00 AM;10:40:00 AM;Treptower_Park;B_Trep_09;817FF43;Prince Charming;NA;capture;m;NA;adult;236;178;58.5;NA ;5;147.9;545.4;397.5;very good;very good;NA;NA;NA;NA;NA;NA;yes;yes;no;NA;no;NA;yes;Sciurus_817FF43_AFTER_13/09/24;no;NA;no;NA;yes;Sciurus_817FF43_FUR_13/09/24;no;NA;yes;Sciurus_817FF43_ORAL_13/09/24;yes;Sciurus_817FF43_TISSUE_13/09/24;no;NA;NA;12;cloudy_dry;SD.SK.EM;NA;0.5;NA;vocalizing in the bag;424;424
13.09.2024;Autumn;7;10:51:00 AM;10:55:00 AM;Treptower_Park;B_Trep_11;8061D65;Uwe;NA;recapture;m;NA;adult;NA;NA;NA;NA ;5;147.9;582.9;435;very good;very good;NA;NA;NA;NA;NA;NA;no;no;no;NA;yes;Sciurus_8061D65_FAECES_13/09/24;no;NA;no;NA;no;NA;no;NA;no;NA;no;NA;no;NA;no;NA;NA;13;cloudy_dry;SD.SK.AB.EM.IG.HA ;NA;0;NA;was really fast when letting him out of the bag ;;425
13.09.2024;Autumn;7;11:05:00 AM;11:17:00 AM;Treptower_Park;B_Trep_16;817F22B;Snow White;NA;capture;f;NA;adult;210;174;53.4;NA ;5;147.9;507.2;359.3;very good;very good;NA;NA;NA;NA;NA;NA;yes;yes;no;NA;no;NA;yes;Sciurus_817F228_AFTER_13/09/24;no;NA;no;NA;yes;Sciurus_817F228_FUR_13/09/24;no;NA;yes;Sciurus_817F228_ORAL_13/09/24;yes;Sciurus_817F228_TISSUE_13/09/24;no;NA;NA;13;cloudy_dry;SD.IG.HA.EM.AB.SK ;NA;1;NA;fleas/ants, lots of vocalizing during handling;426;426
13.09.2024;Autumn;7;11:34:00 AM;11:37:00 AM;Treptower_Park;B_Trep_14;7F24FC4;Hummus;NA;recapture;f;NA;adult;NA;NA;NA;NA ;5;147.9;583.9;436;very good;very good;NA;NA;NA;NA;NA;NA;no;no;no;NA;yes;Sciurus_7F24FC4_FAECES_13/09/24;no;NA;no;NA;no;NA;no;NA;no;NA;no;NA;no;NA;no;NA;NA;14;cloudy_dry;SD.SK.IG.EM.AB ;NA;0;NA;vocalized after handling, when letting her out of the bag;;427
13.09.2024;Autumn;7;11:51:00 AM;11:54:00 AM;Treptower_Park;B_Trep_08;815E3CB;Stitch;NA;recapture;m;NA;adult;NA;NA;NA;NA ;5;147.9;517.3;369.4;very good;very good;NA;NA;NA;NA;NA;NA;no;no;no;NA;no;NA;no;NA;no;NA;no;NA;no;NA;no;NA;no;NA;no;NA;no;NA;NA;14;dry_cloudy;SD.SK.IG.EM.AB ;NA;0;NA;no vocalizing in and outside bag;;428
18.09.2024;Autumn;7;8:12:00 AM;8:17:00 AM;Lilienthal;B_Lilie_01;804804E;Renate;NA;recapture;f;NA;adult;NA;NA;NA;NA ;3;163;545.5;382.5;very good;very good;NA;NA;NA;NA;NA;NA;no;no;no;NA;no;NA;no;NA;no;NA;no;NA;no;NA;no;NA;no;NA;no;NA;no;NA;NA;17;cloudy_windy_dry;SD.IG.HA;NA;1.5;NA;no vocalization, moved a lot;;429
18.09.2024;Autumn;7;8:37:00 AM;8:55:00 AM;Lilienthal;B_Lilie_02;8160575;Doris;NA;capture;f;NA;adult;226;175;56.9?;NA ;3;163;543.4;380.4;good;very good;NA;NA;NA;NA;NA;NA;yes;yes;yes;30;yes;Sciurus_8160575_FAECES_18/09/24;yes;Sciurus_8160575_AFTER_18/09/24;no;NA;no;NA;yes;Sciurus_8160575_FUR_18/09/24;no;NA;yes;Sciurus_8160575_ORAL_18/09/24;yes;Sciurus_8160575_TISSUE_18/09/24;no;NA;NA;19;cloudy_dry_sunny;SD.IG.HA ;NA;0;NA;fleas, wound on nose, immediately in tree, vocalisation after a bit;430;430
18.09.2024;Autumn;7;9:03:00 AM;9:13:00 AM;Lilienthal;B_Lilie_04;8049CF8;Johanna;NA;recapture;f;couldn't see;adult;235;171;55;NA ;3;163;539.2;376.2;very good;very good;NA;NA;NA;NA;NA;NA;no;no;no;NA;no;NA;yes;Sciurus_8049CF8_AFTER_18/09/24;no;NA;no;NA;yes;Sciurus_8049CF8_FUR_18/09/24;no;NA;yes;Sciurus_8049CF8_ORAL_18/09/24;no;NA;no;NA;NA;17;cloudy_dry;SD.IG.HA ;NA;1.5;NA;fleas, no vocalizing;;431
18.09.2024;Autumn;7;9:27:00 AM;9:31:00 AM;Lilienthal;B_Lilie_11;817EED1;Alina;NA;recapture;f;NA;adult;NA;NA;NA;NA ;5;147.9;536.9;389;very good;very good;NA;NA;NA;NA;NA;NA;no;no;no;NA;yes;Sciurus_817EED1_FAECES_18/09/24;no;NA;no;NA;no;NA;no;NA;no;NA;no;NA;no;NA;no;NA;NA;18;cloudy_dry;SD.IG.HA;NA;0;NA;vocalized in the bag when touching her;;432
18.09.2024;Autumn;7;9:47:00 AM;9:59:00 AM;Lilienthal;B_Lilie_03;8049B46;Bones;NA;recapture;m;NA;adult;230;167;59.5;NA ;5;147.9;536.7;388.8;moderate;good;NA;NA;NA;NA;NA;NA;no;no;no;NA;no;NA;yes;Sciurus_8049B46_AFTER_18/09/24;no;NA;no;NA;yes;Sciurus_8049B46_FUR_18/09/24;no;NA;yes;Sciurus_8049B46_ORAL_18/09/24;no;NA;no;NA;NA;18;cloudy_dry_windy;SD.IG.HA.TP;NA;0.5;NA;dandruff, wound at snout, abcess, pictures available -> probably bitten, no vocalizing;;433
18.09.2024;Autumn;7;10:09:00 AM;10:19:00 AM;Lilienthal;B_Lilie_01;806230F;Drops;NA;recapture;m;NA;adult;230;175;58.9;NA ;5;147.9;569.8;421.9;very good;very good;NA;NA;NA;NA;NA;NA;no;no;no;NA;no;NA;yes;Sciurus_806230F_AFTER_18/09/24;no;NA;no;NA;yes;Sciurus_806230F_FUR_18/09/24;no;NA;yes;Sciurus_806230F_ORAL_18/09/24;no;NA;no;NA;NA;18;cloudy_dry_windy;SD.IG.HA.TP.NP ;NA;1;NA;fleas, vocalizing during oral swab, active in bag, vocalized after release, went on tree + wall directly;;434
18.09.2024;Autumn;7;10:28:00 AM;10:45:00 AM;Lilienthal;B_Lilie_08;815F771;Varl;NA;capture;m;NA;juvenile;194;176;51.4;NA ;5;147.9;458.7;310.8;very good;very good;NA;NA;NA;NA;NA;NA;yes;yes;yes;36;no;NA;yes;Sciurus_815F771_AFTER_18/09/24;no;NA;no;NA;yes;Sciurus_815F771_FUR_18/09/24;no;NA;yes;Sciurus_815F771_ORAL_18/09/24;yes;Sciurus_815F771_TISSUE_18/09/24;no;NA;NA;18;foggy_sunny_dry;SD.TP.NP.HA.IG;NA;0;NA;squirrel feels tiny;435;435
18.09.2024;Autumn;7;10:56:00 AM;11:07:00 AM;Lilienthal;B_Lilie_09;805BE16;Galadriel;NA;recapture;f;NA;adult;230;176;59.2;NA ;5;147.9;593.9;446;very good;very good;NA;NA;NA;NA;NA;NA;no;no;no;NA;yes;Sciurus_8047EC4_FAECES_18/09/24;no;NA;no;NA;no;NA;no;NA;no;NA;no;NA;no;NA;no;NA;NA;18;dry_sunny;SD.IG.HA.TP.NP ;NA;0;NA;"wound above tail is healing well, took a while to get in bag, no vocalizing; Name was Raphi (ID 8047EC4) at the beginning, but was changed to Galadriel after the genetic analyses";;436
18.09.2024;Autumn;7;11:31:00 AM;11:34:00 AM;Lilienthal;B_Lilie_10;817EED1;Alina;NA;recapture;f;NA;adult;213;185;49.6;NA ;5;147.9;534.9;387;very good;very good;NA;NA;NA;NA;NA;NA;no;no;no;NA;yes;Sciurus_817EED1_FAECES_18/09/24;no;NA;no;NA;no;NA;no;NA;no;NA;no;NA;no;NA;no;NA;NA;18;sunny;SD.IG.HA.TP.NP;NA;0;NA;vocalise in bag + when running away, immediately in tree;;437
21.09.2024;Autumn;7;7:40:00 AM;7:45:00 AM;Rahnsdorf;B_Rahn_05;817DA96;Loki;NA;recapture;m;NA;adult;209;167;NA;NA ;5;147.9;512.4;364.5;very good;very good;NA;NA;NA;NA;NA;NA;no;no;no;NA;no;NA;no;NA;no;NA;no;NA;no;NA;no;NA;no;NA;no;NA;no;NA;NA;10;dry;SD.IG.HA.TP ;NA;0;NA;vocalizing + straight up tree after release;;438
21.09.2024;Autumn;7;7:59:00 AM;8:07:00 AM;Rahnsdorf;B_Rahn_09;80624BF;Lian;NA;recapture;m;NA;adult;244;185;58.2;NA ;5;147.9;562.7;414.8;very good;very good;NA;NA;NA;NA;NA;NA;no;no;no;NA;no;NA;yes;Sciurus_80624BF_AFTER_21/09/24;no;NA;no;NA;yes;Sciurus_80624FBF_FUR_21/09/24;no;NA;yes;Sciurus_80624BF_ORAL_21/09/24;no;NA;no;NA;NA;10;dry;SD.IG.HA.TP ;NA;0.5;NA;tick, very active in bag, tried to bite once, no vocalizing, stayed on floor after release;;439
21.09.2024;Autumn;7;11:10:00 AM;11:18:00 AM;Rahnsdorf;B_Rahn_03;8172614;Flora;NA;recapture;f;lactating;adult;222;193;61.2;NA ;5;147.9;578.4;430.5;very good;very good;NA;NA;NA;NA;NA;NA;no;no;no;NA;yes;Sciurus_8172614_FAECES_21/09/24;no;NA;no;NA;no;NA;no;NA;no;NA;no;NA;no;NA;no;NA;NA;18;dry_sunny;SD.TP.HA.IG ;NA;0;NA;vocalizing + on tree after release, small wound on forehead, bite into glove while holding outside bag;;440
23.09.2024;Autumn;7;7:41:00 AM;7:46:00 AM;Treptower_Park;B_Trep_06;806170D;Valentine;NA;recapture;m;NA;adult;236;180;NA;NA ;5;147.9;575.7;427.8;very good;very good;NA;NA;NA;NA;NA;NA;no;no;no;NA;no;NA;no;NA;no;NA;no;NA;no;NA;no;NA;no;NA;no;NA;no;NA;NA;11;dry;SD.TP.IG ;NA;0;NA;vocalized after release +went on tree, flea;;441
23.09.2024;Autumn;7;8:01:00 AM;8:06:00 AM;Treptower_Park;B_Trep_04;817E733;Cinderella;NA;recapture;f;NA;adult;205;172;58;NA ;5;147.9;514.7;366.8;very good;very good;NA;NA;NA;NA;NA;NA;no;no;no;NA;no;NA;no;NA;no;NA;no;NA;no;NA;no;NA;no;NA;no;NA;no;NA;NA;11;dry;SD.TP.IG.HA ;NA;0;NA;vocalized little bit in bag;;442
23.09.2024;Autumn;7;8:16:00 AM;8:23:00 AM;Treptower_Park;B_Trep_05;805FC14;Klausi;NA;recapture;m;NA;adult;214;171;53.9;NA ;5;147.9;520.6;372.7;very good;very good;NA;NA;NA;NA;NA;NA;no;no;no;NA;yes;Sciurus_805FC14_FAECES_23/09/24;no;NA;no;NA;no;NA;no;NA;no;NA;no;NA;no;NA;no;NA;NA;11;dry;SD.HA.TP.IG ;NA;0.5;NA;vocalized in bag, went straight on tree ;;443
23.09.2024;Autumn;7;8:40:00 AM;8:45:00 AM;Treptower_Park;B_Trep_03;8174D3B;Alvin;NA;recapture;m;NA;adult;240;159;58.8;NA ;5;147.9;513.6;365.7;very good;very good;NA;NA;NA;NA;NA;NA;no;no;no;NA;yes;Sciurus_8174D3B_FAECES_23/09/24;no;NA;no;NA;no;NA;no;NA;no;NA;no;NA;no;NA;no;NA;NA;13;dry_sunny;SD.TP.IG ;NA;0;NA;fleas, no vocalizing ;;444
23.09.2024;Autumn;7;9:34:00 AM;9:40:00 AM;Treptower_Park;B_Trep_03;817DF33;Chani ;NA;recapture;f;NA;adult;236;157;60.1;NA ;5;147.9;562.2;414.3;very good;very good;NA;NA;NA;NA;NA;NA;no;no;no;NA;yes;Sciurus_817DF33_FAECES_23/09/24;no;NA;no;NA;no;NA;no;NA;no;NA;no;NA;no;NA;no;NA;NA;16;dry_sunny;SD.TP.IG ;NA;1;NA;vocalized after release ;;445
23.09.2024;Autumn;7;10:19:00 AM;10:25:00 AM;Treptower_Park;B_Trep_04;8049BA9;Aurora;NA;recapture;f;NA;adult;217;171;55.6;NA ;5;147.9;525.3;377.4;very good;very good;NA;NA;NA;NA;NA;NA;no;no;no;NA;no;NA;no;NA;no;NA;no;NA;no;NA;no;NA;no;NA;no;NA;no;NA;NA;17;dry_sunny;SD.TP.IG.HA ;NA;0.5;NA;fleas, vocalized in bag + after release ;;446
23.09.2024;Autumn;7;10:40:00 AM;10:46:00 AM;Treptower_Park;B_Trep_14;8043A46;Boyle ;NA;recapture;m;NA;adult;223;177;59;NA ;5;147.9;546.4;398.5;very good;very good;NA;NA;NA;NA;NA;NA;no;no;no;NA;no;NA;no;NA;no;NA;no;NA;no;NA;no;NA;no;NA;no;NA;no;NA;NA;18;dry_sunny ;SD.TP.IG ;NA;0;NA;vocalized + on tree afterwards ;;447
23.09.2024;Autumn;7;11:01:00 AM;11:05:00 AM;Treptower_Park;B_Trep_11;8049A4F;Simon;NA;recapture;m;NA;subadult;215;NA;NA;NA ;3;163;534;371;NA;NA;NA;NA;NA;NA;NA;NA;no;no;no;NA;yes;Sciurus_8049A4F_FAECES_23/09/24;no;NA;no;NA;no;NA;no;NA;no;NA;no;NA;no;NA;no;NA;NA;19;dry_sunny;SD.IG.HA ;NA;0;NA;vocalized when going out the bag, climbed in tree;;448
23.09.2024;Autumn;7;11:22:00 AM;11:32:00 AM;Treptower_Park;B_Trep_05;8160B7A;Tiana;NA;recapture;f;NA;adult;237;177;54.7;NA;3;163;558.3;395.3;NA;NA;NA;NA;NA;NA;NA;NA;no;no;no;NA;yes;Sciurus_8160B7A_FAECES_23/09/24;yes;Sciurus_8160B7A_AFTER_23/09/24;no;NA;no;NA;no;NA;no;NA;yes;Sciurus_8160B7A_ORAL_23/09/24;no;NA;no;NA;NA;18;dry_sunny;SD.IG.HA ;NA;1;NA;fleas, no vocalizing ;;449
23.09.2024;Autumn;7;11:45:00 AM;11:52:00 AM;Treptower_Park;B_Trep_16;817F22B;Snow White;NA;recapture;f;NA;adult;234;167;60;NA ;3;163;521.1;358.1;very good;very good;NA;NA;NA;NA;NA;NA;no;no;no;NA;no;NA;no;NA;no;NA;no;NA;no;NA;no;NA;no;NA;no;NA;no;NA;NA;20;dry_sunny;SD.IG.TP.HA ;NA;2;NA;vocalizing in bag, vocalizing and into tree when out of bag, clean girl ;;450
25.09.2024;Autumn;7;7:38:00 AM;7:45:00 AM;Lilienthal;B_Lilie_01;806230F;Drops;NA;recapture;m;NA;adult;265;168;58.3;NA ;3;163;603.2;440.2;very good ;very good;NA;NA;NA;NA;NA;NA;no;no;no;NA;yes;Sciurus_806230F_FAECES_25/09/24;no;NA;no;NA;no;NA;no;NA;no;NA;no;NA;no;NA;no;NA;NA;14;cloudy;SD.CL.AB.VK;NA;0;NA;vocalized during handling, after handling ran into bushes ;;451
25.09.2024;Autumn;7;8:02:00 AM;8:11:00 AM;Lilienthal;B_Lilie_03;8061568;Ruby;NA;recapture;f;NA;adult;234;176;56.6;NA ;3;163;577;414;very good;very good;NA;NA;NA;NA;NA;NA;no;no;no;NA;no;NA;yes;Sciurus_8061568_AFTER_25/09/24;no;NA;no;NA;yes;Sciurus_8061568_FUR_25/09/25;no;NA;yes;Sciurus_8061568_ORAL_25/09/25;no;NA;no;NA;NA;15;cloudy;SD.CL.VK.AB;NA;0;NA;beim Handling 0,0 aber wollte lange nicht in den Beutel;;452
25.09.2024;Autumn;7;8:27:00 AM;8:34:00 AM;Lilienthal;B_Lilie_04;8062525;Amelia;NA;recapture;f;NA;adult;240;180;57.1;NA ;3;163;577.3;414.3;very good;very good;NA;NA;NA;NA;NA;NA;no;no;no;NA;yes;Sciurus_8062525_FAECES_25/09/25;yes;Sciurus_8062525_AFTER_25/09/24;no;NA;no;NA;yes;Sciurus_8062525_FUR_25/09/25;no;NA;yes;Sciurus_8062525_ORAL_25/09/25;no;NA;no;NA;NA;15;cloudy_rainy;SD.CL.AB.VK;NA;0;NA;beim Wegrennen vokalisiert ;;453
25.09.2024;Autumn;7;8:50:00 AM;8:54:00 AM;Lilienthal;B_Lilie_11;80618A8;Gandalf;NA;recapture;m;NA;adult;NA;NA;NA;NA ;3;163;602.4;439.4;very good;very good;NA;NA;NA;NA;NA;NA;no;no;no;NA;no;NA;no;NA;no;NA;no;NA;no;NA;no;NA;no;NA;no;NA;no;NA;NA;15;cloudy_rainy;SD.CL.VK.AB;NA;0;NA;hat kurz vokalisiert beim Freilass, rennt Richtung Baum + klettern auf den Baum;;454
25.09.2024;Autumn;7;9:11:00 AM;9:14:00 AM;Lilienthal;B_Lilie_04;817FABF;Bert ;NA;recapture;m;NA;adult;NA;NA;NA;NA ;3;163;520.8;357.8;very good;very good;NA;NA;NA;NA;NA;NA;no;no;no;NA;yes;Sciurus_817FABF_FAECES_25/09/24;no;NA;no;NA;no;NA;no;NA;no;NA;no;NA;no;NA;no;NA;NA;15;cloudy_rainy;CL.SD.VK.AB;NA;0;NA;no vocalizing;;455
25.09.2024;Autumn;7;9:28:00 AM;9:37:00 AM;Lilienthal;B_Lilie_02;8061C69;Mika;NA;recapture;f;NA;adult;248;177;54.5;NA ;3;163;607.2;444.2;very good;very good;NA;NA;NA;NA;NA;NA;no;no;no;NA;no;NA;yes;Sciurus_8061C69_AFTER_25/09/24;no;NA;no;NA;yes;Sciurus_8061C69_FUR_25/09/25;no;NA;yes;Sciurus_8061C69_ORAL_25/09/25;no;NA;no;NA;NA;16;sunny;SD.CL.AB.VK ;NA;0.5;NA;fleas, no vocalizing after handling;;456
25.09.2024;Autumn;7;9:55:00 AM;9:58:00 AM;Lilienthal;B_Lilie_10;80618A8;Gandalf;NA;recapture;m;NA;adult;NA;NA;NA;NA ;5;147.9;582.1;434.2;very good;very good;NA;NA;NA;NA;NA;NA;no;no;no;NA;no;NA;no;NA;no;NA;no;NA;no;NA;no;NA;no;NA;no;NA;no;NA;NA;16;NA;SD.CL.AB.VK;NA;0;NA;haut über Wiese ab ohne Vocals;;457
25.09.2024;Autumn;7;11:10:00 AM;11:13:00 AM;Lilienthal;B_Lilie_08;805BE16;Galadriel;NA;recapture;f;NA;adult;NA;NA;NA;NA ;5;147.9;616.6;468.7;very good;very good;NA;NA;NA;NA;NA;NA;no;no;no;NA;no;NA;no;NA;no;NA;no;NA;no;NA;no;NA;no;NA;no;NA;no;NA;NA;16;cloudy;SD.CL.VK.AB;NA;0;NA;"no vocalizing; Name was Raphi (ID 8047EC4) at the beginning, but was changed to Galadriel after the genetic analyses";;458
25.09.2024;Autumn;7;11:25:00 AM;11:32:00 AM;Lilienthal;B_Lilie_02;815F8B4;Eduardo;NA;recapture;m;NA;adult;232;173;53.6;NA ;5;147.9;548.4;400.5;very good;very good;NA;NA;NA;NA;NA;NA;no;no;no;NA;no;NA;yes;Sciurus_815F8B4_AFTER_25/09/24;no;NA;no;NA;yes;Sciurus_815F8B4_FUR_25/09/24;no;NA;yes;Sciurus_815F8B4_ORAL_25/09/24;no;NA;no;NA;NA;17;cloudy;SD.CL.AB.VK ;NA;0;NA;fleas,  no vocalizing after handling;;459
27.09.2024;Autumn;7;7:29:00 AM;7:50:00 AM;Lilienthal;B_Lilie_03;815E575;Poebel;NA;recapture;m;NA;adult;224;182;58.4;NA ;5;147.9;533.6;385.7;very good;good;NA;NA;NA;NA;NA;NA;yes;yes;no;NA;yes;Sciurus_815E575_FAECES_27/09/25;yes;Sciurus_815E575_AFTER_27/09/24;no;NA;no;NA;yes;Sciurus_815E575_FUR_27/09/25;no;NA;yes;Sciurus_815E575_ORAL_27/09/25;yes;Sciurus_815E575_TISSUE_27/09/25;no;NA;NA;15;dry_sunny;SD.EM.IG ;NA;1;NA;already 2 holes in the ear, bit his lip?;460;460
27.09.2024;Autumn;7;8:00:00 AM;8:15:00 AM;Lilienthal;B_Lilie_01;805BECE;Erend;NA;capture;m;NA;adult;253;167;59.8;NA ;5;147.9;578.9;431;very good;very good;NA;NA;NA;NA;NA;NA;yes;yes;yes;9;no;NA;yes;Sciurus_805BECE_AFTER_27/09/24;no;NA;no;NA;yes;Sciurus_805BECE_FUR_27/09/25;no;NA;yes;Sciurus_805BECE_ORAL_27/09/25;yes;Sciurus_805BECE_TISSUE_27/09/25;no;NA;NA;15;dry_sunny_windy;SD.IG.EM;NA;0;NA;ears crusted on the edges + eingerissen + small hole (not from us), really old wound;461;461
27.09.2024;Autumn;7;8:26:00 AM;8:30:00 AM;Lilienthal;B_Lilie_10;817EED1;Alina;NA;recapture;f;NA;adult;NA;NA;NA;NA ;3;163;561;398;very good;very good;NA;NA;NA;NA;NA;NA;no;no;no;NA;no;NA;no;NA;no;NA;no;NA;no;NA;no;NA;no;NA;no;NA;no;NA;NA;16;dry_sunny_windy;SD.IG.EM;NA;0;NA;vocalizing in the tree, caught herself up in the bag & got scared;;462
27.09.2024;Autumn;7;8:42:00 AM;8:45:00 AM;Lilienthal;B_Lilie_05;804C8B8;Alio;NA;recapture;m;NA;adult;NA;NA;NA;NA ;3;163;552.6;389.6;very good;very good;NA;NA;NA;NA;NA;NA;no;no;no;NA;no;NA;no;NA;no;NA;no;NA;no;NA;no;NA;no;NA;no;NA;no;NA;NA;16;dry_sunny_windy;SD.IG.EM;NA;0;NA;really calm + quiet inside BUT loudly vocalizing when taken out of the bag, one ear only half left;;463
27.09.2024;Autumn;7;8:55:00 AM;8:58:00 AM;Lilienthal;B_Lilie_02;81729F6;Aloy;NA;recapture;f;NA;adult;NA;NA;NA;NA ;3;163;515.2;352.2;very good;very good;NA;NA;NA;NA;NA;NA;no;no;no;NA;no;NA;no;NA;no;NA;no;NA;no;NA;no;NA;no;NA;no;NA;no;NA;NA;16;dry_windy_sunny;SD.IG.EM;NA;0;NA;no vocalizing;;464
27.09.2024;Autumn;7;9:06:00 AM;9:09:00 AM;Lilienthal;B_Lilie_04;8049CF8;Johanna;NA;recapture;f;NA;adult;NA;NA;NA;NA;3;163;532.5;369.5;very good;very good;NA;NA;NA;NA;NA;NA;no;no;no;NA;no;NA;no;NA;no;NA;no;NA;no;NA;no;NA;no;NA;no;NA;no;NA;NA;17;dry_sunny_windy;SD.IG.EM;NA;0.5;NA;NA;;465
27.09.2024;Autumn;7;9:53:00 AM;9:57:00 AM;Lilienthal;B_Lilie_02;808ED84;Olio;NA;recapture;m;NA;adult;240;169;59.9;NA ;3;163;557.3;394.3;very good;very good;NA;NA;NA;NA;NA;NA;no;no;no;NA;no;NA;no;NA;no;NA;no;NA;no;NA;no;NA;no;NA;no;NA;no;NA;NA;17;dry_windy_sunny;SD.IG.EM;NA;1;NA;vocalising in the bag, went directly up a tree;;466
30.09.2024;Autumn;7;8:15:00 AM;8:18:00 AM;Rahnsdorf;B_Rahn_11;8047E1E;Lori;NA;recapture;f;NA;adult;NA;NA;NA;NA ;5;147.9;598;450.1;very good;very good;NA;NA;NA;NA;NA;NA;no;no;no;NA;yes;Sciurus_8047E1E_FAECES_30/09/24;no;NA;no;NA;no;NA;no;NA;no;NA;no;NA;no;NA;no;NA;NA;7;dry_sunny;SD.TP.HA.NP ;NA;0;NA;no vocalizing in bag, went up on a tree and vocalized;;467
30.09.2024;Autumn;7;8:35:00 AM;8:41:00 AM;Rahnsdorf;B_Rahn_14;817DA96;Loki;NA;recapture;m;NA;adult;221;169;57.1;NA ;5;147.9;521.3;373.4;very good;very good;NA;NA;NA;NA;NA;NA;no;no;no;NA;yes;Sciurus_817DA96_FAECES_30/09/24;no;NA;no;NA;no;NA;no;NA;no;NA;no;NA;no;NA;no;NA;NA;7;dry_sunny;SD.TP.HA.NP ;NA;0;NA;bit in glove at release, started vocalizing when released;;468
30.09.2024;Autumn;7;10:06:00 AM;10:13:00 AM;Rahnsdorf;B_Rahn_09;7F24F99;Juno;NA;recapture;f;NA;adult;232;163;61.2;NA ;5;147.9;576.9;429;NA;NA;NA;NA;NA;NA;NA;NA;no;no;no;NA;yes;Sciurus_7F24F99_FAECES_30/09/24;no;NA;no;NA;no;NA;no;NA;no;NA;no;NA;no;NA;no;NA;NA;7;dry_sunny;SD.HA.TP.NP ;NA;0;NA;tail tip slightly thick, vocalizes when released;;469
02.04.2025;Spring;8;12:00:00 AM;12:02:00;Treptower_Park;B_Trep_15;7F24FC4;Hummus;NA;recapture ;f;NA;adult;NA;NA ;NA;NA ;6;81.8;553.4;471.6;NA;NA;NA;NA;NA;NA;NA;NA;no;no;no;NA;no;NA ;no;NA;no;NA;no;NA;no;NA;no;NA;no;NA;no;NA;no;NA;NA;12;sunny;SD.CL.CP;0;0;3;NA;;470
02.04.2025;Spring;8;12:09:00 AM;12:15:00 AM;Treptower_Park;B_Trep_13;817DF33;Chani ;NA;recapture ;f;NA;adult;NA;NA;NA;NA ;6;81.8;583;501.2;very good ;very good;NA;NA;NA;NA;NA;NA;no;no;no;NA;no;NA;no;NA;no;NA;no;NA;no;NA;no;NA;no;NA;no;NA;no;NA;NA;12;sunny;SD.CL.MV;1;1;5;NA;;471
02.04.2025;Spring;8;8:16:00 AM;8:30:00 AM;Treptower_Park;B_Trep_08;815E3CB;Stitch;NA;recapture;m;NA;adult;217;174;56,8;NA ;3;158.4;554.2;395.8;very good ;very good;NA;NA;NA;NA;NA;NA;no;yes;no;NA;yes ;Sciurus_815E3CB_FAECES_02/04/25;yes;Sciurus_815E3CB_AFTER_02/04/25;yes;AKS13;no;NA;yes;Sciurus_815E3CB_FUR_02/04/25;no;NA;yes;Sciurus_815E3CB_ORAL_02/04/25;no;NA;yes;AKS13;NA;5;dry;SD.CL.KW.MV;0;0;4;NA;;472
02.04.2025;Spring;8;8:43:00 AM;8:57:00 AM;Treptower_Park;B_Trep_15;806170D;Valentine;NA;recapture ;m;NA;adult;244;185;56.5;NA ;3;159.2;579.4;420.2;very good ;very good;NA;NA;NA;NA;NA;NA;no;no;no;NA;yes ;Sciurus_806170D_FAECES_02/04/25;yes;Sciurus_806170D_AFTER_02/04/25;no;NA;no;NA;yes;Sciurus_806170D_FUR_02/04/25;no;NA;yes;Sciurus_806170D_ORAL_02/04/25;no;NA;no;NA;NA;4;dry;SD.CL.KW;4;1;4;NA;;473
02.04.2025;Spring;8;9:16:00 AM;9:27:00 AM;Treptower_Park;B_Trep_14;8043A46;Boyle ;NA;recapture ;m;NA;adult;219;180;53.2;NA ;3;160.4;560.1;399.7;very good ;very good;NA;NA;NA;NA;NA;NA;no;no;no;NA;yes ;Sciurus_8043A46_FAECES_02/04/25;yes;Sciurus_8043A46_AFTER_02/04/25;yes;AKS29;no;NA;yes;Sciurus_8043A46_FUR_02/04/25;no;NA;yes;Sciurus_8043A46_ORAL_02/04/25;no;NA;no;NA;NA;6;dry_cloudy;SD.CL.KW.MV;1;0;3;NA;;474
02.04.2025;Spring;8;9:38:00 AM;9:49:00 AM;Treptower_Park;B_Trep_13;8174D3B;Alvin ;NA;recapture ;m;NA;adult;236;166;59.4;NA ;3;159.4;531.9;372.5;very good ;very good;NA;NA;NA;NA;NA;NA;no;no;no;NA;yes ;Sciurus_8174D3B_FAECES_02/04/25;yes;Sciurus_8174D3B_AFTER_02/04/25;yes;AKS25;no;NA;yes;Sciurus_8174D3B_FUR_02/04/25;no;NA;yes;Sciurus_8174D3B_ORAL_02/04/25;no;NA;yes;AKS17;NA;7;dry_cloudy;SD.CL.KW.MV;4;1;4;NA;;475
02.04.2025;Spring;8;10:05:00 AM;10:25:00 AM;Treptower_Park;B_Trep_09;8047A69;Rapunzel;NA;capture ;f;NA;unknown;240;185;60.2;NA ;6;81.8;472.8;391;very good ;very good;NA;NA;NA;NA;NA;NA;yes;yes;yes;6;no;NA ;yes;Sciurus_8047A69_AFTER_02/04/25;yes;AKS15;no;NA;yes;Sciurus_8047A69_FUR_02/04/25;no;NA;yes;Sciurus_8047A69_ORAL_02/04/25;yes;Sciurus_8047A69_TISSUE_02/04/25;yes;AKS12;NA;7;dry_cloudy;SD.CL.CP;1;1;3;NA;476;476
02.04.2025;Spring;8;10:44:00 AM;10:59:00 AM;Treptower_Park;B_Trep_04;8043D9A;Estel;NA;recapture ;m;NA;adult;249;178;56.7;NA ;6;81.8;474.8;393;NA;NA;NA;NA;NA;NA;NA;NA;yes;yes;yes;14;yes ;Sciurus_8043D9A_FAECES_02/04/25;yes;Sciurus_8043D9A_AFTER_02/04/25;yes;AKS23;no;NA;yes;Sciurus_8043D9A_FUR_02/04/25;no;NA;yes;Sciurus_8043D9A_ORAL_02/04/25;yes;Sciurus_8043D9A_TISSUE_02/04/25;yes;AKS16;NA;9;sunny;SD.CL.CP;2;3;4;Fleas, changed Name to Estel before named Estelle;477;477
02.04.2025;Spring;8;11:22:00 AM;11:41:00 AM;Treptower_Park;B_Trep_08;8047997;Odysseus;NA;capture;m;NA;unknown;230;174;57.1;NA ;6;81.8;451.8;370;very good ;very good;NA;NA;NA;NA;NA;NA;yes ;yes;yes;27;yes ;Sciurus_8047997_FAECES_02/04/25;yes;Sciurus_8047997_AFTER_02/04/25;yes;AKS21;no;NA;yes;Sciurus_8047997_FUR_02/04/25;no;NA;yes;Sciurus_8047997_ORAL_02/04/25;yes;Sciurus_8047997_TISSUE_02/04/25;yes;AKS14;NA;9;sunny;SD.CL.KW;1;1;3;Fleas;478;478
03.04.2025;Spring;8;12:06:00 AM;12:14:00 AM;Lilienthal;B_Lilie_04;8049F6A;Emie;NA;recapture ;m;NA;adult;226;159;57.4;NA ;4;83.8;486.1;402.3;very good ;very good;NA;NA;NA;NA;NA;NA;no;no;no;NA;yes ;Sciurus_8049F6A_FAECES_03/04/25;yes;Sciurus_8049F6A_AFTER_03/04/25;no;NA;no;NA;yes;Sciurus_8049F6A_FUR_03/04/25;no;NA;yes;Sciurus_8049F6A_ORAL_03/04/25;no;NA;no;NA;NA;14;sunny;SD.CL.CP.MV;4;0;5;old wound on the nose;;479
03.04.2025;Spring;8;12:29:00 AM;12:34:00 AM;Lilienthal;B_Lilie_06;804C8B8;Alio;NA;recapture ;m;NA;adult;NA;NA ;Na;NA ;4;83.8;462.9;379.1;very good ;very good;NA;NA;NA;NA;NA;NA;no;no;no;NA;no;NA;no;NA;no;NA;no;NA;no;NA;no;NA;no;NA;no;NA;no;NA;NA;14;sunny;SD.CL.CP.MV;0;0;4;NA;;480
03.04.2025;Spring;8;8:08:00 AM;8:28:00 AM;Lilienthal;B_Lilie_11;817EED1;Alina;NA;recapture ;f;non;adult;235;172;52;NA ;5;143.7;593;449.3;very good ;very good;NA;NA;NA;NA;NA;NA;no;yes;no;NA;yes ;Sciurus_817EED1_FAECES_03/04/25;yes;Sciurus_817EED1_AFTER_03/04/25;yes;AKS08;no;NA;yes;Sciurus_817EED1_FUR_03/04/25;no;NA;yes;Sciurus_817EED1_ORAL_03/04/25;no;NA;yes;AKS19;NA;5;sunny;SD.CL.CP.MV.KW;0;1;3;NA;;481
03.04.2025;Spring;8;8:37:00 AM;8:47:00 AM;Lilienthal;B_Lilie_10;80618A8;Gandalf;NA;recapture ;m;NA;adult;243;195;61.8;NA ;5;143.7;589.8;446.1;very good ;very good;NA;NA;NA;NA;NA;NA;no;no;no;NA;no;NA;yes;Sciurus_80618A8_ AFTER_03/04/25;no;NA;no;NA;yes;Sciurus_80618A8_FUR_03/04/25;no;NA;yes;Sciurus_80618A8_ORAL_03/04/25;no;NA;no;NA;NA;6;sunny;SD.CL.CP.MV;2;0;2;NA;;482
03.04.2025;Spring;8;8:57:00 AM;9:10:00 AM;Lilienthal;B_Lilie_03;817EF5C;Tristan;NA;recapture ;m;NA;adult;240;161;59.5;NA ;4;83.8;466.9;383.1;very good ;very good;NA;NA;NA;NA;NA;NA;no;no;no;NA;yes ;Sciurus_817EF5C_FAECES_03/04/25;yes;Sciurus_817EF5C_AFTER_03/04/25;yes;AKS03;no;NA;yes;Sciurus_817EF5C_FUR_03/04/25;no;NA;yes;Sciurus_817EF5C_ORAL_03/04/25;yes;Sciurus_817EF5C_TISSUE_03/04/25;yes;AKS04;NA;6;sunny;SD.CL.CP.MV;3;1;2;NA;483;483
03.04.2025;Spring;8;9:17:00 AM;9:33:00 AM;Lilienthal;B_Lilie_09;815E7AC;Coco;NA;capture;f;Lactating;unknown;231;167;58.9;NA ;4;83.8;542.8;459;very good ;very good;NA;NA;NA;NA;NA;NA;no;no;no;NA;yes ;Sciurus_815E7AC_FAECES_03/04/25;yes;Sciurus_815E7AC_AFTER_03/04/25;no;NA;no;NA;yes;Sciurus_815E7AC_FUR_03/04/25;no;NA;yes;Sciurus_815E7AC_ORAL_03/04/25;yes;Sciurus_815E7AC_TISSUE_03/04/25;yes;AKS24;NA;7;sunny;SD.CL.CP.KW.MV;2;1;2;Tick at the ear, torn ears, old healed;484;484
03.04.2025;Spring;8;9:43:00 AM;9:53:00 AM;Lilienthal;B_Lilie_04;815E575;Poebel;NA;recapture ;m;NA;adult;251;163;57.8;NA ;4;83.8;442.2;358.4;very good ;very good;NA;NA;NA;NA;NA;NA;no;no;no;NA;no;NA;yes;Sciurus_815E575_AFTER_03/04/25;no;NA;no;NA;yes;Sciurus_815E575_FUR_03/04/25;no;NA;yes;Sciurus_815E575_ORAL_03/04/25;no;NA;no;NA;NA;8;sunny;SD.CL.CP.KW.MV;4;2;3;On the Nose, small wound;;485
03.04.2025;Spring;8;10:07:00 AM;10:20:00 AM;Lilienthal;B_Lilie_11;804C8B8;Alio;NA;recapture ;m;NA;adult;224;139;59.7;NA ;4;83.8;459.9;376.1;very good ;very good;NA;NA;NA;NA;NA;NA;no;no;no;NA;no;NA;yes;Sciurus_804C8B8_AFTER_03/04/25;yes;AKS20;no;NA;yes;Sciurus_804C8B8_FUR_03/04/25;no;NA;yes;Sciurus_804C8B8_ORAL_03/04/25;no;NA;yes;AKS22;NA;10;sunny;SD.CL.KW.CP.MV;2;0;2;NA;;486
03.04.2025;Spring;8;10:30:00 AM;10:42:00 AM;Lilienthal;B_Lilie_01;817F7DF;Alma;NA;recapture ;f;non;adult;211;140;56.5;NA ;4;83.8;491.1;407.3;very good ;very good;NA;NA;NA;NA;NA;NA;no;no;no;NA;no;NA;yes;Sciurus_817F7DF_AFTER_03/04/25;no;NA;no;NA;yes;Sciurus_817F7DF_FUR_03/04/25;no;NA;yes;Sciurus_817F7DF_ORAL_03/04/25;no;NA;yes;AKS06;NA;11;sunny;SD.CL.KW.CP.MV;2;3;2;NA;;487
03.04.2025;Spring;8;10:45:00 AM;11:05:00 AM;Lilienthal;B_Lilie_01;804804E;Renate;NA;recapture ;f;non;adult;229;168;55.3;NA ;4;83.8;482.2;398.4;very good ;very good;NA;NA;NA;NA;NA;NA;yes ;yes;no;NA;no;NA;yes;Sciurus_804804E_AFTER_03/04/25;no;NA;no;NA;yes;Sciurus_804804E_FUR_03/04/25;no;NA;yes;Sciurus_804804E_ORAL_03/04/25;no;NA;yes;AKS07;NA;11;sunny;SD.CL.KW.CP.MV;2;4;4;NA;;488
03.04.2025;Spring;8;11:12:00 AM;11:30:00 AM;Lilienthal;B_Lilie_08;815E928;Punky;NA;capture;m;NA;unknown;228;176;55;NA ;4;83.8;468.5;384.7;very good ;very good;NA;NA;NA;NA;NA;NA;yes ;yes;no;NA;no;NA;yes;Sciurus_815E928_AFTER_03/04/25;no;NA;no;NA;yes;Sciurus_815E928_FUR_03/04/25;no;NA;yes;Sciurus_815E928_ORAL_03/04/25;yes;Sciurus_815E928_TISSUE_03/04/25;yes;AKS27;NA;12;sunny;SD.CL..CP.MV;2;6;4;NA;489;489
03.04.2025;Spring;8;11:39:00 AM;11:50:00 AM;Lilienthal;B_Lilie_03;7F25184;Tornado-Ben;NA;capture;m;NA;unknown;NA;179;NA;NA ;8;NA;478.9;#WERT!;very bad;good;NA;NA;NA;NA;NA;NA;no;no;no;NA;no;NA;yes;Sciurus_7F25184_AFTER_03/04/25;no;NA;no;NA;no;NA;no;NA;no;NA;no;NA;no;NA;NA;13;sunny;SD.CL.KW.CP.MV;0;0;NA;Goes to the IZW vet because of a broken leg -> euthanized;;490
04.04.2025;Spring;8;12:07:00 AM;12:18:00 AM;Rahnsdorf;B_Rahn_02;80614A3;Lilly;NA;recapture ;f;pregnant;adult;241;192;56;NA ;5;145.9;711.1;565.2;very good ;very good;NA;NA;NA;NA;NA;NA;no;no;no;NA;no;NA ;yes;Sciururs_80614A3_AFTER_04/04/25;no;NA;no;NA;yes;Sciururs_80614A3_FUR_04/04/25;no;NA;yes;Sciururs_80614A3_ORAL_04/04/25;no;NA;no;NA;NA;18;sunny;SD.CL.CP.MV.KW;4;1;4;NA;;491
04.04.2025;Spring;8;9:37:00 AM;NA;Rahnsdorf;B_Rahn_05;7F24D77;Octavius;NA;capture;m;NA;unknown;212;168;59.6;NA ;5;145.9;505.9;360;very good;very good;NA;NA;NA;NA;NA;NA;yes ;yes;no;NA;yes ;Sciurus_7F24D77_FAECES_04/04/25;yes;Sciurus_7F24D77_AFTER_04/04/25;yes;AKR86;no;NA;yes;Sciurus_7F24D77_FUR_04/04/25;no;NA;yes;Sciurus_7F24D77_ORAL_04/04/25;yes;Sciurus_7F24D77_TISSUE_04/04/25;yes;AKR86;NA;13;dry_sunny;SD.CL.CP.MV.KW;0;0;4;a little blood;492;492
04.04.2025;Spring;8;10:11:00 AM;10:29:00 AM;Rahnsdorf;B_Rahn_11;80493C3;Evan;NA;capture;m;NA;unknown;220;179;58.3;NA ;7;84.2;439.4;355.2;good;very good;NA;NA;NA;NA;NA;NA;yes ;yes;yes;27;no;NA;yes;Sciurus_80493C3_AFTER_04/04/25;no;NA;no;NA;yes;Sciurus_80493C3_FUR_04/04/25;no;NA;yes;Sciurus_80493C3_ORAL_04/04/25;yes;Sciurus_80493C3_TISSUE_04/04/25;no;NA;NA;14;sunny;SD.CL.CP.MV;5;2;4;Fleas, hurt on top of his nose;493;493
04.04.2025;Spring;8;11:13:00 AM;11:27:00 AM;Rahnsdorf;B_Rahn_05;80441F3;Jule;NA;capture;f;NA;unknown;223;176;55.2;NA ;5;145.9;490.8;344.9;very good ;very good;NA;NA;NA;NA;NA;NA;no;no;no;NA;yes ;Sciurus_80441F3_FAECES_04/04/25;yes;Sciurus_80441F3_AFTER_04/04/25;yes;AKR92;no;NA;yes;Sciurus_80441F3_FUR_04/04/25;no;NA;yes;Sciurus_80441F3_ORAL_04/04/25;yes;Sciurus_80441F3_TISSUE_04/04/25;yes;AKR88;NA;16;sunny;SD.CL.CP.MV.KW;0;0;4;Fleas, small scratch on nose;494;494
09.04.2025;Spring;8;8:17:00 AM;8:26:00 AM;Treptower_Park;B_Trep_16;8061DA8;Haselnuss;NA;recapture ;m;NA;adult;223;161;56.8;NA ;6;NA;458.6;#WERT!;very good ;very good;NA;NA;NA;NA;NA;NA;no;no;no;NA;yes ;Sciurus_8061DA8_FAECES_09/04/25;yes;Sciurus_8061DA8_AFTER_09/04/25;yes;AKR94;no;NA;yes;Sciurus_8061DA8_FUR_09/04/25;no;NA;yes;Sciurus_8061DA8_ORAL_09/04/25;no;NA;no;NA;NA;6;cloudy;SD.JEU.CP;2;0;2;NA;;495
09.04.2025;Spring;8;8:48:00 AM;8:55:00 AM;Treptower_Park;B_Trep_08;815E3CB;Stitch;NA;recapture ;m;NA;adult;NA;NA;NA;NA ;6;NA;460.8;#WERT!;very good ;very good;NA;NA;NA;NA;NA;NA;no;no;no;NA;yes ;Sciurus_815E3CB_FAECES_09/04/25;no;NA;no;NA;no;NA;no;NA;no;NA;no;NA;no;NA;no;NA;NA;7;cloudy;SD.JEU.KW;1;1;3;Tree work while being trapped, noisy/loud;;496
09.04.2025;Spring;8;9:10:00 AM;9:24:00 AM;Treptower_Park;B_Trep_14;817DF33;Chani ;NA;recapture ;f;lactating;adult;238;174;58;NA ;7;NA;582.5;#WERT!;very good ;very good;NA;NA;NA;NA;NA;NA;no;yes;yes;21;yes ;Sciurus_817DF33_FAECES_09/04/25;yes;Sciurus_817DF33_AFTER_09/04/25;yes;AKR97;no;NA;yes;Sciurus_817DF33_FUR_09/04/25;no;NA;yes;Sciurus_817DF33_ORAL_09/04/25;no;NA;yes;AKR78;NA;8;cloudy;SD.JEU.MV;0;1;4;Fleas;;497
09.04.2025;Spring;8;9:40:00 AM;9:55:00 AM;Treptower_Park;B_Trep_09;8047A69;Rapunzel;NA;recapture ;f;lactating;unknown;NA;187;60.6;NA ;NA;NA;487.9;#WERT!;very good ;very good;NA;NA;NA;NA;NA;NA;no;no;no;NA;yes ;Sciurus_8047A69_FAECES_09/04/25;no;NA;no;NA;no;NA;no;NA;no;NA;no;NA;no;NA;no;NA;NA;7;cloudy;SD.JEU.CP;3;2;3;NA;;498
09.04.2025;Spring;8;10:14:00 AM;10:23:00 AM;Treptower_Park;B_Trep_06;806170D;Valentine;NA;recapture ;m;NA;adult;NA;194;52.7;NA ;5;NA;566.4;#WERT!;very good ;very good;NA;NA;NA;NA;NA;NA;no;no;no;NA;no;NA;no;NA;no;NA;no;NA;no;NA;no;NA;no;NA;no;NA;no;NA;NA;8;dry;SD.JEU.KW;1;0;4;NA;;499
09.04.2025;Spring;8;10:44:00 AM;11:00:00 AM;Treptower_Park;B_Trep_08;817FBA9;Vaiana;NA;capture;f;prominent nipples;unknown;231;173;59.4;NA ;5;NA;548.5;#WERT!;very good ;very good;NA;NA;NA;NA;NA;NA;no;no;no;NA;yes ;Sciurus_817FBA9_FAECES_09/04/25;yes;Sciurus_817FBA9_AFTER_09/04/25;yes;AKR90;no;NA;yes;Sciurus_817FBA9_FUR_09/04/25;no;NA;yes;Sciurus_817FBA9_ORAL_09/04/25;yes;Sciurus_817FBA9_TISSUE_09/04/25;yes;AKR98;NA;9;sunny;SD.JEU.KW;1;1;2;missing Fur at the Tail;500;500
09.04.2025;Spring;8;11:50:00 AM;11:59:00 AM;Treptower_Park;B_Trep_09;817F48A;Lilo;NA;recapture ;f;NA;adult;231;157;55.9;NA ;5;NA;556.3;#WERT!;very good ;very good;NA;NA;NA;NA;NA;NA;no;no;no;NA;no;NA;yes;Sciurus_817F48A_AFTER_09/04/25;no;NA;no;NA;yes;;no;NA;yes;Sciurus_817F48A_ORAL_09/04/25;no;NA;no;NA;NA;10;sunny;SD.JEU.CP.MV;2;1;4;NA;;501
10.04.2025;Spring;8;8:13:00 AM;8:17:00 AM;Lilienthal;B_Lilie_10;80618A8;Gandalf;NA;recapture ;m;NA;adult;NA;NA;NA;NA ;5;144.3;591.7;447.4;very good ;very good;NA;NA;NA;NA;NA;NA;no;no;no;NA;no;NA;no;NA;no;NA;no;NA;no;NA;no;NA;no;NA;no;NA;no;NA;NA;7;cloudy;SD.SKS.KW;0;0;3;NA;;502
10.04.2025;Spring;8;8:25:00 AM;8:35:00 AM;Lilienthal;B_Lilie_01;805BECE;Erend;NA;recapture ;m;NA;adult;249;162;60.6;NA ;5;144.3;572;427.7;very good ;very good;NA;NA;NA;NA;NA;NA;no;no;no;NA;no;NA;yes;Sciurus_805BECE_AFTER_10/04/25;no;NA;no;NA;yes;Sciurus_805BECE_FUR_10/04/25;no;NA;yes;Sciurus_805BECE_ORAL_10/04/25;no;NA;no;NA;NA;7;cloudy;SD.SKS.KW.MV.CP;2;1;4;NA;;503
10.04.2025;Spring;8;8:48:00 AM;9:05:00 AM;Lilienthal;B_Lilie_04;8047A91;Kotallo;NA;capture;m;NA;unknown;243;176;60.7;NA ;3;157.6;565.4;407.8;very good ;very good;NA;NA;NA;NA;NA;NA;yes ;yes;yes;3;no;NA;yes;Sciurus_8047A91_AFTER_10/04/25;no;NA;no;NA;yes;Sciurus_8047A91_FUR_10/04/25;no;NA;yes;Sciurus_8047A91_ORAL_10/04/25;yes;Sciurus_8047A91_TISSUE_10/04/25;yes;AKR79;NA;7;cloudy;SD.SKS.KW.MV;4;2;4;Small old wound (healed), bite wound on mouth(snout);504;504
10.04.2025;Spring;8;9:17:00 AM;9:24:00 AM;Lilienthal;B_Lilie_01;804C8B8;Alio;NA;recapture ;m;NA;adult;NA;141;60.1;NA ;4;83.8;484.2;400.4;very good ;very good;NA;NA;NA;NA;NA;NA;no;no;no;NA;yes ;Sciurus_804C8B8_FAECES_10/04/25;no;NA;yes;AKR82;no;NA;no;NA;no;NA;no;NA;no;NA;no;NA;NA;7;cloudy;SD.SKS.KW.MV.CP;1;0;2;Tail broken several times;;505
10.04.2025;Spring;8;9:41:00 AM;9:57:00 AM;Lilienthal;B_Lilie_10;8160698;Mario;NA;recapture ;m;NA;adult;246;187;61.5;NA ;8;73.4;476.3;402.9;very good ;very good;NA;NA;NA;NA;NA;NA;no;no;no;NA;yes ;Sciurus_8160698_FAECES_10/04/25;yes;Sciurus_8160698_AFTER_10/04/25;yes;AKR91;no;NA;yes;Sciurus_8160698_FUR_10/04/25;no;NA;yes;Sciurus_8160698_ORAL_10/04/25;yes;Sciurus_8160698_TISSUE_10/04/25;yes;AKR80;NA;6;cloudy;SD.SKS.CP;2;1;5;NA;506;506
10.04.2025;Spring;8;10:02:00 AM;10:19:00 AM;Lilienthal;B_Lilie_06;8062500;Karla;NA;recapture ;f;NA;adult;245;176;69.8;NA ;8;73.4;581.4;508;very good ;very good;NA;NA;NA;NA;NA;NA;no;no;no;NA;no;NA;yes;Sciurus_8062500_AFTER_10/04/25;no;NA;no;NA;yes;Sciurus_8062500_FUR_10/04/25;no;NA;yes;Sciurus_8062500_ORAL_10/04/25;no;NA;no;NA;NA;7;cloudy;SD.SKS.KW.MV.CP;1;0;4;NA;;507
10.04.2025;Spring;8;10:34:00 AM;10:46:00 AM;Lilienthal;B_Lilie_04;817FABF;Bert ;NA;recapture ;m;NA;adult;219;153;52.9;NA ;4;83.5;450.3;366.8;moderate;very good;NA;NA;NA;NA;NA;NA;no;no;no;NA;no;NA;yes;Sciurus_ 817FABF_AFTER_10/04/25;no;NA;no;NA;yes;NA;no;NA;yes;Sciurus_ 817FABF_ORAL_10/04/25;no;NA;no;NA;NA;9;sunny;SD.SKS.KW;2;0;5;torn ears, missing fur, see photos 06.04. SKS, Old wound on mouth;;508
10.04.2025;Spring;8;11:28:00 AM;11:32:00 AM;Lilienthal;B_Lilie_10;804804E;Renate;NA;recapture ;f;lactating;adult;NA;154;NA;NA ;4;83.5;490.6;407.1;very good ;very good;NA;NA;NA;NA;NA;NA;no;no;no;NA;yes ;Sciurus_804804E_FAECES_10/04/25;no;NA;yes;AKR93;no;NA;no;NA;no;NA;no;NA;no;NA;no;NA;NA;9;sunny;SD.SKS.KW.MV.CP;2;3;4;NA;;509
10.04.2025;Spring;8;11:56:00 AM;12:02:00 AM;Lilienthal;B_Lilie_03;815E575;Poebel;NA;recapture ;m;NA;adult;NA;170;58.9;NA ;4;83.5;454.5;371;very good ;very good;NA;NA;NA;NA;NA;NA;no;no;no;NA;no;NA;no;NA;no;NA;no;NA;no;NA;no;NA;no;NA;no;NA;no;NA;NA;11;sunny;SD.SKS.KW.MV.CP;4;3;4;NA;;510
11.04.2025;Spring;8;11:10:00 AM;11:18:00 AM;Rahnsdorf;B_Rahn_05;80441F3;Jule;NA;recapture ;f;NA;adult;NA;NA ;NA;NA ;10;82;432.7;350.7;very good ;very good;NA;NA;NA;NA;NA;NA;no;no;no;NA;yes ;Sciurus_80441F3_FAECES_10/04/25;no;NA;no;NA;no;NA;no;NA;no;NA;no;NA;no;NA;no;NA;NA;11;Cloudy;SD.SKS.KW.MV.CP;1;0;4;NA;;511
16.04.2025;Spring;8;8:08:00 AM;8:18:00 AM;Lilienthal;B_Lilie_10;804804E;Renate;NA;recapture ;f;lactating;adult;NA;NA;NA;NA ;10;82;491.3;409.3;very good ;very good;NA;NA;NA;NA;NA;NA;no;no;no;NA;no;NA;no;NA;no;NA;no;NA;no;NA;no;NA;no;NA;no;NA;no;NA;NA;15;sunny;SD.JEU.KW;4;3;4;red teats;;512
16.04.2025;Spring;8;8:23:00 AM;8:28:00 AM;Lilienthal;B_Lilie_01;805BECE;Erend;NA;recapture ;m;NA;adult;NA;NA;NA;NA ;10;82;513.9;431.9;very good ;very good;NA;NA;NA;NA;NA;NA;no;no;no;NA;yes ;Sciurus_805BECE_FAECES_16/04/25;no;NA;no;NA;no;NA;no;NA;no;NA;no;NA;no;NA;no;NA;NA;14;sunny;SD.JEU.KW.MV.CP;2;2;5;blood on the nose;;513
16.04.2025;Spring;8;8:38:00 AM;8:43:00 AM;Lilienthal;B_Lilie_08;8062500;Karla;NA;recapture ;f;NA;adult;NA;NA;NA;NA ;4;83.7;613;529.3;very good ;very good;NA;NA;NA;NA;NA;NA;no;no;no;NA;no;NA;no;NA;no;NA;no;NA;no;NA;no;NA;no;NA;no;NA;no;NA;NA;15;sunny;SD.JEU.MV.CP;1;0;NA;NA;;514
16.04.2025;Spring;8;8:53:00 AM;9:04:00 AM;Lilienthal;B_Lilie_02;8160575;Doris;NA;recapture ;f;lactating;adult;230;168;69.8;NA ;10;82;494.5;412.5;very good ;very good;NA;NA;NA;NA;NA;NA;yes ;yes;yes;36;yes ;Sciurus_8160575_FAECES_16/04/25;yes;Sciurus_8160575_AFTER_16/04/25;yes;AKR76;no;NA;yes;Sciurus_8160575_FUR_16/04/25;no;NA;yes;Sciurus_8160575_ORAL_16/04/25;no;NA;yes;AKS10;NA;16;sunny;SD.JEU.MV.CP;1;0;3;small wound on the nose(old healed), fleas, ;;515
16.04.2025;Spring;8;9:17:00 AM;9:25:00 AM;Lilienthal;B_Lilie_10;8160698;Mario;NA;recapture ;m;NA;unknown;248;184;NA;NA ;8;74.1;488.8;414.7;very good ;very good;NA;NA;NA;NA;NA;NA;no;no;no;NA;no;NA;no;NA;no;NA;no;NA;no;NA;no;NA;no;NA;no;NA;no;NA;NA;16;sunny;SD.JEU.KW.MV.CP;1;0;3;NA;;516
16.04.2025;Spring;8;10:32:00 AM;10:39:00 AM;Lilienthal;B_Lilie_04;8047A91;Kotallo;NA;recapture ;m;NA;unknown;NA;NA;NA;NA ;8;74.1;502.7;428.6;very good ;very good;NA;NA;NA;NA;NA;NA;no;no;no;NA;no;NA;no;NA;no;NA;no;NA;no;NA;no;NA;no;NA;no;NA;no;NA;NA;18;sunny;SD.JEU.KW.MV.CP;1;0;3;old wound on Nose, Fleas;;517
16.04.2025;Spring;8;11:07:00 AM;11:16:00 AM;Lilienthal;B_Lilie_05;804C8B8;Alio;NA;recapture ;m;NA;adult;NA;137;56.5;NA ;8;74.1;471.3;397.2;very good ;very good;NA;NA;NA;NA;NA;NA;no;no;no;NA;no;NA;no;NA;no;NA;no;NA;no;NA;no;NA;no;NA;no;NA;no;NA;NA;19;sunny;SD.JEU.KW.MV.CP;1;0;4;tail broken;;518
16.04.2025;Spring;8;11:33:00 AM;11:40:00 AM;Lilienthal;B_Lilie_09;815E575;Poebel;NA;recapture ;m;NA;adult;NA;NA;57.8;NA ;NA;NA;446.2;NA;very good ;very good;NA;NA;NA;NA;NA;NA;no;no;no;NA;yes ;Sciurus_815E575_FAECES_16/04/25;no;NA;no;NA;no;NA;no;NA;no;NA;no;NA;no;NA;no;NA;NA;20;sunny;SD.JEU.KW.MV.CP;3;3;4;Fleas, tic;;519
17.04.2025;Spring;8;9:29:00 AM;9:40:00 AM;Rahnsdorf;B_Rahn_11;8172614;Flora;NA;recapture ;f;lactating;adult;233;189;54.1;NA ;4;83.7;546.6;462.9;very good ;very good;NA;NA;NA;NA;NA;NA;no;no;no;NA;yes ;Sciurus_8172614_FAECES_17/04/25;yes;Sciurus_8172614_AFTER_17/04/25;yes;AKR77;no;NA;yes;Sciurus_8172614_FUR_17/04/25;no;NA;yes;Sciurus_8172614_ORAL_17/04/25;no;NA;yes;AKR99;NA;19;sunny;SD.NP.MV.CP;2;0;5;tic;;520
17.04.2025;Spring;8;10:04:00 AM;10:13:00 AM;Rahnsdorf;B_Rahn_14;7F24D77;Octavius;NA;recapture ;m;NA;unknown;NA;NA;NA;NA ;4;83.7;437.4;353.7;very good ;very good;NA;NA;NA;NA;NA;NA;no;no;no;NA;no;NA;no;NA;no;NA;no;NA;no;NA;no;NA;no;NA;no;NA;no;NA;NA;19;sunny;SD.NP.MV.CP;3;2;5;tic, fleas;;521
23.04.2025;Spring;8;12:03:00 AM;12:13:00 AM;Treptower_Park;B_Trep_16;817E733;Cinderella;NA;recapture ;f;lactating;adult;235;182;56.6;NA ;6;81.8;484.5;402.7;very good ;very good;NA;NA;NA;NA;NA;NA;no;no;no;NA;yes ;Sciurus_817E733_FAECES_23/04/25;yes;Sciurus_817E733_AFTER_23/04/25;yes;AKR84;no;NA;yes;Sciurus_817E733_FUR_23/04/25;no;NA;yes;Sciurus_817E733_ORAL_23/04/25;no;NA;yes;AKS11;NA;18;cloudy;SD.CL.CP.MV;0;2;4;NA;;522
23.04.2025;Spring;8;8:12:00 AM;8:17:00 AM;Treptower_Park;B_Trep_16;8047A69;Rapunzel;NA;recapture ;f;NA;unknown;NA;NA;NA;NA ;10;82;499.1;417.1;very good ;very good;NA;NA;NA;NA;NA;NA;no;no;no;NA;yes ;Sciurus_8047A69_FAECES_23/04/25;no;NA;no;NA;no;NA;no;NA;no;NA;no;NA;no;NA;no;NA;NA;11;sunny;SD.CL.CP;3;1;4;NA;;523
23.04.2025;Spring;8;8:40:00 AM;8:45:00 AM;Treptower_Park;B_Trep_14;8174D3B;Alvin;NA;recapture ;m;NA;adult;NA;NA;NA;NA ;10;82;469.8;387.8;very good ;very good;NA;NA;NA;NA;NA;NA;no;no;no;NA;yes ;Sciurus_8174D3B_FAECES_23/04/25;no;NA;no;NA;no;NA;no;NA;no;NA;no;NA;no;NA;no;NA;NA;12;sunny;SD.CL.MV;1;1;4;NA;;524
23.04.2025;Spring;8;9:00:00 AM;9:17:00 AM;Treptower_Park;B_Trep_16;817F22B;Snow White;NA;recapture ;f;prominent nipples;adult;246;171;56.8;NA ;10;82;530.1;448.1;very good ;very good;NA;NA;NA;NA;NA;NA;yes ;yes;yes;36;yes ;Sciurus_817F22B_FAECES_23/04/25;yes;Sciurus_817F22B_AFTER_23/04/25;yes;AKR96;no;NA;yes;Sciurus_817F22B_FUR_23/04/25;no;NA;yes;Sciurus_817F22B_ORAL_23/04/25;no;NA;yes;AKS01;NA;13;sunny;SD.CL.CP;2;3;4;vocalizing(moaning) during handling, prob. lectating;;525
23.04.2025;Spring;8;9:43:00 AM;9:58:00 AM;Treptower_Park;B_Trep_04;8049A4F;Simon;NA;recapture ;m;NA;adult;245;174;58.3;NA ;4;83.7;456.5;372.8;very good ;very good;NA;NA;NA;NA;NA;NA;no;no;no;NA;no;NA;yes;Sciurus_8049A4F_AFTER_23/04/25;yes;AKR68;no;NA;yes;Sciurus_8049A4F_FUR_23/04/25;no;NA;yes;Sciurus_8049A4F_ORAL_23/04/25;no;NA;yes;AKR85;NA;15;dry_sunny;SD.CL.CP;1;4;4;a little bit tricky to handle, didnt go in the bag immediately, broken tail-> old fractnce,vocalizing in the bag, smelled bad;;526
23.04.2025;Spring;8;11:03:00 AM;11:16:00 AM;Treptower_Park;B_Trep_14;7F24FC4;Hummus;NA;recapture ;f;lactating;adult;247;174;60.3;NA ;4;83.7;537.1;453.4;good;very good;NA;NA;NA;NA;NA;NA;yes ;yes;yes;21;yes ;Sciurus_7F24FC4_FAECES_23/04/25;yes;Sciurus_7F24FC4_AFTER_23/04/25;yes;AKS09;no;NA;yes;Sciurus_7F24FC4_FUR_23/04/25;no;NA;yes;Sciurus_7F24FC4_ORAL_23/04/25;no;NA;yes;AKR87;NA;16;dry_sunny;SD.CL.MV;2;0;4;torn ears, especially right, schwanz ruhig feh???;;527
23.04.2025;Spring;8;11:35:00 AM;11:42:00 AM;Treptower_Park;B_Trep_06;806170D;Valentine;NA;recapture ;m;NA;adult;NA;NA;NA;NA ;4;83.5;512.9;429.4;very good ;very good;NA;NA;NA;NA;NA;NA;no;no;no;NA;yes ;Sciurus_806170D_FAECES_23/04/25;no;NA;no;NA;no;NA;no;NA;no;NA;no;NA;no;NA;no;NA;NA;18;dry_sunny;SD.CL.KW;2;2;4;NA;;528
24.04.2025;Spring;8;9:17:00 AM;9:26:00 AM;Rahnsdorf;B_Rahn_03;8172614;Flora;NA;recapture ;f;teats clearly recognizable;adult;NA;196;58.8;NA ;8;75.1;523;447.9;very good ;very good;NA;NA;NA;NA;NA;NA;no;no;no;NA;yes;Sciurus_8172614_FAECES_24/04/25;no;NA;no;NA;no;NA;no;NA;no;NA;no;NA;no;NA;no;NA;NA;12;cloudy;SD.CL.CP.MV;1;0;4;2 tubes with Faeces;;529
30.04.2025;Spring;8;8:04:00 AM;8:07:00 AM;Lilienthal;B_Lilie_06;80618A8;Gandalf;NA;recapture;m;NA;adult;NA;NA;NA;NA ;4;83.7;516.7;433;very good;very good;NA;NA;NA;NA;NA;NA;no;no;no;no;no;NA;no;NA;no;;no;NA;no;NA;no;NA;no;NA;no;NA;no;NA;NA;13;sunny;SD.MV.CP.KW;0;0;4;NA;;530
30.04.2025;Spring;8;8:14:00 AM;8:18:00 AM;Lilienthal;B_Lilie_10;805BECE;Erend;NA;recapture ;m;NA;adult;NA;NA;NA;NA ;4;83.7;508.5;424.8;very good ;very good;NA;NA;NA;NA;NA;NA;no;no;no;NA;yes;Sciurus_805BECE_FAECES_30/04/25;no;NA;no;;no;NA;no;NA;no;NA;no;NA;no;NA;no;NA;NA;13;sunny;SD.MV.CP.KW;3;1;4;Snout looked good again;;531
30.04.2025;Spring;8;9:11:00 AM;9:18:00 AM;Lilienthal;B_Lilie_10;816069;Mario;NA;recapture ;m;NA;unknown;NA;NA;NA;NA ;4;84.4;499.9;415.5;very good ;very good;NA;NA;NA;NA;NA;NA;no;no;no;NA;yes;Sciurus_8160698_FAECES_30/04/25;no;NA;no;;no;NA;no;NA;no;NA;no;NA;no;NA;no;NA;NA;15;sunny;SD.MV.CP.KW.CL;0;0;4;NA;;532
30.04.2025;Spring;8;10:05:00 AM;10:13:00 AM;Lilienthal;B_Lilie_11;817EED1;Alina;NA;recapture ;f;Lactating;adult;NA;NA;NA;NA ;4;84.4;516.7;432.3;very good ;very good;NA;NA;NA;NA;NA;NA;no;no;no;NA;yes;Sciurus_817EED1_FAECES_30/04/25;no;NA;no;;no;NA;no;NA;no;NA;no;NA;no;NA;no;NA;NA;16;sunny;SD.MV.CP.KW.CL;0;2;3;3 Tubes with Faeces;;533
30.04.2025;Spring;8;11:08:00 AM;11:17:00 AM;Lilienthal;B_Lilie_06;8062500;Karla;NA;recapture ;f;NA;adult;NA;NA;NA;NA ;10;80.2;551.1;470.9;very good ;very good;NA;NA;NA;NA;NA;NA;yes;no;no;NA;yes;Sciurus_8062500_FAECES_30/04/25;no;NA;yes;AKR58;no;NA;no;NA;no;NA;no;NA;no;NA;yes;AKR81;NA;18;sunny;SD.MV.CP.KW.CL;1;0;2;NA;;534
30.04.2025;Spring;8;11:20:00 AM;11:29:00 AM;Lilienthal;B_Lilie_05;80618A8;Gandalf;NA;recapture ;m;NA;adult;NA;NA;NA;NA ;10;80.2;517.4;437.2;very good ;very good;NA;NA;NA;NA;NA;NA;no;no;no;NA;yes;Sciurus_80618A8_FAECES_30/04/25;no;NA;no;;no;NA;no;NA;no;NA;no;NA;no;NA;no;NA;NA;18;sunny;SD.MV.CP.KW.CL;1;0;4;NA;;535
07.05.2025;Spring;8;8:18:00 AM;8:26:00 AM;Treptower_Park;B_Trep_04;8043D9A;Estel;NA;recapture ;m;NA;adult;NA;NA;NA;NA ;6;78;462.6;384.6;very good ;very good;NA;NA;NA;NA;NA;NA;no;no;no;NA;yes;Sciurus_8043D9A_FAECES_07/05/25;no;NA;no;;no;NA;no;NA;no;NA;no;NA;no;NA;no;NA;NA;10;sunny;SD.NP.CP.UW;1;0;4;Fleas;;536
07.05.2025;Spring;8;8:40:00 AM;8:45:00 AM;Treptower_Park;B_Trep_16;817F22B;Snow White;NA;recapture ;f;Lactating;adult;NA;NA;NA;NA ;6;78;496.7;418.7;good;very good;NA;NA;NA;NA;NA;NA;no;no;no;NA;yes;Sciurus_817F22B_FAECES_07/05/25;no;NA;no;;no;NA;no;NA;no;NA;no;NA;no;NA;no;NA;NA;10;sunny;SD.NP.CP.UW;0;0;4;Missing hand part of toe (2nd from the left) seemed healed not new;;537
07.05.2025;Spring;8;9:23:00 AM;9:30:00 AM;Treptower_Park;B_Trep_04;817E733;Cinderella;NA;recapture ;f;NA;adult;NA;174;NA;NA ;NA;NA;474.2;NA;very good ;very good;NA;NA;NA;NA;NA;NA;no;no;no;NA;yes;Sciurus_817E733_FAECES_07/05/25;no;NA;no;;no;NA;no;NA;no;NA;no;NA;no;NA;no;NA;NA;11;sunny;SD.NP.CP.UW;0;1;2;NA;;538
07.05.2025;Spring;8;9:50:00 AM;10:00:00 AM;Treptower_Park;B_Trep_08;815E3CB;Stitch;NA;recapture ;m;NA;adult;NA;177;57.6;NA ;6;78;462.4;384.4;good;very good;NA;NA;NA;NA;NA;NA;no;no;no;NA;yes;Sciurus_815E3CB_FAECES_07/05/25;no;NA;no;;no;NA;no;NA;no;NA;no;NA;no;NA;no;NA;NA;11;sunny;SD.KW.NP.UW;0;1;5;maybe brocken tail or a bite  in Tail;;539
08.05.2025;Spring;8;11:52:00 AM;11:54:00 AM;Rahnsdorf;B_Rahn_08;7F24D77;Octavius;NA;recapture ;m;NA;unknown;NA;NA;NA;NA ;4;85;463.7;378.7;very good ;very good;NA;NA;NA;NA;NA;NA;no;no;no;NA;yes;Sciurus_7F24D77_FAECES_08/05/25;no;NA;no;;no;NA;no;NA;no;NA;no;NA;no;NA;no;NA;NA;14;sunny;SD.MV.CP.KW;1;1;4;NA;;540
09.05.2025;Spring;8;9:03:00 AM;9:13:00 AM;Lilienthal;B_Lilie_10;80618A8;Gandalf;NA;recapture ;m;NA;adult;NA;194;60.9;NA ;5;143.2;587.8;444.6;very good ;very good;NA;NA;NA;NA;NA;NA;no;no;no;NA;no;NA;no;NA;no;;no;NA;no;NA;no;NA;no;NA;no;NA;no;NA;NA;12;sunny;SD.MV.CP.KW.UW;3;1;2;NA;;541
09.05.2025;Spring;8;9:55:00 AM;10:00:00 AM;Lilienthal;B_Lilie_01;817F7DF;Alma;NA;recapture ;f;NA;adult;NA;157;NA;NA ;7;83.1;480.5;397.4;very good ;very good;NA;NA;NA;NA;NA;NA;no;no;no;NA;yes;Sciurus_817F7DF_FAECES_09/05/25;no;NA;yes;AKR70;no;NA;no;NA;no;NA;no;NA;no;NA;no;NA;NA;13;sunny_cloudy;SD.MV.CP.KW.UW;0;2;3;Broken Tail one time, Healed;;542
09.05.2025;Spring;8;10:45:00 AM;10:50:00 AM;Lilienthal;B_Lilie_08;805BECE;Erend;NA;recapture ;m;NA;adult;NA;NA;NA;NA ;7;83.1;500.3;417.2;good;very good;NA;NA;NA;NA;NA;NA;no;no;no;NA;yes;Sciurus_805BECE_FAECES_09/05/25;no;NA;no;;no;NA;no;NA;no;NA;no;NA;no;NA;no;NA;NA;16;sunny;SD.MV.CP.KW.UW;4;0;3;Bleeding on the nose left side, a little bit;;543
09.05.2025;Spring;8;11:01:00 AM;11:10:00 AM;Lilienthal;B_Lilie_10;804804E;Renate;NA;recapture ;f;NA;adult;NA;NA;NA;NA ;7;83.1;480.6;397.5;very good ;very good;NA;NA;NA;NA;NA;NA;no;no;no;NA;no;NA;no;NA;no;;no;NA;no;NA;no;NA;no;NA;no;NA;no;NA;NA;15;sunny;SD.MV.CP.KW.UW;1;6;4;NA;;544
09.05.2025;Spring;8;11:49:00 AM;11:52:00 AM;Lilienthal;B_Lilie_09;817EF5C;Tristan;NA;recapture ;m;NA;adult;NA;NA;NA;NA ;7;83.1;463;379.9;very good ;very good;NA;NA;NA;NA;NA;NA;no;no;no;NA;no;NA;no;NA;no;;no;NA;no;NA;no;NA;no;NA;no;NA;no;NA;NA;16;sunny;SD.MV.CP.KW.UW;1;2;4;NA;;545
14.05.2025;Spring;8;7:53:00 AM;8:06:00 AM;Treptower_Park;B_Trep_05;808EE65;Leslie;NA;recapture ;f;NA;adult;208;166;57;NA ;7;83.1;519.6;436.5;very good ;very good;NA;NA;NA;NA;NA;NA;yes;yes;no;NA;yes;Sciurus_808EE65_FAECES_14/05/25;yes;Sciurus_808EE65_AFTER_14/05/25;yes;AKR67;no;NA;yes;Sciurus_808EE65_FUR_14/05/25;no;NA;yes;Sciurus_808EE65_ORAL_14/05/25;no;NA;yes;AKR75;NA;13;sunny;SD.NP.CP;2;3;3;NA;;546
14.05.2025;Spring;8;9:39:00 AM;9:41:00 AM;Treptower_Park;B_Trep_04;817E733;Cinderella;NA;recapture ;f;NA;adult;NA ;NA ;NA ;NA ;7;83.1;482.8;399.7;very good ;very good;NA;NA;NA;NA;NA;NA;no;no;no;NA;no;NA;no;NA;no;;no;NA;no;NA;no;NA;no;NA;no;NA;no;NA;NA;18;sunny;SD.NP.CP;0;1;3;NA;;547
14.05.2025;Spring;8;10:05:00 AM;10:10:00 AM;Treptower_Park;B_Trep_06;806170D;Valentine;NA;recapture ;m;NA;adult;NA ;NA ;NA ;NA ;10;80;508.8;428.8;very good ;very good;NA;NA;NA;NA;NA;NA;no;no;no;NA;yes;Sciurus_806170D_FAECES_14/05/25;no;NA;no;;no;NA;no;NA;no;NA;no;NA;no;NA;no;NA;NA;19;windy_sunny;SD.NP.KW;1;0;3;NA;;548
14.05.2025;Spring;8;11:13:00 AM;11:21:00 AM;Treptower_Park;B_Trep_16;8061DA8;Haselnuss;NA;recapture ;m;NA;adult;NA ;NA ;NA ;NA ;10;80;480;400;very good ;very good;NA;NA;NA;NA;NA;NA;yes;yes;no;NA;yes;Sciurus_8061DA8_FAECES_14/05/25;no;NA;no;;no;NA;no;NA;no;NA;no;NA;no;NA;yes;AKR59;NA;20;sunny;SD.NP.CP;2;0;2;NA;;549
